EmployeeKey,DateKey,WorkedHours,WorkedDays,Salary,HeadcountFlag,TenureMonths,DepartmentKey,PositionKey,date_fk
62.0,20250101.0,153.0,0.0,0.0,1.0,36.0,3.0,13.0,
62.0,20250101.0,99.0,0.0,0.0,1.0,36.0,3.0,13.0,
62.0,20231001.0,198.0,0.0,0.0,1.0,21.0,3.0,13.0,
62.0,20220101.0,180.0,0.0,0.0,1.0,0.0,3.0,13.0,
62.0,20230401.0,116.5,0.0,0.0,1.0,15.0,3.0,13.0,
62.0,20230301.0,174.0,0.0,0.0,1.0,14.0,3.0,13.0,
62.0,20250501.0,180.0,0.0,0.0,1.0,40.0,3.0,13.0,
62.0,20230101.0,180.0,0.0,0.0,1.0,12.0,3.0,13.0,
62.0,20240801.0,180.0,0.0,0.0,1.0,31.0,3.0,13.0,
62.0,20241101.0,189.0,0.0,0.0,1.0,34.0,3.0,13.0,
62.0,20220501.0,180.0,0.0,0.0,1.0,4.0,3.0,13.0,
62.0,20241001.0,207.0,0.0,0.0,1.0,33.0,3.0,13.0,
62.0,20240601.0,162.0,0.0,0.0,1.0,29.0,3.0,13.0,
62.0,20250301.0,126.0,0.0,0.0,1.0,38.0,3.0,13.0,
62.0,20230201.0,171.0,0.0,0.0,1.0,13.0,3.0,13.0,
62.0,20240201.0,189.0,0.0,0.0,1.0,25.0,3.0,13.0,
62.0,20230101.0,171.0,0.0,0.0,1.0,12.0,3.0,13.0,
62.0,20240301.0,145.0,0.0,0.0,1.0,26.0,3.0,13.0,
62.0,20220401.0,149.0,0.0,0.0,1.0,3.0,3.0,13.0,
62.0,20220601.0,189.0,0.0,0.0,1.0,5.0,3.0,13.0,
62.0,20241201.0,126.0,0.0,0.0,1.0,35.0,3.0,13.0,
62.0,20230801.0,162.0,0.0,0.0,1.0,19.0,3.0,13.0,
62.0,20240901.0,189.0,0.0,0.0,1.0,32.0,3.0,13.0,
62.0,20231201.0,144.0,0.0,0.0,1.0,23.0,3.0,13.0,
62.0,20221001.0,189.0,0.0,0.0,1.0,9.0,3.0,13.0,
62.0,20240101.0,171.0,0.0,0.0,1.0,24.0,3.0,13.0,
62.0,20230501.0,198.0,0.0,0.0,1.0,16.0,3.0,13.0,
62.0,20250601.0,177.0,0.0,0.0,1.0,41.0,3.0,13.0,
62.0,20230901.0,180.0,0.0,0.0,1.0,20.0,3.0,13.0,
62.0,20240401.0,140.5,0.0,0.0,1.0,27.0,3.0,13.0,
62.0,20231101.0,189.0,0.0,0.0,1.0,22.0,3.0,13.0,
62.0,20250201.0,153.0,0.0,0.0,1.0,37.0,3.0,13.0,
62.0,20230601.0,160.0,0.0,0.0,1.0,17.0,3.0,13.0,
62.0,20250401.0,189.0,0.0,0.0,1.0,39.0,3.0,13.0,
62.0,20221201.0,135.0,0.0,0.0,1.0,11.0,3.0,13.0,
62.0,20220301.0,189.0,0.0,0.0,1.0,1.0,3.0,13.0,
62.0,20221101.0,189.0,0.0,0.0,1.0,10.0,3.0,13.0,
62.0,20220201.0,180.0,0.0,0.0,1.0,1.0,3.0,13.0,
62.0,20240101.0,180.0,0.0,0.0,1.0,24.0,3.0,13.0,
62.0,20240501.0,198.0,0.0,0.0,1.0,28.0,3.0,13.0,
62.0,20220101.0,162.0,0.0,0.0,1.0,0.0,3.0,13.0,
62.0,20220901.0,198.0,0.0,0.0,1.0,8.0,3.0,13.0,
63.0,20250101.0,180.0,0.0,0.0,1.0,36.0,3.0,22.0,
63.0,20250101.0,99.0,0.0,0.0,1.0,36.0,3.0,22.0,
63.0,20231001.0,198.0,0.0,0.0,1.0,21.0,3.0,22.0,
63.0,20220101.0,144.0,0.0,0.0,1.0,0.0,3.0,22.0,
63.0,20230401.0,32.5,0.0,0.0,1.0,15.0,3.0,22.0,
63.0,20230301.0,180.5,0.0,0.0,1.0,14.0,3.0,22.0,
63.0,20250501.0,189.0,0.0,0.0,1.0,40.0,3.0,22.0,
63.0,20230101.0,198.0,0.0,0.0,1.0,12.0,3.0,22.0,
63.0,20240801.0,180.0,0.0,0.0,1.0,31.0,3.0,22.0,
63.0,20241101.0,153.0,0.0,0.0,1.0,34.0,3.0,22.0,
63.0,20220501.0,180.0,0.0,0.0,1.0,4.0,3.0,22.0,
63.0,20241001.0,207.0,0.0,0.0,1.0,33.0,3.0,22.0,
63.0,20240601.0,153.0,0.0,0.0,1.0,29.0,3.0,22.0,
63.0,20250301.0,126.0,0.0,0.0,1.0,38.0,3.0,22.0,
63.0,20230201.0,180.0,0.0,0.0,1.0,13.0,3.0,22.0,
63.0,20240201.0,189.0,0.0,0.0,1.0,25.0,3.0,22.0,
63.0,20230101.0,144.0,0.0,0.0,1.0,12.0,3.0,22.0,
63.0,20240301.0,145.0,0.0,0.0,1.0,26.0,3.0,22.0,
63.0,20220401.0,149.0,0.0,0.0,1.0,3.0,3.0,22.0,
63.0,20220601.0,198.0,0.0,0.0,1.0,5.0,3.0,22.0,
63.0,20241201.0,126.0,0.0,0.0,1.0,35.0,3.0,22.0,
63.0,20230801.0,207.0,0.0,0.0,1.0,19.0,3.0,22.0,
63.0,20240901.0,180.0,0.0,0.0,1.0,32.0,3.0,22.0,
63.0,20231201.0,144.0,0.0,0.0,1.0,23.0,3.0,22.0,
63.0,20221001.0,189.0,0.0,0.0,1.0,9.0,3.0,22.0,
63.0,20240101.0,162.0,0.0,0.0,1.0,24.0,3.0,22.0,
63.0,20230501.0,198.0,0.0,0.0,1.0,16.0,3.0,22.0,
63.0,20250601.0,177.0,0.0,0.0,1.0,41.0,3.0,22.0,
63.0,20230901.0,162.0,0.0,0.0,1.0,20.0,3.0,22.0,
63.0,20240401.0,140.5,0.0,0.0,1.0,27.0,3.0,22.0,
63.0,20231101.0,198.0,0.0,0.0,1.0,22.0,3.0,22.0,
63.0,20250201.0,180.0,0.0,0.0,1.0,37.0,3.0,22.0,
63.0,20230601.0,169.0,0.0,0.0,1.0,17.0,3.0,22.0,
63.0,20250401.0,189.0,0.0,0.0,1.0,39.0,3.0,22.0,
63.0,20221201.0,126.0,0.0,0.0,1.0,11.0,3.0,22.0,
63.0,20220301.0,153.0,0.0,0.0,1.0,1.0,3.0,22.0,
63.0,20221101.0,198.0,0.0,0.0,1.0,10.0,3.0,22.0,
63.0,20220201.0,144.0,0.0,0.0,1.0,1.0,3.0,22.0,
63.0,20240501.0,198.0,0.0,0.0,1.0,28.0,3.0,22.0,
63.0,20220101.0,189.0,0.0,0.0,1.0,0.0,3.0,22.0,
63.0,20220901.0,198.0,0.0,0.0,1.0,8.0,3.0,22.0,
64.0,20250101.0,186.63,0.0,0.0,1.0,36.0,1.0,1.0,
64.0,20250101.0,126.9,0.0,0.0,1.0,36.0,1.0,1.0,
64.0,20231001.0,200.86,0.0,0.0,1.0,21.0,1.0,1.0,
64.0,20220101.0,150.86,0.0,0.0,1.0,0.0,1.0,1.0,
64.0,20230401.0,132.1,0.0,0.0,1.0,15.0,1.0,1.0,
64.0,20230301.0,181.58,0.0,0.0,1.0,14.0,1.0,1.0,
64.0,20250501.0,183.36,0.0,0.0,1.0,40.0,1.0,1.0,
64.0,20230101.0,199.94,0.0,0.0,1.0,12.0,1.0,1.0,
64.0,20240801.0,91.6,0.0,0.0,1.0,31.0,1.0,1.0,
64.0,20241101.0,192.43,0.0,0.0,1.0,34.0,1.0,1.0,
64.0,20220501.0,175.1,0.0,0.0,1.0,4.0,1.0,1.0,
64.0,20241001.0,204.97,0.0,0.0,1.0,33.0,1.0,1.0,
64.0,20240601.0,155.69,0.0,0.0,1.0,29.0,1.0,1.0,
64.0,20250301.0,134.82,0.0,0.0,1.0,38.0,1.0,1.0,
64.0,20230201.0,171.96,0.0,0.0,1.0,13.0,1.0,1.0,
64.0,20240201.0,182.64,0.0,0.0,1.0,25.0,1.0,1.0,
64.0,20230101.0,187.04,0.0,0.0,1.0,12.0,1.0,1.0,
64.0,20240301.0,144.69,0.0,0.0,1.0,26.0,1.0,1.0,
64.0,20220401.0,133.61,0.0,0.0,1.0,3.0,1.0,1.0,
64.0,20220601.0,163.6,0.0,0.0,1.0,5.0,1.0,1.0,
64.0,20241201.0,152.92,0.0,0.0,1.0,35.0,1.0,1.0,
64.0,20230801.0,81.93,0.0,0.0,1.0,19.0,1.0,1.0,
64.0,20240901.0,192.12,0.0,0.0,1.0,32.0,1.0,1.0,
64.0,20231201.0,127.26,0.0,0.0,1.0,23.0,1.0,1.0,
64.0,20221001.0,181.9,0.0,0.0,1.0,9.0,1.0,1.0,
64.0,20240101.0,201.45,0.0,0.0,1.0,24.0,1.0,1.0,
64.0,20230501.0,191.0,0.0,0.0,1.0,16.0,1.0,1.0,
64.0,20250601.0,153.27,0.0,0.0,1.0,41.0,1.0,1.0,
64.0,20230901.0,171.08,0.0,0.0,1.0,20.0,1.0,1.0,
64.0,20240401.0,164.82,0.0,0.0,1.0,27.0,1.0,1.0,
64.0,20231101.0,200.79,0.0,0.0,1.0,22.0,1.0,1.0,
64.0,20250201.0,159.58,0.0,0.0,1.0,37.0,1.0,1.0,
64.0,20230601.0,170.31,0.0,0.0,1.0,17.0,1.0,1.0,
64.0,20250401.0,192.14,0.0,0.0,1.0,39.0,1.0,1.0,
64.0,20221201.0,144.53,0.0,0.0,1.0,11.0,1.0,1.0,
64.0,20220301.0,189.03,0.0,0.0,1.0,1.0,1.0,1.0,
64.0,20221101.0,194.72,0.0,0.0,1.0,10.0,1.0,1.0,
64.0,20220201.0,179.72,0.0,0.0,1.0,1.0,1.0,1.0,
64.0,20240101.0,187.17,0.0,0.0,1.0,24.0,1.0,1.0,
64.0,20240501.0,182.58,0.0,0.0,1.0,28.0,1.0,1.0,
64.0,20220101.0,153.99,0.0,0.0,1.0,0.0,1.0,1.0,
64.0,20220901.0,188.9,0.0,0.0,1.0,8.0,1.0,1.0,
65.0,20250101.0,189.5,0.0,0.0,1.0,36.0,1.0,11.0,
65.0,20250101.0,123.66,0.0,0.0,1.0,36.0,1.0,11.0,
65.0,20231001.0,200.56,0.0,0.0,1.0,21.0,1.0,11.0,
65.0,20220101.0,161.95,0.0,0.0,1.0,0.0,1.0,11.0,
65.0,20230401.0,121.53,0.0,0.0,1.0,15.0,1.0,11.0,
65.0,20230301.0,179.75,0.0,0.0,1.0,14.0,1.0,11.0,
65.0,20250501.0,135.89,0.0,0.0,1.0,40.0,1.0,11.0,
65.0,20230101.0,182.8,0.0,0.0,1.0,12.0,1.0,11.0,
65.0,20240801.0,202.96,0.0,0.0,1.0,31.0,1.0,11.0,
65.0,20241101.0,161.28,0.0,0.0,1.0,34.0,1.0,11.0,
65.0,20220501.0,162.37,0.0,0.0,1.0,4.0,1.0,11.0,
65.0,20241001.0,146.57,0.0,0.0,1.0,33.0,1.0,11.0,
65.0,20240601.0,109.46,0.0,0.0,1.0,29.0,1.0,11.0,
65.0,20250301.0,99.48,0.0,0.0,1.0,38.0,1.0,11.0,
65.0,20230201.0,185.0,0.0,0.0,1.0,13.0,1.0,11.0,
65.0,20240201.0,181.69,0.0,0.0,1.0,25.0,1.0,11.0,
65.0,20230101.0,169.01,0.0,0.0,1.0,12.0,1.0,11.0,
65.0,20240301.0,76.96,0.0,0.0,1.0,26.0,1.0,11.0,
65.0,20220401.0,149.8,0.0,0.0,1.0,3.0,1.0,11.0,
65.0,20220601.0,198.4,0.0,0.0,1.0,5.0,1.0,11.0,
65.0,20241201.0,179.1,0.0,0.0,1.0,35.0,1.0,11.0,
65.0,20230801.0,180.85,0.0,0.0,1.0,19.0,1.0,11.0,
65.0,20240901.0,165.23,0.0,0.0,1.0,32.0,1.0,11.0,
65.0,20231201.0,146.07,0.0,0.0,1.0,23.0,1.0,11.0,
65.0,20221001.0,189.09,0.0,0.0,1.0,9.0,1.0,11.0,
65.0,20240101.0,141.47,0.0,0.0,1.0,24.0,1.0,11.0,
65.0,20230501.0,139.41,0.0,0.0,1.0,16.0,1.0,11.0,
65.0,20250601.0,164.69,0.0,0.0,1.0,41.0,1.0,11.0,
65.0,20230901.0,157.5,0.0,0.0,1.0,20.0,1.0,11.0,
65.0,20240401.0,108.23,0.0,0.0,1.0,27.0,1.0,11.0,
65.0,20231101.0,131.49,0.0,0.0,1.0,22.0,1.0,11.0,
65.0,20250201.0,114.36,0.0,0.0,1.0,37.0,1.0,11.0,
65.0,20230601.0,150.33,0.0,0.0,1.0,17.0,1.0,11.0,
65.0,20250401.0,143.95,0.0,0.0,1.0,39.0,1.0,11.0,
65.0,20221201.0,192.9,0.0,0.0,1.0,11.0,1.0,11.0,
65.0,20220301.0,214.42,0.0,0.0,1.0,1.0,1.0,11.0,
65.0,20221101.0,149.26,0.0,0.0,1.0,10.0,1.0,11.0,
65.0,20220201.0,187.54,0.0,0.0,1.0,1.0,1.0,11.0,
65.0,20240101.0,171.27,0.0,0.0,1.0,24.0,1.0,11.0,
65.0,20240501.0,154.93,0.0,0.0,1.0,28.0,1.0,11.0,
65.0,20220101.0,0.0,0.0,0.0,1.0,0.0,1.0,11.0,
65.0,20220901.0,197.52,0.0,0.0,1.0,8.0,1.0,11.0,
66.0,20250101.0,171.0,0.0,0.0,1.0,36.0,3.0,14.0,
66.0,20250101.0,126.0,0.0,0.0,1.0,36.0,3.0,14.0,
66.0,20231001.0,189.0,0.0,0.0,1.0,21.0,3.0,14.0,
66.0,20220101.0,135.0,0.0,0.0,1.0,0.0,3.0,14.0,
66.0,20230401.0,120.5,0.0,0.0,1.0,15.0,3.0,14.0,
66.0,20230301.0,180.5,0.0,0.0,1.0,14.0,3.0,14.0,
66.0,20250501.0,180.0,0.0,0.0,1.0,40.0,3.0,14.0,
66.0,20230101.0,198.0,0.0,0.0,1.0,12.0,3.0,14.0,
66.0,20240801.0,135.0,0.0,0.0,1.0,31.0,3.0,14.0,
66.0,20241101.0,189.0,0.0,0.0,1.0,34.0,3.0,14.0,
66.0,20220501.0,180.0,0.0,0.0,1.0,4.0,3.0,14.0,
66.0,20241001.0,189.0,0.0,0.0,1.0,33.0,3.0,14.0,
66.0,20240601.0,171.0,0.0,0.0,1.0,29.0,3.0,14.0,
66.0,20250301.0,133.0,0.0,0.0,1.0,38.0,3.0,14.0,
66.0,20230201.0,162.0,0.0,0.0,1.0,13.0,3.0,14.0,
66.0,20240201.0,171.0,0.0,0.0,1.0,25.0,3.0,14.0,
66.0,20230101.0,135.0,0.0,0.0,1.0,12.0,3.0,14.0,
66.0,20240301.0,145.0,0.0,0.0,1.0,26.0,3.0,14.0,
66.0,20220401.0,149.0,0.0,0.0,1.0,3.0,3.0,14.0,
66.0,20220601.0,198.0,0.0,0.0,1.0,5.0,3.0,14.0,
66.0,20241201.0,126.0,0.0,0.0,1.0,35.0,3.0,14.0,
66.0,20230801.0,171.0,0.0,0.0,1.0,19.0,3.0,14.0,
66.0,20240901.0,180.0,0.0,0.0,1.0,32.0,3.0,14.0,
66.0,20231201.0,144.0,0.0,0.0,1.0,23.0,3.0,14.0,
66.0,20221001.0,189.0,0.0,0.0,1.0,9.0,3.0,14.0,
66.0,20240101.0,162.0,0.0,0.0,1.0,24.0,3.0,14.0,
66.0,20230501.0,198.0,0.0,0.0,1.0,16.0,3.0,14.0,
66.0,20250601.0,177.0,0.0,0.0,1.0,41.0,3.0,14.0,
66.0,20230901.0,180.0,0.0,0.0,1.0,20.0,3.0,14.0,
66.0,20240401.0,140.5,0.0,0.0,1.0,27.0,3.0,14.0,
66.0,20231101.0,198.0,0.0,0.0,1.0,22.0,3.0,14.0,
66.0,20250201.0,180.0,0.0,0.0,1.0,37.0,3.0,14.0,
66.0,20230601.0,169.0,0.0,0.0,1.0,17.0,3.0,14.0,
66.0,20250401.0,189.0,0.0,0.0,1.0,39.0,3.0,14.0,
66.0,20221201.0,153.0,0.0,0.0,1.0,11.0,3.0,14.0,
66.0,20220301.0,189.0,0.0,0.0,1.0,1.0,3.0,14.0,
66.0,20221101.0,198.0,0.0,0.0,1.0,10.0,3.0,14.0,
66.0,20220201.0,180.0,0.0,0.0,1.0,1.0,3.0,14.0,
66.0,20240501.0,189.0,0.0,0.0,1.0,28.0,3.0,14.0,
66.0,20220101.0,189.0,0.0,0.0,1.0,0.0,3.0,14.0,
66.0,20220901.0,198.0,0.0,0.0,1.0,8.0,3.0,14.0,
67.0,20250101.0,197.79,0.0,0.0,1.0,36.0,1.0,3.0,
67.0,20250101.0,130.03,0.0,0.0,1.0,36.0,1.0,3.0,
67.0,20231001.0,198.5,0.0,0.0,1.0,21.0,1.0,3.0,
67.0,20220101.0,176.04,0.0,0.0,1.0,0.0,1.0,3.0,
67.0,20230401.0,135.36,0.0,0.0,1.0,15.0,1.0,3.0,
67.0,20230301.0,169.17,0.0,0.0,1.0,14.0,1.0,3.0,
67.0,20250501.0,188.78,0.0,0.0,1.0,40.0,1.0,3.0,
67.0,20230101.0,206.23,0.0,0.0,1.0,12.0,1.0,3.0,
67.0,20240801.0,90.53,0.0,0.0,1.0,31.0,1.0,3.0,
67.0,20241101.0,196.05,0.0,0.0,1.0,34.0,1.0,3.0,
67.0,20220501.0,183.99,0.0,0.0,1.0,4.0,1.0,3.0,
67.0,20241001.0,184.54,0.0,0.0,1.0,33.0,1.0,3.0,
67.0,20240601.0,170.17,0.0,0.0,1.0,29.0,1.0,3.0,
67.0,20250301.0,132.86,0.0,0.0,1.0,38.0,1.0,3.0,
67.0,20230201.0,172.47,0.0,0.0,1.0,13.0,1.0,3.0,
67.0,20240201.0,188.75,0.0,0.0,1.0,25.0,1.0,3.0,
67.0,20230101.0,170.76,0.0,0.0,1.0,12.0,1.0,3.0,
67.0,20240301.0,149.72,0.0,0.0,1.0,26.0,1.0,3.0,
67.0,20220401.0,138.1,0.0,0.0,1.0,3.0,1.0,3.0,
67.0,20220601.0,197.21,0.0,0.0,1.0,5.0,1.0,3.0,
67.0,20241201.0,158.63,0.0,0.0,1.0,35.0,1.0,3.0,
67.0,20230801.0,86.77,0.0,0.0,1.0,19.0,1.0,3.0,
67.0,20240901.0,188.93,0.0,0.0,1.0,32.0,1.0,3.0,
67.0,20231201.0,154.76,0.0,0.0,1.0,23.0,1.0,3.0,
67.0,20221001.0,187.87,0.0,0.0,1.0,9.0,1.0,3.0,
67.0,20240101.0,213.38,0.0,0.0,1.0,24.0,1.0,3.0,
67.0,20230501.0,198.76,0.0,0.0,1.0,16.0,1.0,3.0,
67.0,20250601.0,177.93,0.0,0.0,1.0,41.0,1.0,3.0,
67.0,20230901.0,181.94,0.0,0.0,1.0,20.0,1.0,3.0,
67.0,20240401.0,161.54,0.0,0.0,1.0,27.0,1.0,3.0,
67.0,20231101.0,199.51,0.0,0.0,1.0,22.0,1.0,3.0,
67.0,20250201.0,179.6,0.0,0.0,1.0,37.0,1.0,3.0,
67.0,20230601.0,177.36,0.0,0.0,1.0,17.0,1.0,3.0,
67.0,20250401.0,191.33,0.0,0.0,1.0,39.0,1.0,3.0,
67.0,20221201.0,152.53,0.0,0.0,1.0,11.0,1.0,3.0,
67.0,20220301.0,204.3,0.0,0.0,1.0,1.0,1.0,3.0,
67.0,20221101.0,191.82,0.0,0.0,1.0,10.0,1.0,3.0,
67.0,20220201.0,178.96,0.0,0.0,1.0,1.0,1.0,3.0,
67.0,20240101.0,197.98,0.0,0.0,1.0,24.0,1.0,3.0,
67.0,20240501.0,191.31,0.0,0.0,1.0,28.0,1.0,3.0,
67.0,20220101.0,180.52,0.0,0.0,1.0,0.0,1.0,3.0,
67.0,20220901.0,200.25,0.0,0.0,1.0,8.0,1.0,3.0,
68.0,20250101.0,180.59,0.0,0.0,1.0,36.0,1.0,3.0,
68.0,20250101.0,132.41,0.0,0.0,1.0,36.0,1.0,3.0,
68.0,20231001.0,188.15,0.0,0.0,1.0,21.0,1.0,3.0,
68.0,20220101.0,163.75,0.0,0.0,1.0,0.0,1.0,3.0,
68.0,20230401.0,116.46,0.0,0.0,1.0,15.0,1.0,3.0,
68.0,20230301.0,169.67,0.0,0.0,1.0,14.0,1.0,3.0,
68.0,20250501.0,124.91,0.0,0.0,1.0,40.0,1.0,3.0,
68.0,20230101.0,175.96,0.0,0.0,1.0,12.0,1.0,3.0,
68.0,20240801.0,90.83,0.0,0.0,1.0,31.0,1.0,3.0,
68.0,20241101.0,70.49,0.0,0.0,1.0,34.0,1.0,3.0,
68.0,20220501.0,151.56,0.0,0.0,1.0,4.0,1.0,3.0,
68.0,20241001.0,194.02,0.0,0.0,1.0,33.0,1.0,3.0,
68.0,20240601.0,163.6,0.0,0.0,1.0,29.0,1.0,3.0,
68.0,20250301.0,133.12,0.0,0.0,1.0,38.0,1.0,3.0,
68.0,20230201.0,171.5,0.0,0.0,1.0,13.0,1.0,3.0,
68.0,20240201.0,188.58,0.0,0.0,1.0,25.0,1.0,3.0,
68.0,20230101.0,190.69,0.0,0.0,1.0,12.0,1.0,3.0,
68.0,20240301.0,142.19,0.0,0.0,1.0,26.0,1.0,3.0,
68.0,20220401.0,138.84,0.0,0.0,1.0,3.0,1.0,3.0,
68.0,20220601.0,114.9,0.0,0.0,1.0,5.0,1.0,3.0,
68.0,20241201.0,156.82,0.0,0.0,1.0,35.0,1.0,3.0,
68.0,20230801.0,72.07,0.0,0.0,1.0,19.0,1.0,3.0,
68.0,20240901.0,188.32,0.0,0.0,1.0,32.0,1.0,3.0,
68.0,20231201.0,100.45,0.0,0.0,1.0,23.0,1.0,3.0,
68.0,20221001.0,162.76,0.0,0.0,1.0,9.0,1.0,3.0,
68.0,20240101.0,188.16,0.0,0.0,1.0,24.0,1.0,3.0,
68.0,20230501.0,161.64,0.0,0.0,1.0,16.0,1.0,3.0,
68.0,20250601.0,167.98,0.0,0.0,1.0,41.0,1.0,3.0,
68.0,20230901.0,186.94,0.0,0.0,1.0,20.0,1.0,3.0,
68.0,20240401.0,162.92,0.0,0.0,1.0,27.0,1.0,3.0,
68.0,20231101.0,192.66,0.0,0.0,1.0,22.0,1.0,3.0,
68.0,20250201.0,160.74,0.0,0.0,1.0,37.0,1.0,3.0,
68.0,20230601.0,132.68,0.0,0.0,1.0,17.0,1.0,3.0,
68.0,20250401.0,170.88,0.0,0.0,1.0,39.0,1.0,3.0,
68.0,20221201.0,120.68,0.0,0.0,1.0,11.0,1.0,3.0,
68.0,20220301.0,193.57,0.0,0.0,1.0,1.0,1.0,3.0,
68.0,20221101.0,173.12,0.0,0.0,1.0,10.0,1.0,3.0,
68.0,20220201.0,124.3,0.0,0.0,1.0,1.0,1.0,3.0,
68.0,20240101.0,160.06,0.0,0.0,1.0,24.0,1.0,3.0,
68.0,20240501.0,191.13,0.0,0.0,1.0,28.0,1.0,3.0,
68.0,20220101.0,158.07,0.0,0.0,1.0,0.0,1.0,3.0,
68.0,20220901.0,196.22,0.0,0.0,1.0,8.0,1.0,3.0,
597.0,20220301.0,222.84,0.0,0.0,1.0,1.0,2.0,22.0,
597.0,20220201.0,248.68,0.0,0.0,1.0,1.0,2.0,22.0,
597.0,20220101.0,238.55,0.0,0.0,1.0,0.0,2.0,22.0,
69.0,20250101.0,203.96,0.0,0.0,1.0,36.0,5.0,22.0,
69.0,20250101.0,117.1,0.0,0.0,1.0,36.0,5.0,22.0,
69.0,20231001.0,155.55,0.0,0.0,1.0,21.0,5.0,22.0,
69.0,20220101.0,145.57,0.0,0.0,1.0,0.0,5.0,22.0,
69.0,20230401.0,137.22,0.0,0.0,1.0,15.0,5.0,22.0,
69.0,20230301.0,183.35,0.0,0.0,1.0,14.0,5.0,22.0,
69.0,20250501.0,193.44,0.0,0.0,1.0,40.0,5.0,22.0,
69.0,20230101.0,203.34,0.0,0.0,1.0,12.0,5.0,22.0,
69.0,20240801.0,135.0,0.0,0.0,1.0,31.0,5.0,22.0,
69.0,20241101.0,189.03,0.0,0.0,1.0,34.0,5.0,22.0,
69.0,20220501.0,193.39,0.0,0.0,1.0,4.0,5.0,22.0,
69.0,20241001.0,216.68,0.0,0.0,1.0,33.0,5.0,22.0,
69.0,20240601.0,166.84,0.0,0.0,1.0,29.0,5.0,22.0,
69.0,20250301.0,134.72,0.0,0.0,1.0,38.0,5.0,22.0,
69.0,20230201.0,188.73,0.0,0.0,1.0,13.0,5.0,22.0,
69.0,20240201.0,195.18,0.0,0.0,1.0,25.0,5.0,22.0,
69.0,20230101.0,155.89,0.0,0.0,1.0,12.0,5.0,22.0,
69.0,20240301.0,153.72,0.0,0.0,1.0,26.0,5.0,22.0,
69.0,20220401.0,141.78,0.0,0.0,1.0,3.0,5.0,22.0,
69.0,20220601.0,198.8,0.0,0.0,1.0,5.0,5.0,22.0,
69.0,20241201.0,188.39,0.0,0.0,1.0,35.0,5.0,22.0,
69.0,20230801.0,166.51,0.0,0.0,1.0,19.0,5.0,22.0,
69.0,20240901.0,189.27,0.0,0.0,1.0,32.0,5.0,22.0,
69.0,20231201.0,174.39,0.0,0.0,1.0,23.0,5.0,22.0,
69.0,20221001.0,199.99,0.0,0.0,1.0,9.0,5.0,22.0,
69.0,20240101.0,180.33,0.0,0.0,1.0,24.0,5.0,22.0,
69.0,20230501.0,201.73,0.0,0.0,1.0,16.0,5.0,22.0,
69.0,20250601.0,171.52,0.0,0.0,1.0,41.0,5.0,22.0,
69.0,20230901.0,180.82,0.0,0.0,1.0,20.0,5.0,22.0,
69.0,20240401.0,167.28,0.0,0.0,1.0,27.0,5.0,22.0,
69.0,20231101.0,201.5,0.0,0.0,1.0,22.0,5.0,22.0,
69.0,20250201.0,184.31,0.0,0.0,1.0,37.0,5.0,22.0,
69.0,20230601.0,166.49,0.0,0.0,1.0,17.0,5.0,22.0,
69.0,20250401.0,196.5,0.0,0.0,1.0,39.0,5.0,22.0,
69.0,20221201.0,194.38,0.0,0.0,1.0,11.0,5.0,22.0,
69.0,20220301.0,207.56,0.0,0.0,1.0,1.0,5.0,22.0,
69.0,20221101.0,201.8,0.0,0.0,1.0,10.0,5.0,22.0,
69.0,20220201.0,183.65,0.0,0.0,1.0,1.0,5.0,22.0,
69.0,20240101.0,204.01,0.0,0.0,1.0,24.0,5.0,22.0,
69.0,20240501.0,205.36,0.0,0.0,1.0,28.0,5.0,22.0,
69.0,20220101.0,189.45,0.0,0.0,1.0,0.0,5.0,22.0,
69.0,20220901.0,198.0,0.0,0.0,1.0,8.0,5.0,22.0,
8.0,20250101.0,187.13,0.0,0.0,1.0,36.0,1.0,3.0,
8.0,20250101.0,126.15,0.0,0.0,1.0,36.0,1.0,3.0,
8.0,20231001.0,202.55,0.0,0.0,1.0,21.0,1.0,3.0,
8.0,20220101.0,161.62,0.0,0.0,1.0,0.0,1.0,3.0,
8.0,20230401.0,135.21,0.0,0.0,1.0,15.0,1.0,3.0,
8.0,20230301.0,185.22,0.0,0.0,1.0,14.0,1.0,3.0,
8.0,20250501.0,194.23,0.0,0.0,1.0,40.0,1.0,3.0,
8.0,20230101.0,201.08,0.0,0.0,1.0,12.0,1.0,3.0,
8.0,20240801.0,91.8,0.0,0.0,1.0,31.0,1.0,3.0,
8.0,20241101.0,191.36,0.0,0.0,1.0,34.0,1.0,3.0,
8.0,20220501.0,184.64,0.0,0.0,1.0,4.0,1.0,3.0,
8.0,20241001.0,209.58,0.0,0.0,1.0,33.0,1.0,3.0,
8.0,20240601.0,172.47,0.0,0.0,1.0,29.0,1.0,3.0,
8.0,20250301.0,100.97,0.0,0.0,1.0,38.0,1.0,3.0,
8.0,20230201.0,184.57,0.0,0.0,1.0,13.0,1.0,3.0,
8.0,20240201.0,186.64,0.0,0.0,1.0,25.0,1.0,3.0,
8.0,20230101.0,187.66,0.0,0.0,1.0,12.0,1.0,3.0,
8.0,20240301.0,150.38,0.0,0.0,1.0,26.0,1.0,3.0,
8.0,20220401.0,138.17,0.0,0.0,1.0,3.0,1.0,3.0,
8.0,20220601.0,183.36,0.0,0.0,1.0,5.0,1.0,3.0,
8.0,20241201.0,155.57,0.0,0.0,1.0,35.0,1.0,3.0,
8.0,20230801.0,93.19,0.0,0.0,1.0,19.0,1.0,3.0,
8.0,20240901.0,192.69,0.0,0.0,1.0,32.0,1.0,3.0,
8.0,20231201.0,162.45,0.0,0.0,1.0,23.0,1.0,3.0,
8.0,20221001.0,190.25,0.0,0.0,1.0,9.0,1.0,3.0,
8.0,20240101.0,202.02,0.0,0.0,1.0,24.0,1.0,3.0,
8.0,20230501.0,189.56,0.0,0.0,1.0,16.0,1.0,3.0,
8.0,20250601.0,185.12,0.0,0.0,1.0,41.0,1.0,3.0,
8.0,20230901.0,189.91,0.0,0.0,1.0,20.0,1.0,3.0,
8.0,20240401.0,159.65,0.0,0.0,1.0,27.0,1.0,3.0,
8.0,20231101.0,199.02,0.0,0.0,1.0,22.0,1.0,3.0,
8.0,20250201.0,158.51,0.0,0.0,1.0,37.0,1.0,3.0,
8.0,20230601.0,185.71,0.0,0.0,1.0,17.0,1.0,3.0,
8.0,20250401.0,192.84,0.0,0.0,1.0,39.0,1.0,3.0,
8.0,20221201.0,170.84,0.0,0.0,1.0,11.0,1.0,3.0,
8.0,20220301.0,198.88,0.0,0.0,1.0,1.0,1.0,3.0,
8.0,20221101.0,196.23,0.0,0.0,1.0,10.0,1.0,3.0,
8.0,20220201.0,182.6,0.0,0.0,1.0,1.0,1.0,3.0,
8.0,20240101.0,196.6,0.0,0.0,1.0,24.0,1.0,3.0,
8.0,20240501.0,200.25,0.0,0.0,1.0,28.0,1.0,3.0,
8.0,20220101.0,186.55,0.0,0.0,1.0,0.0,1.0,3.0,
8.0,20220901.0,201.18,0.0,0.0,1.0,8.0,1.0,3.0,
70.0,20250101.0,192.72,0.0,0.0,1.0,36.0,1.0,3.0,
70.0,20250101.0,168.05,0.0,0.0,1.0,36.0,1.0,3.0,
70.0,20231001.0,150.88,0.0,0.0,1.0,21.0,1.0,3.0,
70.0,20220101.0,178.53,0.0,0.0,1.0,0.0,1.0,3.0,
70.0,20230401.0,130.98,0.0,0.0,1.0,15.0,1.0,3.0,
70.0,20230301.0,165.72,0.0,0.0,1.0,14.0,1.0,3.0,
70.0,20250501.0,187.55,0.0,0.0,1.0,40.0,1.0,3.0,
70.0,20230101.0,194.91,0.0,0.0,1.0,12.0,1.0,3.0,
70.0,20240801.0,105.98,0.0,0.0,1.0,31.0,1.0,3.0,
70.0,20241101.0,189.79,0.0,0.0,1.0,34.0,1.0,3.0,
70.0,20220501.0,173.06,0.0,0.0,1.0,4.0,1.0,3.0,
70.0,20241001.0,210.62,0.0,0.0,1.0,33.0,1.0,3.0,
70.0,20240601.0,175.77,0.0,0.0,1.0,29.0,1.0,3.0,
70.0,20250301.0,117.68,0.0,0.0,1.0,38.0,1.0,3.0,
70.0,20230201.0,180.7,0.0,0.0,1.0,13.0,1.0,3.0,
70.0,20240201.0,159.19,0.0,0.0,1.0,25.0,1.0,3.0,
70.0,20230101.0,175.1,0.0,0.0,1.0,12.0,1.0,3.0,
70.0,20240301.0,133.99,0.0,0.0,1.0,26.0,1.0,3.0,
70.0,20220401.0,142.44,0.0,0.0,1.0,3.0,1.0,3.0,
70.0,20220601.0,181.95,0.0,0.0,1.0,5.0,1.0,3.0,
70.0,20241201.0,150.15,0.0,0.0,1.0,35.0,1.0,3.0,
70.0,20230801.0,103.0,0.0,0.0,1.0,19.0,1.0,3.0,
70.0,20240901.0,183.97,0.0,0.0,1.0,32.0,1.0,3.0,
70.0,20231201.0,142.25,0.0,0.0,1.0,23.0,1.0,3.0,
70.0,20221001.0,160.86,0.0,0.0,1.0,9.0,1.0,3.0,
70.0,20240101.0,196.1,0.0,0.0,1.0,24.0,1.0,3.0,
70.0,20230501.0,183.36,0.0,0.0,1.0,16.0,1.0,3.0,
70.0,20250601.0,217.67,0.0,0.0,1.0,41.0,1.0,3.0,
70.0,20230901.0,177.69,0.0,0.0,1.0,20.0,1.0,3.0,
70.0,20240401.0,155.38,0.0,0.0,1.0,27.0,1.0,3.0,
70.0,20231101.0,180.36,0.0,0.0,1.0,22.0,1.0,3.0,
70.0,20250201.0,164.37,0.0,0.0,1.0,37.0,1.0,3.0,
70.0,20230601.0,170.93,0.0,0.0,1.0,17.0,1.0,3.0,
70.0,20250401.0,196.32,0.0,0.0,1.0,39.0,1.0,3.0,
70.0,20221201.0,148.48,0.0,0.0,1.0,11.0,1.0,3.0,
70.0,20220301.0,202.78,0.0,0.0,1.0,1.0,1.0,3.0,
70.0,20221101.0,177.29,0.0,0.0,1.0,10.0,1.0,3.0,
70.0,20220201.0,179.57,0.0,0.0,1.0,1.0,1.0,3.0,
70.0,20240101.0,185.07,0.0,0.0,1.0,24.0,1.0,3.0,
70.0,20240501.0,186.29,0.0,0.0,1.0,28.0,1.0,3.0,
70.0,20220101.0,136.89,0.0,0.0,1.0,0.0,1.0,3.0,
70.0,20220901.0,212.18,0.0,0.0,1.0,8.0,1.0,3.0,
71.0,20250101.0,97.86,0.0,0.0,1.0,36.0,1.0,3.0,
71.0,20250101.0,0.0,0.0,0.0,1.0,36.0,1.0,3.0,
71.0,20231001.0,205.82,0.0,0.0,1.0,21.0,1.0,3.0,
71.0,20220101.0,175.3,0.0,0.0,1.0,0.0,1.0,3.0,
71.0,20230401.0,133.19,0.0,0.0,1.0,15.0,1.0,3.0,
71.0,20230301.0,173.56,0.0,0.0,1.0,14.0,1.0,3.0,
71.0,20250501.0,0.0,0.0,0.0,1.0,40.0,1.0,3.0,
71.0,20230101.0,170.35,0.0,0.0,1.0,12.0,1.0,3.0,
71.0,20240801.0,80.7,0.0,0.0,1.0,31.0,1.0,3.0,
71.0,20241101.0,200.88,0.0,0.0,1.0,34.0,1.0,3.0,
71.0,20220501.0,158.37,0.0,0.0,1.0,4.0,1.0,3.0,
71.0,20241001.0,224.49,0.0,0.0,1.0,33.0,1.0,3.0,
71.0,20240601.0,181.58,0.0,0.0,1.0,29.0,1.0,3.0,
71.0,20250301.0,0.0,0.0,0.0,1.0,38.0,1.0,3.0,
71.0,20230201.0,137.41,0.0,0.0,1.0,13.0,1.0,3.0,
71.0,20240201.0,205.64,0.0,0.0,1.0,25.0,1.0,3.0,
71.0,20230101.0,192.53,0.0,0.0,1.0,12.0,1.0,3.0,
71.0,20240301.0,142.26,0.0,0.0,1.0,26.0,1.0,3.0,
71.0,20220401.0,142.06,0.0,0.0,1.0,3.0,1.0,3.0,
71.0,20220601.0,190.68,0.0,0.0,1.0,5.0,1.0,3.0,
71.0,20241201.0,154.82,0.0,0.0,1.0,35.0,1.0,3.0,
71.0,20230801.0,79.35,0.0,0.0,1.0,19.0,1.0,3.0,
71.0,20240901.0,198.32,0.0,0.0,1.0,32.0,1.0,3.0,
71.0,20231201.0,133.96,0.0,0.0,1.0,23.0,1.0,3.0,
71.0,20221001.0,183.07,0.0,0.0,1.0,9.0,1.0,3.0,
71.0,20240101.0,207.52,0.0,0.0,1.0,24.0,1.0,3.0,
71.0,20230501.0,181.56,0.0,0.0,1.0,16.0,1.0,3.0,
71.0,20250601.0,0.0,0.0,0.0,1.0,41.0,1.0,3.0,
71.0,20230901.0,189.63,0.0,0.0,1.0,20.0,1.0,3.0,
71.0,20240401.0,163.13,0.0,0.0,1.0,27.0,1.0,3.0,
71.0,20231101.0,197.42,0.0,0.0,1.0,22.0,1.0,3.0,
71.0,20250201.0,0.0,0.0,0.0,1.0,37.0,1.0,3.0,
71.0,20230601.0,179.33,0.0,0.0,1.0,17.0,1.0,3.0,
71.0,20250401.0,0.0,0.0,0.0,1.0,39.0,1.0,3.0,
71.0,20221201.0,111.93,0.0,0.0,1.0,11.0,1.0,3.0,
71.0,20220301.0,199.02,0.0,0.0,1.0,1.0,1.0,3.0,
71.0,20221101.0,190.0,0.0,0.0,1.0,10.0,1.0,3.0,
71.0,20220201.0,180.08,0.0,0.0,1.0,1.0,1.0,3.0,
71.0,20240101.0,188.35,0.0,0.0,1.0,24.0,1.0,3.0,
71.0,20240501.0,181.75,0.0,0.0,1.0,28.0,1.0,3.0,
71.0,20220101.0,141.91,0.0,0.0,1.0,0.0,1.0,3.0,
71.0,20220901.0,209.77,0.0,0.0,1.0,8.0,1.0,3.0,
482.0,20220101.0,0.0,0.0,0.0,1.0,0.0,1.0,22.0,
482.0,20220501.0,0.0,0.0,0.0,1.0,4.0,1.0,22.0,
482.0,20220401.0,0.0,0.0,0.0,1.0,3.0,1.0,22.0,
482.0,20220601.0,0.0,0.0,0.0,1.0,5.0,1.0,22.0,
482.0,20221001.0,0.0,0.0,0.0,1.0,9.0,1.0,22.0,
482.0,20221201.0,0.0,0.0,0.0,1.0,11.0,1.0,22.0,
482.0,20220301.0,0.0,0.0,0.0,1.0,1.0,1.0,22.0,
482.0,20221101.0,0.0,0.0,0.0,1.0,10.0,1.0,22.0,
482.0,20220201.0,0.0,0.0,0.0,1.0,1.0,1.0,22.0,
482.0,20220901.0,0.0,0.0,0.0,1.0,8.0,1.0,22.0,
478.0,20220101.0,98.73,0.0,0.0,1.0,0.0,1.0,8.0,
478.0,20220501.0,172.91,0.0,0.0,1.0,4.0,1.0,8.0,
478.0,20220401.0,138.3,0.0,0.0,1.0,3.0,1.0,8.0,
478.0,20220601.0,183.29,0.0,0.0,1.0,5.0,1.0,8.0,
478.0,20221001.0,179.38,0.0,0.0,1.0,9.0,1.0,8.0,
478.0,20221201.0,64.21,0.0,0.0,1.0,11.0,1.0,8.0,
478.0,20220301.0,193.96,0.0,0.0,1.0,1.0,1.0,8.0,
478.0,20221101.0,148.81,0.0,0.0,1.0,10.0,1.0,8.0,
478.0,20220201.0,143.74,0.0,0.0,1.0,1.0,1.0,8.0,
478.0,20220101.0,109.32,0.0,0.0,1.0,0.0,1.0,8.0,
478.0,20220901.0,188.66,0.0,0.0,1.0,8.0,1.0,8.0,
72.0,20250101.0,198.29,0.0,0.0,1.0,36.0,1.0,2.0,
72.0,20250101.0,134.96,0.0,0.0,1.0,36.0,1.0,2.0,
72.0,20231001.0,204.7,0.0,0.0,1.0,21.0,1.0,2.0,
72.0,20220101.0,159.06,0.0,0.0,1.0,0.0,1.0,2.0,
72.0,20230401.0,124.6,0.0,0.0,1.0,15.0,1.0,2.0,
72.0,20230301.0,191.23,0.0,0.0,1.0,14.0,1.0,2.0,
72.0,20250501.0,180.97,0.0,0.0,1.0,40.0,1.0,2.0,
72.0,20230101.0,189.51,0.0,0.0,1.0,12.0,1.0,2.0,
72.0,20240801.0,138.52,0.0,0.0,1.0,31.0,1.0,2.0,
72.0,20241101.0,200.37,0.0,0.0,1.0,34.0,1.0,2.0,
72.0,20220501.0,155.74,0.0,0.0,1.0,4.0,1.0,2.0,
72.0,20241001.0,163.17,0.0,0.0,1.0,33.0,1.0,2.0,
72.0,20240601.0,159.55,0.0,0.0,1.0,29.0,1.0,2.0,
72.0,20250301.0,142.66,0.0,0.0,1.0,38.0,1.0,2.0,
72.0,20230201.0,182.2,0.0,0.0,1.0,13.0,1.0,2.0,
72.0,20240201.0,180.83,0.0,0.0,1.0,25.0,1.0,2.0,
72.0,20230101.0,172.9,0.0,0.0,1.0,12.0,1.0,2.0,
72.0,20240301.0,155.13,0.0,0.0,1.0,26.0,1.0,2.0,
72.0,20220401.0,127.0,0.0,0.0,1.0,3.0,1.0,2.0,
72.0,20220601.0,170.91,0.0,0.0,1.0,5.0,1.0,2.0,
72.0,20241201.0,169.25,0.0,0.0,1.0,35.0,1.0,2.0,
72.0,20230801.0,171.78,0.0,0.0,1.0,19.0,1.0,2.0,
72.0,20240901.0,185.39,0.0,0.0,1.0,32.0,1.0,2.0,
72.0,20231201.0,184.79,0.0,0.0,1.0,23.0,1.0,2.0,
72.0,20221001.0,189.69,0.0,0.0,1.0,9.0,1.0,2.0,
72.0,20240101.0,202.3,0.0,0.0,1.0,24.0,1.0,2.0,
72.0,20230501.0,209.14,0.0,0.0,1.0,16.0,1.0,2.0,
72.0,20250601.0,119.5,0.0,0.0,1.0,41.0,1.0,2.0,
72.0,20230901.0,180.19,0.0,0.0,1.0,20.0,1.0,2.0,
72.0,20240401.0,159.49,0.0,0.0,1.0,27.0,1.0,2.0,
72.0,20231101.0,199.45,0.0,0.0,1.0,22.0,1.0,2.0,
72.0,20250201.0,171.75,0.0,0.0,1.0,37.0,1.0,2.0,
72.0,20230601.0,186.53,0.0,0.0,1.0,17.0,1.0,2.0,
72.0,20250401.0,167.97,0.0,0.0,1.0,39.0,1.0,2.0,
72.0,20221201.0,189.43,0.0,0.0,1.0,11.0,1.0,2.0,
72.0,20220301.0,172.1,0.0,0.0,1.0,1.0,1.0,2.0,
72.0,20221101.0,200.62,0.0,0.0,1.0,10.0,1.0,2.0,
72.0,20220201.0,160.87,0.0,0.0,1.0,1.0,1.0,2.0,
72.0,20240101.0,182.59,0.0,0.0,1.0,24.0,1.0,2.0,
72.0,20240501.0,194.31,0.0,0.0,1.0,28.0,1.0,2.0,
72.0,20220101.0,145.4,0.0,0.0,1.0,0.0,1.0,2.0,
72.0,20220901.0,191.09,0.0,0.0,1.0,8.0,1.0,2.0,
405.0,20231001.0,192.7,0.0,0.0,1.0,21.0,1.0,3.0,
405.0,20220101.0,162.86,0.0,0.0,1.0,0.0,1.0,3.0,
405.0,20230401.0,118.17,0.0,0.0,1.0,15.0,1.0,3.0,
405.0,20230301.0,179.41,0.0,0.0,1.0,14.0,1.0,3.0,
405.0,20230101.0,196.65,0.0,0.0,1.0,12.0,1.0,3.0,
405.0,20240801.0,65.29,0.0,0.0,1.0,31.0,1.0,3.0,
405.0,20220501.0,175.87,0.0,0.0,1.0,4.0,1.0,3.0,
405.0,20241001.0,108.51,0.0,0.0,1.0,33.0,1.0,3.0,
405.0,20240601.0,0.0,0.0,0.0,1.0,29.0,1.0,3.0,
405.0,20230201.0,180.65,0.0,0.0,1.0,13.0,1.0,3.0,
405.0,20240201.0,169.22,0.0,0.0,1.0,25.0,1.0,3.0,
405.0,20230101.0,184.2,0.0,0.0,1.0,12.0,1.0,3.0,
405.0,20240301.0,148.97,0.0,0.0,1.0,26.0,1.0,3.0,
405.0,20220401.0,138.57,0.0,0.0,1.0,3.0,1.0,3.0,
405.0,20220601.0,180.32,0.0,0.0,1.0,5.0,1.0,3.0,
405.0,20230801.0,80.17,0.0,0.0,1.0,19.0,1.0,3.0,
405.0,20240901.0,91.85,0.0,0.0,1.0,32.0,1.0,3.0,
405.0,20231201.0,135.07,0.0,0.0,1.0,23.0,1.0,3.0,
405.0,20221001.0,177.24,0.0,0.0,1.0,9.0,1.0,3.0,
405.0,20240101.0,0.0,0.0,0.0,1.0,24.0,1.0,3.0,
405.0,20230501.0,190.28,0.0,0.0,1.0,16.0,1.0,3.0,
405.0,20230901.0,184.96,0.0,0.0,1.0,20.0,1.0,3.0,
405.0,20240401.0,161.54,0.0,0.0,1.0,27.0,1.0,3.0,
405.0,20231101.0,188.71,0.0,0.0,1.0,22.0,1.0,3.0,
405.0,20230601.0,164.16,0.0,0.0,1.0,17.0,1.0,3.0,
405.0,20221201.0,108.38,0.0,0.0,1.0,11.0,1.0,3.0,
405.0,20220301.0,212.56,0.0,0.0,1.0,1.0,1.0,3.0,
405.0,20221101.0,185.72,0.0,0.0,1.0,10.0,1.0,3.0,
405.0,20220201.0,165.21,0.0,0.0,1.0,1.0,1.0,3.0,
405.0,20240101.0,196.72,0.0,0.0,1.0,24.0,1.0,3.0,
405.0,20240501.0,174.37,0.0,0.0,1.0,28.0,1.0,3.0,
405.0,20220101.0,180.99,0.0,0.0,1.0,0.0,1.0,3.0,
405.0,20220901.0,193.34,0.0,0.0,1.0,8.0,1.0,3.0,
9.0,20250101.0,189.0,0.0,0.0,1.0,36.0,3.0,4.0,
9.0,20250101.0,126.0,0.0,0.0,1.0,36.0,3.0,4.0,
9.0,20231001.0,180.0,0.0,0.0,1.0,21.0,3.0,4.0,
9.0,20220101.0,180.0,0.0,0.0,1.0,0.0,3.0,4.0,
9.0,20230401.0,129.5,0.0,0.0,1.0,15.0,3.0,4.0,
9.0,20230301.0,144.5,0.0,0.0,1.0,14.0,3.0,4.0,
9.0,20250501.0,180.0,0.0,0.0,1.0,40.0,3.0,4.0,
9.0,20230101.0,198.0,0.0,0.0,1.0,12.0,3.0,4.0,
9.0,20240801.0,108.0,0.0,0.0,1.0,31.0,3.0,4.0,
9.0,20241101.0,189.0,0.0,0.0,1.0,34.0,3.0,4.0,
9.0,20220501.0,180.0,0.0,0.0,1.0,4.0,3.0,4.0,
9.0,20241001.0,207.0,0.0,0.0,1.0,33.0,3.0,4.0,
9.0,20240601.0,171.0,0.0,0.0,1.0,29.0,3.0,4.0,
9.0,20250301.0,133.0,0.0,0.0,1.0,38.0,3.0,4.0,
9.0,20230201.0,180.0,0.0,0.0,1.0,13.0,3.0,4.0,
9.0,20240201.0,180.0,0.0,0.0,1.0,25.0,3.0,4.0,
9.0,20230101.0,171.0,0.0,0.0,1.0,12.0,3.0,4.0,
9.0,20240301.0,145.0,0.0,0.0,1.0,26.0,3.0,4.0,
9.0,20220401.0,149.0,0.0,0.0,1.0,3.0,3.0,4.0,
9.0,20220601.0,198.0,0.0,0.0,1.0,5.0,3.0,4.0,
9.0,20241201.0,99.0,0.0,0.0,1.0,35.0,3.0,4.0,
9.0,20230801.0,135.0,0.0,0.0,1.0,19.0,3.0,4.0,
9.0,20240901.0,189.0,0.0,0.0,1.0,32.0,3.0,4.0,
9.0,20231201.0,185.5,0.0,0.0,1.0,23.0,3.0,4.0,
9.0,20221001.0,189.0,0.0,0.0,1.0,9.0,3.0,4.0,
9.0,20240101.0,198.0,0.0,0.0,1.0,24.0,3.0,4.0,
9.0,20230501.0,198.0,0.0,0.0,1.0,16.0,3.0,4.0,
9.0,20250601.0,177.0,0.0,0.0,1.0,41.0,3.0,4.0,
9.0,20230901.0,180.0,0.0,0.0,1.0,20.0,3.0,4.0,
9.0,20240401.0,149.5,0.0,0.0,1.0,27.0,3.0,4.0,
9.0,20231101.0,180.0,0.0,0.0,1.0,22.0,3.0,4.0,
9.0,20250201.0,162.0,0.0,0.0,1.0,37.0,3.0,4.0,
9.0,20230601.0,160.0,0.0,0.0,1.0,17.0,3.0,4.0,
9.0,20250401.0,189.0,0.0,0.0,1.0,39.0,3.0,4.0,
9.0,20221201.0,153.0,0.0,0.0,1.0,11.0,3.0,4.0,
9.0,20220301.0,207.0,0.0,0.0,1.0,1.0,3.0,4.0,
9.0,20221101.0,198.0,0.0,0.0,1.0,10.0,3.0,4.0,
9.0,20220201.0,180.0,0.0,0.0,1.0,1.0,3.0,4.0,
9.0,20240101.0,171.0,0.0,0.0,1.0,24.0,3.0,4.0,
9.0,20240501.0,198.0,0.0,0.0,1.0,28.0,3.0,4.0,
9.0,20220101.0,171.0,0.0,0.0,1.0,0.0,3.0,4.0,
9.0,20220901.0,198.0,0.0,0.0,1.0,8.0,3.0,4.0,
73.0,20250101.0,185.08,0.0,0.0,1.0,36.0,1.0,3.0,
73.0,20250101.0,123.78,0.0,0.0,1.0,36.0,1.0,3.0,
73.0,20231001.0,194.44,0.0,0.0,1.0,21.0,1.0,3.0,
73.0,20220101.0,155.01,0.0,0.0,1.0,0.0,1.0,3.0,
73.0,20230401.0,127.36,0.0,0.0,1.0,15.0,1.0,3.0,
73.0,20230301.0,174.34,0.0,0.0,1.0,14.0,1.0,3.0,
73.0,20250501.0,183.76,0.0,0.0,1.0,40.0,1.0,3.0,
73.0,20230101.0,186.96,0.0,0.0,1.0,12.0,1.0,3.0,
73.0,20240801.0,87.96,0.0,0.0,1.0,31.0,1.0,3.0,
73.0,20241101.0,186.58,0.0,0.0,1.0,34.0,1.0,3.0,
73.0,20220501.0,175.6,0.0,0.0,1.0,4.0,1.0,3.0,
73.0,20241001.0,206.28,0.0,0.0,1.0,33.0,1.0,3.0,
73.0,20240601.0,170.34,0.0,0.0,1.0,29.0,1.0,3.0,
73.0,20250301.0,125.8,0.0,0.0,1.0,38.0,1.0,3.0,
73.0,20230201.0,187.24,0.0,0.0,1.0,13.0,1.0,3.0,
73.0,20240201.0,189.75,0.0,0.0,1.0,25.0,1.0,3.0,
73.0,20230101.0,174.08,0.0,0.0,1.0,12.0,1.0,3.0,
73.0,20240301.0,125.59,0.0,0.0,1.0,26.0,1.0,3.0,
73.0,20220401.0,119.53,0.0,0.0,1.0,3.0,1.0,3.0,
73.0,20220601.0,168.12,0.0,0.0,1.0,5.0,1.0,3.0,
73.0,20241201.0,154.6,0.0,0.0,1.0,35.0,1.0,3.0,
73.0,20230801.0,81.52,0.0,0.0,1.0,19.0,1.0,3.0,
73.0,20240901.0,168.66,0.0,0.0,1.0,32.0,1.0,3.0,
73.0,20231201.0,136.65,0.0,0.0,1.0,23.0,1.0,3.0,
73.0,20221001.0,179.02,0.0,0.0,1.0,9.0,1.0,3.0,
73.0,20240101.0,193.92,0.0,0.0,1.0,24.0,1.0,3.0,
73.0,20230501.0,196.33,0.0,0.0,1.0,16.0,1.0,3.0,
73.0,20250601.0,167.92,0.0,0.0,1.0,41.0,1.0,3.0,
73.0,20230901.0,178.17,0.0,0.0,1.0,20.0,1.0,3.0,
73.0,20240401.0,155.99,0.0,0.0,1.0,27.0,1.0,3.0,
73.0,20231101.0,187.56,0.0,0.0,1.0,22.0,1.0,3.0,
73.0,20250201.0,178.1,0.0,0.0,1.0,37.0,1.0,3.0,
73.0,20230601.0,162.05,0.0,0.0,1.0,17.0,1.0,3.0,
73.0,20250401.0,184.51,0.0,0.0,1.0,39.0,1.0,3.0,
73.0,20221201.0,147.59,0.0,0.0,1.0,11.0,1.0,3.0,
73.0,20220301.0,190.66,0.0,0.0,1.0,1.0,1.0,3.0,
73.0,20221101.0,187.53,0.0,0.0,1.0,10.0,1.0,3.0,
73.0,20220201.0,158.73,0.0,0.0,1.0,1.0,1.0,3.0,
73.0,20240101.0,185.49,0.0,0.0,1.0,24.0,1.0,3.0,
73.0,20240501.0,197.23,0.0,0.0,1.0,28.0,1.0,3.0,
73.0,20220101.0,157.46,0.0,0.0,1.0,0.0,1.0,3.0,
73.0,20220901.0,200.13,0.0,0.0,1.0,8.0,1.0,3.0,
74.0,20250101.0,0.0,0.0,0.0,1.0,0.0,1.0,3.0,
74.0,20250101.0,142.99,0.0,0.0,1.0,0.0,1.0,3.0,
74.0,20250501.0,190.04,0.0,0.0,1.0,4.0,1.0,3.0,
74.0,20250301.0,6.75,0.0,0.0,1.0,1.0,1.0,3.0,
74.0,20250601.0,195.96,0.0,0.0,1.0,5.0,1.0,3.0,
74.0,20250201.0,186.32,0.0,0.0,1.0,1.0,1.0,3.0,
74.0,20250401.0,27.77,0.0,0.0,1.0,3.0,1.0,3.0,
406.0,20231001.0,159.72,0.0,0.0,1.0,21.0,5.0,22.0,
406.0,20220101.0,122.83,0.0,0.0,1.0,0.0,5.0,22.0,
406.0,20230401.0,119.6,0.0,0.0,1.0,15.0,5.0,22.0,
406.0,20230301.0,164.79,0.0,0.0,1.0,14.0,5.0,22.0,
406.0,20230101.0,188.61,0.0,0.0,1.0,12.0,5.0,22.0,
406.0,20220501.0,159.56,0.0,0.0,1.0,4.0,5.0,22.0,
406.0,20240601.0,49.52,0.0,0.0,1.0,29.0,5.0,22.0,
406.0,20230201.0,167.88,0.0,0.0,1.0,13.0,5.0,22.0,
406.0,20240201.0,190.09,0.0,0.0,1.0,25.0,5.0,22.0,
406.0,20230101.0,156.86,0.0,0.0,1.0,12.0,5.0,22.0,
406.0,20240301.0,127.56,0.0,0.0,1.0,26.0,5.0,22.0,
406.0,20220401.0,133.23,0.0,0.0,1.0,3.0,5.0,22.0,
406.0,20220601.0,175.42,0.0,0.0,1.0,5.0,5.0,22.0,
406.0,20230801.0,159.42,0.0,0.0,1.0,19.0,5.0,22.0,
406.0,20231201.0,140.9,0.0,0.0,1.0,23.0,5.0,22.0,
406.0,20221001.0,170.18,0.0,0.0,1.0,9.0,5.0,22.0,
406.0,20230501.0,150.35,0.0,0.0,1.0,16.0,5.0,22.0,
406.0,20230901.0,146.21,0.0,0.0,1.0,20.0,5.0,22.0,
406.0,20240401.0,145.39,0.0,0.0,1.0,27.0,5.0,22.0,
406.0,20231101.0,164.41,0.0,0.0,1.0,22.0,5.0,22.0,
406.0,20230601.0,143.19,0.0,0.0,1.0,17.0,5.0,22.0,
406.0,20221201.0,165.23,0.0,0.0,1.0,11.0,5.0,22.0,
406.0,20220301.0,208.11,0.0,0.0,1.0,1.0,5.0,22.0,
406.0,20221101.0,177.01,0.0,0.0,1.0,10.0,5.0,22.0,
406.0,20220201.0,161.67,0.0,0.0,1.0,1.0,5.0,22.0,
406.0,20240101.0,186.85,0.0,0.0,1.0,24.0,5.0,22.0,
406.0,20240501.0,164.56,0.0,0.0,1.0,28.0,5.0,22.0,
406.0,20220101.0,152.2,0.0,0.0,1.0,0.0,5.0,22.0,
406.0,20220901.0,191.23,0.0,0.0,1.0,8.0,5.0,22.0,
75.0,20250101.0,92.87,0.0,0.0,1.0,36.0,2.0,22.0,
75.0,20250101.0,61.27,0.0,0.0,1.0,36.0,2.0,22.0,
75.0,20231001.0,112.28,0.0,0.0,1.0,21.0,2.0,22.0,
75.0,20220101.0,36.53,0.0,0.0,1.0,0.0,2.0,22.0,
75.0,20230401.0,69.88,0.0,0.0,1.0,15.0,2.0,22.0,
75.0,20230301.0,58.94,0.0,0.0,1.0,14.0,2.0,22.0,
75.0,20250501.0,117.16,0.0,0.0,1.0,40.0,2.0,22.0,
75.0,20230101.0,85.12,0.0,0.0,1.0,12.0,2.0,22.0,
75.0,20240801.0,0.0,0.0,0.0,1.0,31.0,2.0,22.0,
75.0,20241101.0,120.33,0.0,0.0,1.0,34.0,2.0,22.0,
75.0,20220501.0,77.73,0.0,0.0,1.0,4.0,2.0,22.0,
75.0,20241001.0,143.41,0.0,0.0,1.0,33.0,2.0,22.0,
75.0,20240601.0,15.75,0.0,0.0,1.0,29.0,2.0,22.0,
75.0,20250301.0,37.39,0.0,0.0,1.0,38.0,2.0,22.0,
75.0,20230201.0,76.45,0.0,0.0,1.0,13.0,2.0,22.0,
75.0,20240201.0,80.5,0.0,0.0,1.0,25.0,2.0,22.0,
75.0,20230101.0,59.31,0.0,0.0,1.0,12.0,2.0,22.0,
75.0,20240301.0,44.53,0.0,0.0,1.0,26.0,2.0,22.0,
75.0,20220401.0,83.59,0.0,0.0,1.0,3.0,2.0,22.0,
75.0,20220601.0,49.74,0.0,0.0,1.0,5.0,2.0,22.0,
75.0,20241201.0,91.9,0.0,0.0,1.0,35.0,2.0,22.0,
75.0,20230801.0,0.0,0.0,0.0,1.0,19.0,2.0,22.0,
75.0,20240901.0,117.27,0.0,0.0,1.0,32.0,2.0,22.0,
75.0,20231201.0,48.33,0.0,0.0,1.0,23.0,2.0,22.0,
75.0,20221001.0,71.95,0.0,0.0,1.0,9.0,2.0,22.0,
75.0,20240101.0,68.39,0.0,0.0,1.0,24.0,2.0,22.0,
75.0,20230501.0,82.72,0.0,0.0,1.0,16.0,2.0,22.0,
75.0,20250601.0,82.89,0.0,0.0,1.0,41.0,2.0,22.0,
75.0,20230901.0,58.78,0.0,0.0,1.0,20.0,2.0,22.0,
75.0,20240401.0,96.17,0.0,0.0,1.0,27.0,2.0,22.0,
75.0,20231101.0,79.74,0.0,0.0,1.0,22.0,2.0,22.0,
75.0,20250201.0,126.02,0.0,0.0,1.0,37.0,2.0,22.0,
75.0,20230601.0,45.79,0.0,0.0,1.0,17.0,2.0,22.0,
75.0,20250401.0,98.82,0.0,0.0,1.0,39.0,2.0,22.0,
75.0,20221201.0,11.78,0.0,0.0,1.0,11.0,2.0,22.0,
75.0,20220301.0,48.72,0.0,0.0,1.0,1.0,2.0,22.0,
75.0,20221101.0,64.91,0.0,0.0,1.0,10.0,2.0,22.0,
75.0,20220201.0,84.32,0.0,0.0,1.0,1.0,2.0,22.0,
75.0,20240101.0,58.21,0.0,0.0,1.0,24.0,2.0,22.0,
75.0,20240501.0,119.44,0.0,0.0,1.0,28.0,2.0,22.0,
75.0,20220101.0,58.39,0.0,0.0,1.0,0.0,2.0,22.0,
75.0,20220901.0,57.04,0.0,0.0,1.0,8.0,2.0,22.0,
76.0,20250101.0,185.93,0.0,0.0,1.0,36.0,1.0,2.0,
76.0,20250101.0,73.0,0.0,0.0,1.0,36.0,1.0,2.0,
76.0,20231001.0,198.22,0.0,0.0,1.0,21.0,1.0,2.0,
76.0,20220101.0,122.08,0.0,0.0,1.0,0.0,1.0,2.0,
76.0,20230401.0,134.75,0.0,0.0,1.0,15.0,1.0,2.0,
76.0,20230301.0,173.79,0.0,0.0,1.0,14.0,1.0,2.0,
76.0,20250501.0,121.19,0.0,0.0,1.0,40.0,1.0,2.0,
76.0,20230101.0,194.84,0.0,0.0,1.0,12.0,1.0,2.0,
76.0,20240801.0,203.62,0.0,0.0,1.0,31.0,1.0,2.0,
76.0,20241101.0,168.16,0.0,0.0,1.0,34.0,1.0,2.0,
76.0,20220501.0,151.21,0.0,0.0,1.0,4.0,1.0,2.0,
76.0,20241001.0,198.51,0.0,0.0,1.0,33.0,1.0,2.0,
76.0,20240601.0,166.71,0.0,0.0,1.0,29.0,1.0,2.0,
76.0,20250301.0,120.11,0.0,0.0,1.0,38.0,1.0,2.0,
76.0,20230201.0,181.4,0.0,0.0,1.0,13.0,1.0,2.0,
76.0,20240201.0,191.17,0.0,0.0,1.0,25.0,1.0,2.0,
76.0,20230101.0,184.24,0.0,0.0,1.0,12.0,1.0,2.0,
76.0,20240301.0,139.59,0.0,0.0,1.0,26.0,1.0,2.0,
76.0,20220401.0,110.62,0.0,0.0,1.0,3.0,1.0,2.0,
76.0,20220601.0,187.63,0.0,0.0,1.0,5.0,1.0,2.0,
76.0,20241201.0,181.85,0.0,0.0,1.0,35.0,1.0,2.0,
76.0,20230801.0,81.6,0.0,0.0,1.0,19.0,1.0,2.0,
76.0,20240901.0,180.68,0.0,0.0,1.0,32.0,1.0,2.0,
76.0,20231201.0,169.66,0.0,0.0,1.0,23.0,1.0,2.0,
76.0,20221001.0,188.09,0.0,0.0,1.0,9.0,1.0,2.0,
76.0,20240101.0,145.1,0.0,0.0,1.0,24.0,1.0,2.0,
76.0,20230501.0,180.22,0.0,0.0,1.0,16.0,1.0,2.0,
76.0,20250601.0,151.7,0.0,0.0,1.0,41.0,1.0,2.0,
76.0,20230901.0,119.12,0.0,0.0,1.0,20.0,1.0,2.0,
76.0,20240401.0,159.85,0.0,0.0,1.0,27.0,1.0,2.0,
76.0,20231101.0,184.88,0.0,0.0,1.0,22.0,1.0,2.0,
76.0,20250201.0,171.17,0.0,0.0,1.0,37.0,1.0,2.0,
76.0,20230601.0,171.19,0.0,0.0,1.0,17.0,1.0,2.0,
76.0,20250401.0,184.55,0.0,0.0,1.0,39.0,1.0,2.0,
76.0,20221201.0,180.46,0.0,0.0,1.0,11.0,1.0,2.0,
76.0,20220301.0,179.06,0.0,0.0,1.0,1.0,1.0,2.0,
76.0,20221101.0,181.78,0.0,0.0,1.0,10.0,1.0,2.0,
76.0,20220201.0,179.94,0.0,0.0,1.0,1.0,1.0,2.0,
76.0,20240101.0,195.8,0.0,0.0,1.0,24.0,1.0,2.0,
76.0,20240501.0,191.47,0.0,0.0,1.0,28.0,1.0,2.0,
76.0,20220101.0,167.45,0.0,0.0,1.0,0.0,1.0,2.0,
76.0,20220901.0,184.03,0.0,0.0,1.0,8.0,1.0,2.0,
77.0,20250101.0,198.39,0.0,0.0,1.0,36.0,1.0,3.0,
77.0,20250101.0,142.57,0.0,0.0,1.0,36.0,1.0,3.0,
77.0,20231001.0,205.77,0.0,0.0,1.0,21.0,1.0,3.0,
77.0,20220101.0,125.62,0.0,0.0,1.0,0.0,1.0,3.0,
77.0,20230401.0,133.98,0.0,0.0,1.0,15.0,1.0,3.0,
77.0,20230301.0,180.59,0.0,0.0,1.0,14.0,1.0,3.0,
77.0,20250501.0,206.77,0.0,0.0,1.0,40.0,1.0,3.0,
77.0,20230101.0,173.67,0.0,0.0,1.0,12.0,1.0,3.0,
77.0,20240801.0,97.18,0.0,0.0,1.0,31.0,1.0,3.0,
77.0,20241101.0,212.24,0.0,0.0,1.0,34.0,1.0,3.0,
77.0,20220501.0,0.0,0.0,0.0,1.0,4.0,1.0,3.0,
77.0,20241001.0,220.93,0.0,0.0,1.0,33.0,1.0,3.0,
77.0,20240601.0,181.71,0.0,0.0,1.0,29.0,1.0,3.0,
77.0,20250301.0,154.76,0.0,0.0,1.0,38.0,1.0,3.0,
77.0,20230201.0,179.64,0.0,0.0,1.0,13.0,1.0,3.0,
77.0,20240201.0,204.53,0.0,0.0,1.0,25.0,1.0,3.0,
77.0,20230101.0,192.1,0.0,0.0,1.0,12.0,1.0,3.0,
77.0,20240301.0,147.73,0.0,0.0,1.0,26.0,1.0,3.0,
77.0,20220401.0,87.06,0.0,0.0,1.0,3.0,1.0,3.0,
77.0,20220601.0,0.0,0.0,0.0,1.0,5.0,1.0,3.0,
77.0,20241201.0,162.6,0.0,0.0,1.0,35.0,1.0,3.0,
77.0,20230801.0,81.07,0.0,0.0,1.0,19.0,1.0,3.0,
77.0,20240901.0,198.94,0.0,0.0,1.0,32.0,1.0,3.0,
77.0,20231201.0,141.26,0.0,0.0,1.0,23.0,1.0,3.0,
77.0,20221001.0,172.33,0.0,0.0,1.0,9.0,1.0,3.0,
77.0,20240101.0,211.4,0.0,0.0,1.0,24.0,1.0,3.0,
77.0,20230501.0,198.49,0.0,0.0,1.0,16.0,1.0,3.0,
77.0,20250601.0,195.13,0.0,0.0,1.0,41.0,1.0,3.0,
77.0,20230901.0,163.65,0.0,0.0,1.0,20.0,1.0,3.0,
77.0,20240401.0,163.03,0.0,0.0,1.0,27.0,1.0,3.0,
77.0,20231101.0,187.23,0.0,0.0,1.0,22.0,1.0,3.0,
77.0,20250201.0,194.45,0.0,0.0,1.0,37.0,1.0,3.0,
77.0,20230601.0,169.07,0.0,0.0,1.0,17.0,1.0,3.0,
77.0,20250401.0,198.43,0.0,0.0,1.0,39.0,1.0,3.0,
77.0,20221201.0,114.45,0.0,0.0,1.0,11.0,1.0,3.0,
77.0,20220301.0,205.71,0.0,0.0,1.0,1.0,1.0,3.0,
77.0,20221101.0,169.67,0.0,0.0,1.0,10.0,1.0,3.0,
77.0,20220201.0,187.57,0.0,0.0,1.0,1.0,1.0,3.0,
77.0,20240101.0,198.0,0.0,0.0,1.0,24.0,1.0,3.0,
77.0,20240501.0,199.42,0.0,0.0,1.0,28.0,1.0,3.0,
77.0,20220101.0,142.42,0.0,0.0,1.0,0.0,1.0,3.0,
77.0,20220901.0,167.42,0.0,0.0,1.0,8.0,1.0,3.0,
78.0,20250101.0,180.0,0.0,0.0,1.0,36.0,3.0,13.0,
78.0,20250101.0,126.0,0.0,0.0,1.0,36.0,3.0,13.0,
78.0,20231001.0,198.0,0.0,0.0,1.0,21.0,3.0,13.0,
78.0,20220101.0,162.0,0.0,0.0,1.0,0.0,3.0,13.0,
78.0,20230401.0,129.5,0.0,0.0,1.0,15.0,3.0,13.0,
78.0,20230301.0,180.5,0.0,0.0,1.0,14.0,3.0,13.0,
78.0,20250501.0,189.0,0.0,0.0,1.0,40.0,3.0,13.0,
78.0,20230101.0,198.0,0.0,0.0,1.0,12.0,3.0,13.0,
78.0,20240801.0,135.0,0.0,0.0,1.0,31.0,3.0,13.0,
78.0,20241101.0,189.0,0.0,0.0,1.0,34.0,3.0,13.0,
78.0,20220501.0,180.0,0.0,0.0,1.0,4.0,3.0,13.0,
78.0,20241001.0,207.0,0.0,0.0,1.0,33.0,3.0,13.0,
78.0,20240601.0,171.0,0.0,0.0,1.0,29.0,3.0,13.0,
78.0,20250301.0,126.0,0.0,0.0,1.0,38.0,3.0,13.0,
78.0,20230201.0,180.0,0.0,0.0,1.0,13.0,3.0,13.0,
78.0,20240201.0,189.0,0.0,0.0,1.0,25.0,3.0,13.0,
78.0,20230101.0,162.0,0.0,0.0,1.0,12.0,3.0,13.0,
78.0,20240301.0,145.0,0.0,0.0,1.0,26.0,3.0,13.0,
78.0,20220401.0,149.0,0.0,0.0,1.0,3.0,3.0,13.0,
78.0,20220601.0,198.0,0.0,0.0,1.0,5.0,3.0,13.0,
78.0,20241201.0,126.0,0.0,0.0,1.0,35.0,3.0,13.0,
78.0,20230801.0,126.0,0.0,0.0,1.0,19.0,3.0,13.0,
78.0,20240901.0,189.0,0.0,0.0,1.0,32.0,3.0,13.0,
78.0,20231201.0,126.0,0.0,0.0,1.0,23.0,3.0,13.0,
78.0,20221001.0,189.0,0.0,0.0,1.0,9.0,3.0,13.0,
78.0,20240101.0,144.0,0.0,0.0,1.0,24.0,3.0,13.0,
78.0,20230501.0,198.0,0.0,0.0,1.0,16.0,3.0,13.0,
78.0,20250601.0,177.0,0.0,0.0,1.0,41.0,3.0,13.0,
78.0,20230901.0,180.0,0.0,0.0,1.0,20.0,3.0,13.0,
78.0,20240401.0,140.5,0.0,0.0,1.0,27.0,3.0,13.0,
78.0,20231101.0,198.0,0.0,0.0,1.0,22.0,3.0,13.0,
78.0,20250201.0,180.0,0.0,0.0,1.0,37.0,3.0,13.0,
78.0,20230601.0,169.0,0.0,0.0,1.0,17.0,3.0,13.0,
78.0,20250401.0,189.0,0.0,0.0,1.0,39.0,3.0,13.0,
78.0,20221201.0,153.0,0.0,0.0,1.0,11.0,3.0,13.0,
78.0,20220301.0,207.0,0.0,0.0,1.0,1.0,3.0,13.0,
78.0,20221101.0,198.0,0.0,0.0,1.0,10.0,3.0,13.0,
78.0,20220201.0,144.0,0.0,0.0,1.0,1.0,3.0,13.0,
78.0,20240101.0,162.0,0.0,0.0,1.0,24.0,3.0,13.0,
78.0,20240501.0,198.0,0.0,0.0,1.0,28.0,3.0,13.0,
78.0,20220101.0,189.0,0.0,0.0,1.0,0.0,3.0,13.0,
78.0,20220901.0,180.0,0.0,0.0,1.0,8.0,3.0,13.0,
483.0,20220101.0,180.0,0.0,0.0,1.0,0.0,3.0,17.0,
483.0,20230401.0,129.5,0.0,0.0,1.0,15.0,3.0,17.0,
483.0,20230301.0,171.5,0.0,0.0,1.0,14.0,3.0,17.0,
483.0,20230101.0,189.0,0.0,0.0,1.0,12.0,3.0,17.0,
483.0,20220501.0,180.0,0.0,0.0,1.0,4.0,3.0,17.0,
483.0,20230201.0,180.0,0.0,0.0,1.0,13.0,3.0,17.0,
483.0,20230101.0,0.0,0.0,0.0,1.0,12.0,3.0,17.0,
483.0,20220401.0,149.0,0.0,0.0,1.0,3.0,3.0,17.0,
483.0,20220601.0,198.0,0.0,0.0,1.0,5.0,3.0,17.0,
483.0,20221001.0,189.0,0.0,0.0,1.0,9.0,3.0,17.0,
483.0,20230501.0,180.0,0.0,0.0,1.0,16.0,3.0,17.0,
483.0,20230601.0,0.0,0.0,0.0,1.0,17.0,3.0,17.0,
483.0,20221201.0,153.0,0.0,0.0,1.0,11.0,3.0,17.0,
483.0,20220301.0,207.0,0.0,0.0,1.0,1.0,3.0,17.0,
483.0,20221101.0,171.0,0.0,0.0,1.0,10.0,3.0,17.0,
483.0,20220201.0,180.0,0.0,0.0,1.0,1.0,3.0,17.0,
483.0,20220101.0,135.0,0.0,0.0,1.0,0.0,3.0,17.0,
483.0,20220901.0,198.0,0.0,0.0,1.0,8.0,3.0,17.0,
79.0,20250101.0,180.0,0.0,0.0,1.0,36.0,3.0,14.0,
79.0,20250101.0,126.0,0.0,0.0,1.0,36.0,3.0,14.0,
79.0,20231001.0,198.0,0.0,0.0,1.0,21.0,3.0,14.0,
79.0,20220101.0,162.0,0.0,0.0,1.0,0.0,3.0,14.0,
79.0,20230401.0,129.5,0.0,0.0,1.0,15.0,3.0,14.0,
79.0,20230301.0,180.5,0.0,0.0,1.0,14.0,3.0,14.0,
79.0,20250501.0,189.0,0.0,0.0,1.0,40.0,3.0,14.0,
79.0,20230101.0,198.0,0.0,0.0,1.0,12.0,3.0,14.0,
79.0,20240801.0,135.0,0.0,0.0,1.0,31.0,3.0,14.0,
79.0,20241101.0,189.0,0.0,0.0,1.0,34.0,3.0,14.0,
79.0,20220501.0,171.0,0.0,0.0,1.0,4.0,3.0,14.0,
79.0,20241001.0,207.0,0.0,0.0,1.0,33.0,3.0,14.0,
79.0,20240601.0,171.0,0.0,0.0,1.0,29.0,3.0,14.0,
79.0,20250301.0,126.0,0.0,0.0,1.0,38.0,3.0,14.0,
79.0,20230201.0,180.0,0.0,0.0,1.0,13.0,3.0,14.0,
79.0,20240201.0,189.0,0.0,0.0,1.0,25.0,3.0,14.0,
79.0,20230101.0,171.0,0.0,0.0,1.0,12.0,3.0,14.0,
79.0,20240301.0,132.0,0.0,0.0,1.0,26.0,3.0,14.0,
79.0,20220401.0,149.0,0.0,0.0,1.0,3.0,3.0,14.0,
79.0,20220601.0,198.0,0.0,0.0,1.0,5.0,3.0,14.0,
79.0,20241201.0,126.0,0.0,0.0,1.0,35.0,3.0,14.0,
79.0,20230801.0,153.0,0.0,0.0,1.0,19.0,3.0,14.0,
79.0,20240901.0,189.0,0.0,0.0,1.0,32.0,3.0,14.0,
79.0,20231201.0,144.0,0.0,0.0,1.0,23.0,3.0,14.0,
79.0,20221001.0,189.0,0.0,0.0,1.0,9.0,3.0,14.0,
79.0,20240101.0,144.0,0.0,0.0,1.0,24.0,3.0,14.0,
79.0,20230501.0,198.0,0.0,0.0,1.0,16.0,3.0,14.0,
79.0,20250601.0,177.0,0.0,0.0,1.0,41.0,3.0,14.0,
79.0,20230901.0,180.0,0.0,0.0,1.0,20.0,3.0,14.0,
79.0,20240401.0,140.5,0.0,0.0,1.0,27.0,3.0,14.0,
79.0,20231101.0,198.0,0.0,0.0,1.0,22.0,3.0,14.0,
79.0,20250201.0,180.0,0.0,0.0,1.0,37.0,3.0,14.0,
79.0,20230601.0,169.0,0.0,0.0,1.0,17.0,3.0,14.0,
79.0,20250401.0,189.0,0.0,0.0,1.0,39.0,3.0,14.0,
79.0,20221201.0,153.0,0.0,0.0,1.0,11.0,3.0,14.0,
79.0,20220301.0,207.0,0.0,0.0,1.0,1.0,3.0,14.0,
79.0,20221101.0,189.0,0.0,0.0,1.0,10.0,3.0,14.0,
79.0,20220201.0,180.0,0.0,0.0,1.0,1.0,3.0,14.0,
79.0,20240101.0,162.0,0.0,0.0,1.0,24.0,3.0,14.0,
79.0,20240501.0,198.0,0.0,0.0,1.0,28.0,3.0,14.0,
79.0,20220101.0,189.0,0.0,0.0,1.0,0.0,3.0,14.0,
79.0,20220901.0,198.0,0.0,0.0,1.0,8.0,3.0,14.0,
598.0,20220301.0,108.0,0.0,0.0,1.0,1.0,3.0,13.0,
598.0,20220201.0,171.0,0.0,0.0,1.0,1.0,3.0,13.0,
598.0,20220101.0,180.0,0.0,0.0,1.0,0.0,3.0,13.0,
80.0,20250101.0,180.0,0.0,0.0,1.0,36.0,3.0,13.0,
80.0,20250101.0,117.0,0.0,0.0,1.0,36.0,3.0,13.0,
80.0,20231001.0,198.0,0.0,0.0,1.0,21.0,3.0,13.0,
80.0,20220101.0,153.0,0.0,0.0,1.0,0.0,3.0,13.0,
80.0,20230401.0,129.5,0.0,0.0,1.0,15.0,3.0,13.0,
80.0,20230301.0,162.5,0.0,0.0,1.0,14.0,3.0,13.0,
80.0,20250501.0,153.0,0.0,0.0,1.0,40.0,3.0,13.0,
80.0,20230101.0,198.0,0.0,0.0,1.0,12.0,3.0,13.0,
80.0,20240801.0,108.0,0.0,0.0,1.0,31.0,3.0,13.0,
80.0,20241101.0,189.0,0.0,0.0,1.0,34.0,3.0,13.0,
80.0,20220501.0,153.0,0.0,0.0,1.0,4.0,3.0,13.0,
80.0,20241001.0,207.0,0.0,0.0,1.0,33.0,3.0,13.0,
80.0,20240601.0,171.0,0.0,0.0,1.0,29.0,3.0,13.0,
80.0,20250301.0,133.0,0.0,0.0,1.0,38.0,3.0,13.0,
80.0,20230201.0,180.0,0.0,0.0,1.0,13.0,3.0,13.0,
80.0,20240201.0,171.0,0.0,0.0,1.0,25.0,3.0,13.0,
80.0,20230101.0,180.0,0.0,0.0,1.0,12.0,3.0,13.0,
80.0,20240301.0,145.0,0.0,0.0,1.0,26.0,3.0,13.0,
80.0,20220401.0,149.0,0.0,0.0,1.0,3.0,3.0,13.0,
80.0,20220601.0,198.0,0.0,0.0,1.0,5.0,3.0,13.0,
80.0,20241201.0,126.0,0.0,0.0,1.0,35.0,3.0,13.0,
80.0,20230801.0,144.0,0.0,0.0,1.0,19.0,3.0,13.0,
80.0,20240901.0,189.0,0.0,0.0,1.0,32.0,3.0,13.0,
80.0,20231201.0,144.0,0.0,0.0,1.0,23.0,3.0,13.0,
80.0,20221001.0,189.0,0.0,0.0,1.0,9.0,3.0,13.0,
80.0,20240101.0,198.0,0.0,0.0,1.0,24.0,3.0,13.0,
80.0,20230501.0,180.0,0.0,0.0,1.0,16.0,3.0,13.0,
80.0,20250601.0,168.0,0.0,0.0,1.0,41.0,3.0,13.0,
80.0,20230901.0,180.0,0.0,0.0,1.0,20.0,3.0,13.0,
80.0,20240401.0,140.5,0.0,0.0,1.0,27.0,3.0,13.0,
80.0,20231101.0,90.0,0.0,0.0,1.0,22.0,3.0,13.0,
80.0,20250201.0,180.0,0.0,0.0,1.0,37.0,3.0,13.0,
80.0,20230601.0,169.0,0.0,0.0,1.0,17.0,3.0,13.0,
80.0,20250401.0,162.0,0.0,0.0,1.0,39.0,3.0,13.0,
80.0,20221201.0,153.0,0.0,0.0,1.0,11.0,3.0,13.0,
80.0,20220301.0,207.0,0.0,0.0,1.0,1.0,3.0,13.0,
80.0,20221101.0,198.0,0.0,0.0,1.0,10.0,3.0,13.0,
80.0,20220201.0,180.0,0.0,0.0,1.0,1.0,3.0,13.0,
80.0,20240101.0,162.0,0.0,0.0,1.0,24.0,3.0,13.0,
80.0,20240501.0,198.0,0.0,0.0,1.0,28.0,3.0,13.0,
80.0,20220101.0,189.0,0.0,0.0,1.0,0.0,3.0,13.0,
80.0,20220901.0,198.0,0.0,0.0,1.0,8.0,3.0,13.0,
484.0,20220101.0,159.34,0.0,0.0,1.0,0.0,1.0,22.0,
484.0,20220501.0,177.53,0.0,0.0,1.0,4.0,1.0,22.0,
484.0,20220401.0,137.37,0.0,0.0,1.0,3.0,1.0,22.0,
484.0,20220601.0,187.2,0.0,0.0,1.0,5.0,1.0,22.0,
484.0,20221001.0,178.0,0.0,0.0,1.0,9.0,1.0,22.0,
484.0,20220301.0,177.7,0.0,0.0,1.0,1.0,1.0,22.0,
484.0,20221101.0,80.8,0.0,0.0,1.0,10.0,1.0,22.0,
484.0,20220201.0,178.26,0.0,0.0,1.0,1.0,1.0,22.0,
484.0,20220101.0,186.4,0.0,0.0,1.0,0.0,1.0,22.0,
484.0,20220901.0,190.43,0.0,0.0,1.0,8.0,1.0,22.0,
81.0,20250101.0,180.33,0.0,0.0,1.0,36.0,1.0,11.0,
81.0,20250101.0,126.81,0.0,0.0,1.0,36.0,1.0,11.0,
81.0,20231001.0,194.59,0.0,0.0,1.0,21.0,1.0,11.0,
81.0,20220101.0,140.62,0.0,0.0,1.0,0.0,1.0,11.0,
81.0,20230401.0,94.0,0.0,0.0,1.0,15.0,1.0,11.0,
81.0,20230301.0,156.91,0.0,0.0,1.0,14.0,1.0,11.0,
81.0,20250501.0,172.07,0.0,0.0,1.0,40.0,1.0,11.0,
81.0,20230101.0,180.01,0.0,0.0,1.0,12.0,1.0,11.0,
81.0,20240801.0,172.83,0.0,0.0,1.0,31.0,1.0,11.0,
81.0,20241101.0,169.17,0.0,0.0,1.0,34.0,1.0,11.0,
81.0,20220501.0,137.59,0.0,0.0,1.0,4.0,1.0,11.0,
81.0,20241001.0,180.86,0.0,0.0,1.0,33.0,1.0,11.0,
81.0,20240601.0,135.87,0.0,0.0,1.0,29.0,1.0,11.0,
81.0,20250301.0,126.43,0.0,0.0,1.0,38.0,1.0,11.0,
81.0,20230201.0,144.06,0.0,0.0,1.0,13.0,1.0,11.0,
81.0,20240201.0,171.67,0.0,0.0,1.0,25.0,1.0,11.0,
81.0,20230101.0,144.99,0.0,0.0,1.0,12.0,1.0,11.0,
81.0,20240301.0,131.42,0.0,0.0,1.0,26.0,1.0,11.0,
81.0,20220401.0,130.39,0.0,0.0,1.0,3.0,1.0,11.0,
81.0,20220601.0,161.55,0.0,0.0,1.0,5.0,1.0,11.0,
81.0,20241201.0,171.23,0.0,0.0,1.0,35.0,1.0,11.0,
81.0,20230801.0,193.48,0.0,0.0,1.0,19.0,1.0,11.0,
81.0,20240901.0,179.82,0.0,0.0,1.0,32.0,1.0,11.0,
81.0,20231201.0,164.98,0.0,0.0,1.0,23.0,1.0,11.0,
81.0,20221001.0,150.85,0.0,0.0,1.0,9.0,1.0,11.0,
81.0,20240101.0,169.94,0.0,0.0,1.0,24.0,1.0,11.0,
81.0,20230501.0,168.22,0.0,0.0,1.0,16.0,1.0,11.0,
81.0,20250601.0,160.41,0.0,0.0,1.0,41.0,1.0,11.0,
81.0,20230901.0,156.75,0.0,0.0,1.0,20.0,1.0,11.0,
81.0,20240401.0,161.92,0.0,0.0,1.0,27.0,1.0,11.0,
81.0,20231101.0,178.31,0.0,0.0,1.0,22.0,1.0,11.0,
81.0,20250201.0,162.81,0.0,0.0,1.0,37.0,1.0,11.0,
81.0,20230601.0,159.17,0.0,0.0,1.0,17.0,1.0,11.0,
81.0,20250401.0,172.74,0.0,0.0,1.0,39.0,1.0,11.0,
81.0,20221201.0,168.66,0.0,0.0,1.0,11.0,1.0,11.0,
81.0,20220301.0,171.29,0.0,0.0,1.0,1.0,1.0,11.0,
81.0,20221101.0,177.58,0.0,0.0,1.0,10.0,1.0,11.0,
81.0,20220201.0,160.61,0.0,0.0,1.0,1.0,1.0,11.0,
81.0,20240101.0,196.04,0.0,0.0,1.0,24.0,1.0,11.0,
81.0,20240501.0,172.02,0.0,0.0,1.0,28.0,1.0,11.0,
81.0,20220101.0,150.66,0.0,0.0,1.0,0.0,1.0,11.0,
81.0,20220901.0,184.98,0.0,0.0,1.0,8.0,1.0,11.0,
82.0,20250101.0,180.17,0.0,0.0,1.0,36.0,1.0,3.0,
82.0,20250101.0,134.82,0.0,0.0,1.0,36.0,1.0,3.0,
82.0,20231001.0,171.66,0.0,0.0,1.0,21.0,1.0,3.0,
82.0,20220101.0,131.3,0.0,0.0,1.0,0.0,1.0,3.0,
82.0,20230401.0,101.23,0.0,0.0,1.0,15.0,1.0,3.0,
82.0,20230301.0,181.09,0.0,0.0,1.0,14.0,1.0,3.0,
82.0,20250501.0,189.79,0.0,0.0,1.0,40.0,1.0,3.0,
82.0,20230101.0,180.09,0.0,0.0,1.0,12.0,1.0,3.0,
82.0,20240801.0,89.48,0.0,0.0,1.0,31.0,1.0,3.0,
82.0,20241101.0,198.76,0.0,0.0,1.0,34.0,1.0,3.0,
82.0,20220501.0,143.85,0.0,0.0,1.0,4.0,1.0,3.0,
82.0,20241001.0,197.85,0.0,0.0,1.0,33.0,1.0,3.0,
82.0,20240601.0,160.93,0.0,0.0,1.0,29.0,1.0,3.0,
82.0,20250301.0,131.35,0.0,0.0,1.0,38.0,1.0,3.0,
82.0,20230201.0,169.56,0.0,0.0,1.0,13.0,1.0,3.0,
82.0,20240201.0,188.89,0.0,0.0,1.0,25.0,1.0,3.0,
82.0,20230101.0,179.13,0.0,0.0,1.0,12.0,1.0,3.0,
82.0,20240301.0,142.75,0.0,0.0,1.0,26.0,1.0,3.0,
82.0,20220401.0,124.84,0.0,0.0,1.0,3.0,1.0,3.0,
82.0,20220601.0,175.54,0.0,0.0,1.0,5.0,1.0,3.0,
82.0,20241201.0,165.32,0.0,0.0,1.0,35.0,1.0,3.0,
82.0,20230801.0,63.42,0.0,0.0,1.0,19.0,1.0,3.0,
82.0,20240901.0,181.75,0.0,0.0,1.0,32.0,1.0,3.0,
82.0,20231201.0,133.63,0.0,0.0,1.0,23.0,1.0,3.0,
82.0,20221001.0,60.0,0.0,0.0,1.0,9.0,1.0,3.0,
82.0,20240101.0,203.31,0.0,0.0,1.0,24.0,1.0,3.0,
82.0,20230501.0,170.93,0.0,0.0,1.0,16.0,1.0,3.0,
82.0,20250601.0,171.58,0.0,0.0,1.0,41.0,1.0,3.0,
82.0,20230901.0,170.28,0.0,0.0,1.0,20.0,1.0,3.0,
82.0,20240401.0,163.4,0.0,0.0,1.0,27.0,1.0,3.0,
82.0,20231101.0,198.0,0.0,0.0,1.0,22.0,1.0,3.0,
82.0,20250201.0,179.9,0.0,0.0,1.0,37.0,1.0,3.0,
82.0,20230601.0,153.09,0.0,0.0,1.0,17.0,1.0,3.0,
82.0,20250401.0,179.71,0.0,0.0,1.0,39.0,1.0,3.0,
82.0,20221201.0,130.84,0.0,0.0,1.0,11.0,1.0,3.0,
82.0,20220301.0,174.68,0.0,0.0,1.0,1.0,1.0,3.0,
82.0,20221101.0,166.11,0.0,0.0,1.0,10.0,1.0,3.0,
82.0,20220201.0,163.97,0.0,0.0,1.0,1.0,1.0,3.0,
82.0,20240101.0,186.62,0.0,0.0,1.0,24.0,1.0,3.0,
82.0,20240501.0,198.86,0.0,0.0,1.0,28.0,1.0,3.0,
82.0,20220101.0,9.47,0.0,0.0,1.0,0.0,1.0,3.0,
82.0,20220901.0,203.85,0.0,0.0,1.0,8.0,1.0,3.0,
10.0,20250101.0,198.0,0.0,0.0,1.0,36.0,2.0,5.0,
10.0,20250101.0,126.0,0.0,0.0,1.0,36.0,2.0,5.0,
10.0,20231001.0,198.0,0.0,0.0,1.0,21.0,2.0,5.0,
10.0,20220101.0,180.0,0.0,0.0,1.0,0.0,2.0,5.0,
10.0,20230401.0,171.0,0.0,0.0,1.0,15.0,2.0,5.0,
10.0,20230301.0,198.0,0.0,0.0,1.0,14.0,2.0,5.0,
10.0,20250501.0,189.0,0.0,0.0,1.0,40.0,2.0,5.0,
10.0,20230101.0,198.0,0.0,0.0,1.0,12.0,2.0,5.0,
10.0,20240801.0,90.0,0.0,0.0,1.0,31.0,2.0,5.0,
10.0,20241101.0,135.0,0.0,0.0,1.0,34.0,2.0,5.0,
10.0,20220501.0,189.0,0.0,0.0,1.0,4.0,2.0,5.0,
10.0,20241001.0,207.0,0.0,0.0,1.0,33.0,2.0,5.0,
10.0,20240601.0,171.0,0.0,0.0,1.0,29.0,2.0,5.0,
10.0,20250301.0,133.0,0.0,0.0,1.0,38.0,2.0,5.0,
10.0,20230201.0,135.0,0.0,0.0,1.0,13.0,2.0,5.0,
10.0,20240201.0,189.0,0.0,0.0,1.0,25.0,2.0,5.0,
10.0,20230101.0,180.0,0.0,0.0,1.0,12.0,2.0,5.0,
10.0,20240301.0,109.0,0.0,0.0,1.0,26.0,2.0,5.0,
10.0,20220401.0,139.0,0.0,0.0,1.0,3.0,2.0,5.0,
10.0,20220601.0,198.0,0.0,0.0,1.0,5.0,2.0,5.0,
10.0,20241201.0,184.5,0.0,0.0,1.0,35.0,2.0,5.0,
10.0,20230801.0,108.0,0.0,0.0,1.0,19.0,2.0,5.0,
10.0,20240901.0,189.0,0.0,0.0,1.0,32.0,2.0,5.0,
10.0,20231201.0,180.0,0.0,0.0,1.0,23.0,2.0,5.0,
10.0,20221001.0,189.0,0.0,0.0,1.0,9.0,2.0,5.0,
10.0,20240101.0,162.0,0.0,0.0,1.0,24.0,2.0,5.0,
10.0,20230501.0,162.0,0.0,0.0,1.0,16.0,2.0,5.0,
10.0,20250601.0,177.0,0.0,0.0,1.0,41.0,2.0,5.0,
10.0,20230901.0,180.0,0.0,0.0,1.0,20.0,2.0,5.0,
10.0,20240401.0,162.5,0.0,0.0,1.0,27.0,2.0,5.0,
10.0,20231101.0,198.0,0.0,0.0,1.0,22.0,2.0,5.0,
10.0,20250201.0,180.0,0.0,0.0,1.0,37.0,2.0,5.0,
10.0,20230601.0,169.0,0.0,0.0,1.0,17.0,2.0,5.0,
10.0,20250401.0,189.0,0.0,0.0,1.0,39.0,2.0,5.0,
10.0,20221201.0,193.0,0.0,0.0,1.0,11.0,2.0,5.0,
10.0,20220301.0,207.0,0.0,0.0,1.0,1.0,2.0,5.0,
10.0,20221101.0,144.0,0.0,0.0,1.0,10.0,2.0,5.0,
10.0,20220201.0,180.0,0.0,0.0,1.0,1.0,2.0,5.0,
10.0,20240101.0,198.0,0.0,0.0,1.0,24.0,2.0,5.0,
10.0,20240501.0,198.0,0.0,0.0,1.0,28.0,2.0,5.0,
10.0,20220101.0,189.0,0.0,0.0,1.0,0.0,2.0,5.0,
10.0,20220901.0,171.0,0.0,0.0,1.0,8.0,2.0,5.0,
83.0,20250101.0,185.37,0.0,0.0,1.0,36.0,2.0,22.0,
83.0,20250101.0,100.58,0.0,0.0,1.0,36.0,2.0,22.0,
83.0,20231001.0,139.81,0.0,0.0,1.0,21.0,2.0,22.0,
83.0,20220101.0,146.48,0.0,0.0,1.0,0.0,2.0,22.0,
83.0,20230401.0,127.27,0.0,0.0,1.0,15.0,2.0,22.0,
83.0,20230301.0,176.21,0.0,0.0,1.0,14.0,2.0,22.0,
83.0,20250501.0,164.71,0.0,0.0,1.0,40.0,2.0,22.0,
83.0,20230101.0,178.9,0.0,0.0,1.0,12.0,2.0,22.0,
83.0,20240801.0,159.91,0.0,0.0,1.0,31.0,2.0,22.0,
83.0,20241101.0,116.23,0.0,0.0,1.0,34.0,2.0,22.0,
83.0,20220501.0,123.81,0.0,0.0,1.0,4.0,2.0,22.0,
83.0,20241001.0,177.49,0.0,0.0,1.0,33.0,2.0,22.0,
83.0,20240601.0,149.1,0.0,0.0,1.0,29.0,2.0,22.0,
83.0,20250301.0,124.62,0.0,0.0,1.0,38.0,2.0,22.0,
83.0,20230201.0,105.98,0.0,0.0,1.0,13.0,2.0,22.0,
83.0,20240201.0,165.09,0.0,0.0,1.0,25.0,2.0,22.0,
83.0,20230101.0,138.04,0.0,0.0,1.0,12.0,2.0,22.0,
83.0,20240301.0,124.91,0.0,0.0,1.0,26.0,2.0,22.0,
83.0,20220401.0,137.66,0.0,0.0,1.0,3.0,2.0,22.0,
83.0,20220601.0,179.34,0.0,0.0,1.0,5.0,2.0,22.0,
83.0,20241201.0,169.14,0.0,0.0,1.0,35.0,2.0,22.0,
83.0,20230801.0,155.25,0.0,0.0,1.0,19.0,2.0,22.0,
83.0,20240901.0,154.14,0.0,0.0,1.0,32.0,2.0,22.0,
83.0,20231201.0,122.22,0.0,0.0,1.0,23.0,2.0,22.0,
83.0,20221001.0,175.26,0.0,0.0,1.0,9.0,2.0,22.0,
83.0,20240101.0,180.48,0.0,0.0,1.0,24.0,2.0,22.0,
83.0,20230501.0,175.75,0.0,0.0,1.0,16.0,2.0,22.0,
83.0,20250601.0,129.95,0.0,0.0,1.0,41.0,2.0,22.0,
83.0,20230901.0,152.67,0.0,0.0,1.0,20.0,2.0,22.0,
83.0,20240401.0,145.48,0.0,0.0,1.0,27.0,2.0,22.0,
83.0,20231101.0,177.35,0.0,0.0,1.0,22.0,2.0,22.0,
83.0,20250201.0,151.82,0.0,0.0,1.0,37.0,2.0,22.0,
83.0,20230601.0,131.07,0.0,0.0,1.0,17.0,2.0,22.0,
83.0,20250401.0,162.45,0.0,0.0,1.0,39.0,2.0,22.0,
83.0,20221201.0,174.47,0.0,0.0,1.0,11.0,2.0,22.0,
83.0,20220301.0,189.85,0.0,0.0,1.0,1.0,2.0,22.0,
83.0,20221101.0,172.71,0.0,0.0,1.0,10.0,2.0,22.0,
83.0,20220201.0,170.36,0.0,0.0,1.0,1.0,2.0,22.0,
83.0,20240101.0,161.33,0.0,0.0,1.0,24.0,2.0,22.0,
83.0,20240501.0,177.87,0.0,0.0,1.0,28.0,2.0,22.0,
83.0,20220101.0,183.03,0.0,0.0,1.0,0.0,2.0,22.0,
83.0,20220901.0,160.79,0.0,0.0,1.0,8.0,2.0,22.0,
84.0,20250101.0,180.43,0.0,0.0,1.0,36.0,1.0,9.0,
84.0,20250101.0,108.25,0.0,0.0,1.0,36.0,1.0,9.0,
84.0,20231001.0,180.15,0.0,0.0,1.0,21.0,1.0,9.0,
84.0,20220101.0,166.38,0.0,0.0,1.0,0.0,1.0,9.0,
84.0,20230401.0,118.0,0.0,0.0,1.0,15.0,1.0,9.0,
84.0,20230301.0,184.79,0.0,0.0,1.0,14.0,1.0,9.0,
84.0,20250501.0,165.84,0.0,0.0,1.0,40.0,1.0,9.0,
84.0,20230101.0,164.27,0.0,0.0,1.0,12.0,1.0,9.0,
84.0,20240801.0,117.21,0.0,0.0,1.0,31.0,1.0,9.0,
84.0,20241101.0,174.19,0.0,0.0,1.0,34.0,1.0,9.0,
84.0,20220501.0,169.43,0.0,0.0,1.0,4.0,1.0,9.0,
84.0,20241001.0,180.08,0.0,0.0,1.0,33.0,1.0,9.0,
84.0,20240601.0,150.82,0.0,0.0,1.0,29.0,1.0,9.0,
84.0,20250301.0,113.43,0.0,0.0,1.0,38.0,1.0,9.0,
84.0,20230201.0,183.52,0.0,0.0,1.0,13.0,1.0,9.0,
84.0,20240201.0,164.25,0.0,0.0,1.0,25.0,1.0,9.0,
84.0,20230101.0,173.93,0.0,0.0,1.0,12.0,1.0,9.0,
84.0,20240301.0,108.49,0.0,0.0,1.0,26.0,1.0,9.0,
84.0,20220401.0,133.4,0.0,0.0,1.0,3.0,1.0,9.0,
84.0,20220601.0,208.58,0.0,0.0,1.0,5.0,1.0,9.0,
84.0,20241201.0,170.1,0.0,0.0,1.0,35.0,1.0,9.0,
84.0,20230801.0,99.13,0.0,0.0,1.0,19.0,1.0,9.0,
84.0,20240901.0,184.87,0.0,0.0,1.0,32.0,1.0,9.0,
84.0,20231201.0,173.13,0.0,0.0,1.0,23.0,1.0,9.0,
84.0,20221001.0,169.88,0.0,0.0,1.0,9.0,1.0,9.0,
84.0,20240101.0,171.25,0.0,0.0,1.0,24.0,1.0,9.0,
84.0,20230501.0,198.86,0.0,0.0,1.0,16.0,1.0,9.0,
84.0,20250601.0,140.54,0.0,0.0,1.0,41.0,1.0,9.0,
84.0,20230901.0,184.95,0.0,0.0,1.0,20.0,1.0,9.0,
84.0,20240401.0,152.17,0.0,0.0,1.0,27.0,1.0,9.0,
84.0,20231101.0,198.13,0.0,0.0,1.0,22.0,1.0,9.0,
84.0,20250201.0,168.79,0.0,0.0,1.0,37.0,1.0,9.0,
84.0,20230601.0,177.7,0.0,0.0,1.0,17.0,1.0,9.0,
84.0,20250401.0,171.57,0.0,0.0,1.0,39.0,1.0,9.0,
84.0,20221201.0,173.83,0.0,0.0,1.0,11.0,1.0,9.0,
84.0,20220301.0,191.24,0.0,0.0,1.0,1.0,1.0,9.0,
84.0,20221101.0,187.91,0.0,0.0,1.0,10.0,1.0,9.0,
84.0,20220201.0,192.58,0.0,0.0,1.0,1.0,1.0,9.0,
84.0,20240101.0,190.02,0.0,0.0,1.0,24.0,1.0,9.0,
84.0,20240501.0,178.76,0.0,0.0,1.0,28.0,1.0,9.0,
84.0,20220101.0,93.27,0.0,0.0,1.0,0.0,1.0,9.0,
84.0,20220901.0,222.07,0.0,0.0,1.0,8.0,1.0,9.0,
485.0,20220101.0,155.01,0.0,0.0,1.0,0.0,1.0,11.0,
485.0,20230401.0,84.48,0.0,0.0,1.0,15.0,1.0,11.0,
485.0,20230301.0,150.8,0.0,0.0,1.0,14.0,1.0,11.0,
485.0,20230101.0,183.2,0.0,0.0,1.0,12.0,1.0,11.0,
485.0,20220501.0,186.05,0.0,0.0,1.0,4.0,1.0,11.0,
485.0,20230201.0,160.27,0.0,0.0,1.0,13.0,1.0,11.0,
485.0,20220401.0,124.59,0.0,0.0,1.0,3.0,1.0,11.0,
485.0,20220601.0,204.7,0.0,0.0,1.0,5.0,1.0,11.0,
485.0,20221001.0,189.52,0.0,0.0,1.0,9.0,1.0,11.0,
485.0,20221201.0,194.57,0.0,0.0,1.0,11.0,1.0,11.0,
485.0,20220301.0,196.25,0.0,0.0,1.0,1.0,1.0,11.0,
485.0,20221101.0,201.68,0.0,0.0,1.0,10.0,1.0,11.0,
485.0,20220201.0,156.43,0.0,0.0,1.0,1.0,1.0,11.0,
485.0,20220101.0,158.07,0.0,0.0,1.0,0.0,1.0,11.0,
485.0,20220901.0,193.5,0.0,0.0,1.0,8.0,1.0,11.0,
85.0,20250101.0,199.78,0.0,0.0,1.0,36.0,1.0,2.0,
85.0,20250101.0,127.46,0.0,0.0,1.0,36.0,1.0,2.0,
85.0,20231001.0,215.23,0.0,0.0,1.0,21.0,1.0,2.0,
85.0,20220101.0,168.07,0.0,0.0,1.0,0.0,1.0,2.0,
85.0,20230401.0,133.43,0.0,0.0,1.0,15.0,1.0,2.0,
85.0,20230301.0,185.13,0.0,0.0,1.0,14.0,1.0,2.0,
85.0,20250501.0,180.13,0.0,0.0,1.0,40.0,1.0,2.0,
85.0,20230101.0,189.19,0.0,0.0,1.0,12.0,1.0,2.0,
85.0,20240801.0,135.68,0.0,0.0,1.0,31.0,1.0,2.0,
85.0,20241101.0,173.78,0.0,0.0,1.0,34.0,1.0,2.0,
85.0,20220501.0,198.17,0.0,0.0,1.0,4.0,1.0,2.0,
85.0,20241001.0,202.26,0.0,0.0,1.0,33.0,1.0,2.0,
85.0,20240601.0,165.52,0.0,0.0,1.0,29.0,1.0,2.0,
85.0,20250301.0,127.81,0.0,0.0,1.0,38.0,1.0,2.0,
85.0,20230201.0,186.62,0.0,0.0,1.0,13.0,1.0,2.0,
85.0,20240201.0,191.5,0.0,0.0,1.0,25.0,1.0,2.0,
85.0,20230101.0,180.33,0.0,0.0,1.0,12.0,1.0,2.0,
85.0,20240301.0,97.77,0.0,0.0,1.0,26.0,1.0,2.0,
85.0,20220401.0,162.46,0.0,0.0,1.0,3.0,1.0,2.0,
85.0,20220601.0,200.82,0.0,0.0,1.0,5.0,1.0,2.0,
85.0,20241201.0,178.7,0.0,0.0,1.0,35.0,1.0,2.0,
85.0,20230801.0,139.69,0.0,0.0,1.0,19.0,1.0,2.0,
85.0,20240901.0,189.16,0.0,0.0,1.0,32.0,1.0,2.0,
85.0,20231201.0,187.16,0.0,0.0,1.0,23.0,1.0,2.0,
85.0,20221001.0,182.01,0.0,0.0,1.0,9.0,1.0,2.0,
85.0,20240101.0,171.01,0.0,0.0,1.0,24.0,1.0,2.0,
85.0,20230501.0,191.69,0.0,0.0,1.0,16.0,1.0,2.0,
85.0,20250601.0,165.25,0.0,0.0,1.0,41.0,1.0,2.0,
85.0,20230901.0,196.68,0.0,0.0,1.0,20.0,1.0,2.0,
85.0,20240401.0,164.77,0.0,0.0,1.0,27.0,1.0,2.0,
85.0,20231101.0,198.39,0.0,0.0,1.0,22.0,1.0,2.0,
85.0,20250201.0,173.32,0.0,0.0,1.0,37.0,1.0,2.0,
85.0,20230601.0,177.52,0.0,0.0,1.0,17.0,1.0,2.0,
85.0,20250401.0,173.02,0.0,0.0,1.0,39.0,1.0,2.0,
85.0,20221201.0,183.43,0.0,0.0,1.0,11.0,1.0,2.0,
85.0,20220301.0,211.34,0.0,0.0,1.0,1.0,1.0,2.0,
85.0,20221101.0,196.25,0.0,0.0,1.0,10.0,1.0,2.0,
85.0,20220201.0,144.97,0.0,0.0,1.0,1.0,1.0,2.0,
85.0,20240101.0,172.38,0.0,0.0,1.0,24.0,1.0,2.0,
85.0,20240501.0,199.46,0.0,0.0,1.0,28.0,1.0,2.0,
85.0,20220101.0,153.27,0.0,0.0,1.0,0.0,1.0,2.0,
85.0,20220901.0,214.69,0.0,0.0,1.0,8.0,1.0,2.0,
407.0,20231001.0,171.0,0.0,0.0,1.0,21.0,3.0,22.0,
407.0,20220101.0,126.0,0.0,0.0,1.0,0.0,3.0,22.0,
407.0,20230401.0,129.5,0.0,0.0,1.0,15.0,3.0,22.0,
407.0,20230301.0,180.5,0.0,0.0,1.0,14.0,3.0,22.0,
407.0,20230101.0,180.0,0.0,0.0,1.0,12.0,3.0,22.0,
407.0,20240801.0,144.0,0.0,0.0,1.0,31.0,3.0,22.0,
407.0,20241101.0,184.5,0.0,0.0,1.0,34.0,3.0,22.0,
407.0,20220501.0,180.0,0.0,0.0,1.0,4.0,3.0,22.0,
407.0,20241001.0,198.0,0.0,0.0,1.0,33.0,3.0,22.0,
407.0,20240601.0,171.0,0.0,0.0,1.0,29.0,3.0,22.0,
407.0,20230201.0,180.0,0.0,0.0,1.0,13.0,3.0,22.0,
407.0,20240201.0,189.0,0.0,0.0,1.0,25.0,3.0,22.0,
407.0,20230101.0,135.0,0.0,0.0,1.0,12.0,3.0,22.0,
407.0,20240301.0,138.5,0.0,0.0,1.0,26.0,3.0,22.0,
407.0,20220401.0,149.0,0.0,0.0,1.0,3.0,3.0,22.0,
407.0,20220601.0,189.0,0.0,0.0,1.0,5.0,3.0,22.0,
407.0,20241201.0,126.0,0.0,0.0,1.0,35.0,3.0,22.0,
407.0,20230801.0,198.0,0.0,0.0,1.0,19.0,3.0,22.0,
407.0,20240901.0,189.0,0.0,0.0,1.0,32.0,3.0,22.0,
407.0,20231201.0,144.0,0.0,0.0,1.0,23.0,3.0,22.0,
407.0,20221001.0,189.0,0.0,0.0,1.0,9.0,3.0,22.0,
407.0,20240101.0,180.0,0.0,0.0,1.0,24.0,3.0,22.0,
407.0,20230501.0,198.0,0.0,0.0,1.0,16.0,3.0,22.0,
407.0,20230901.0,180.0,0.0,0.0,1.0,20.0,3.0,22.0,
407.0,20240401.0,131.5,0.0,0.0,1.0,27.0,3.0,22.0,
407.0,20231101.0,198.0,0.0,0.0,1.0,22.0,3.0,22.0,
407.0,20230601.0,160.0,0.0,0.0,1.0,17.0,3.0,22.0,
407.0,20221201.0,153.0,0.0,0.0,1.0,11.0,3.0,22.0,
407.0,20220301.0,198.0,0.0,0.0,1.0,1.0,3.0,22.0,
407.0,20221101.0,198.0,0.0,0.0,1.0,10.0,3.0,22.0,
407.0,20220201.0,180.0,0.0,0.0,1.0,1.0,3.0,22.0,
407.0,20240101.0,153.0,0.0,0.0,1.0,24.0,3.0,22.0,
407.0,20240501.0,189.0,0.0,0.0,1.0,28.0,3.0,22.0,
407.0,20220101.0,171.0,0.0,0.0,1.0,0.0,3.0,22.0,
407.0,20220901.0,180.0,0.0,0.0,1.0,8.0,3.0,22.0,
86.0,20250101.0,125.61,0.0,0.0,1.0,36.0,1.0,22.0,
86.0,20250101.0,100.45,0.0,0.0,1.0,36.0,1.0,22.0,
86.0,20231001.0,137.34,0.0,0.0,1.0,21.0,1.0,22.0,
86.0,20220101.0,142.26,0.0,0.0,1.0,0.0,1.0,22.0,
86.0,20230401.0,128.02,0.0,0.0,1.0,15.0,1.0,22.0,
86.0,20230301.0,187.84,0.0,0.0,1.0,14.0,1.0,22.0,
86.0,20250501.0,163.33,0.0,0.0,1.0,40.0,1.0,22.0,
86.0,20230101.0,157.39,0.0,0.0,1.0,12.0,1.0,22.0,
86.0,20240801.0,145.46,0.0,0.0,1.0,31.0,1.0,22.0,
86.0,20241101.0,182.15,0.0,0.0,1.0,34.0,1.0,22.0,
86.0,20220501.0,174.86,0.0,0.0,1.0,4.0,1.0,22.0,
86.0,20241001.0,184.92,0.0,0.0,1.0,33.0,1.0,22.0,
86.0,20240601.0,161.48,0.0,0.0,1.0,29.0,1.0,22.0,
86.0,20250301.0,120.67,0.0,0.0,1.0,38.0,1.0,22.0,
86.0,20230201.0,184.96,0.0,0.0,1.0,13.0,1.0,22.0,
86.0,20240201.0,155.61,0.0,0.0,1.0,25.0,1.0,22.0,
86.0,20230101.0,158.92,0.0,0.0,1.0,12.0,1.0,22.0,
86.0,20240301.0,102.79,0.0,0.0,1.0,26.0,1.0,22.0,
86.0,20220401.0,134.05,0.0,0.0,1.0,3.0,1.0,22.0,
86.0,20220601.0,194.32,0.0,0.0,1.0,5.0,1.0,22.0,
86.0,20241201.0,158.56,0.0,0.0,1.0,35.0,1.0,22.0,
86.0,20230801.0,135.68,0.0,0.0,1.0,19.0,1.0,22.0,
86.0,20240901.0,187.44,0.0,0.0,1.0,32.0,1.0,22.0,
86.0,20231201.0,156.53,0.0,0.0,1.0,23.0,1.0,22.0,
86.0,20221001.0,178.97,0.0,0.0,1.0,9.0,1.0,22.0,
86.0,20240101.0,191.29,0.0,0.0,1.0,24.0,1.0,22.0,
86.0,20230501.0,200.32,0.0,0.0,1.0,16.0,1.0,22.0,
86.0,20250601.0,158.14,0.0,0.0,1.0,41.0,1.0,22.0,
86.0,20230901.0,158.86,0.0,0.0,1.0,20.0,1.0,22.0,
86.0,20240401.0,127.31,0.0,0.0,1.0,27.0,1.0,22.0,
86.0,20231101.0,182.33,0.0,0.0,1.0,22.0,1.0,22.0,
86.0,20250201.0,164.13,0.0,0.0,1.0,37.0,1.0,22.0,
86.0,20230601.0,154.56,0.0,0.0,1.0,17.0,1.0,22.0,
86.0,20250401.0,167.75,0.0,0.0,1.0,39.0,1.0,22.0,
86.0,20221201.0,171.5,0.0,0.0,1.0,11.0,1.0,22.0,
86.0,20220301.0,184.06,0.0,0.0,1.0,1.0,1.0,22.0,
86.0,20221101.0,175.64,0.0,0.0,1.0,10.0,1.0,22.0,
86.0,20220201.0,186.9,0.0,0.0,1.0,1.0,1.0,22.0,
86.0,20240101.0,119.07,0.0,0.0,1.0,24.0,1.0,22.0,
86.0,20240501.0,152.9,0.0,0.0,1.0,28.0,1.0,22.0,
86.0,20220101.0,182.38,0.0,0.0,1.0,0.0,1.0,22.0,
86.0,20220901.0,203.16,0.0,0.0,1.0,8.0,1.0,22.0,
87.0,20250101.0,160.68,0.0,0.0,1.0,36.0,1.0,3.0,
87.0,20250101.0,141.39,0.0,0.0,1.0,36.0,1.0,3.0,
87.0,20231001.0,178.06,0.0,0.0,1.0,21.0,1.0,3.0,
87.0,20220101.0,124.39,0.0,0.0,1.0,0.0,1.0,3.0,
87.0,20230401.0,110.34,0.0,0.0,1.0,15.0,1.0,3.0,
87.0,20230301.0,168.08,0.0,0.0,1.0,14.0,1.0,3.0,
87.0,20250501.0,164.88,0.0,0.0,1.0,40.0,1.0,3.0,
87.0,20230101.0,183.36,0.0,0.0,1.0,12.0,1.0,3.0,
87.0,20240801.0,85.13,0.0,0.0,1.0,31.0,1.0,3.0,
87.0,20241101.0,126.95,0.0,0.0,1.0,34.0,1.0,3.0,
87.0,20220501.0,156.49,0.0,0.0,1.0,4.0,1.0,3.0,
87.0,20241001.0,0.0,0.0,0.0,1.0,33.0,1.0,3.0,
87.0,20240601.0,151.78,0.0,0.0,1.0,29.0,1.0,3.0,
87.0,20250301.0,129.94,0.0,0.0,1.0,38.0,1.0,3.0,
87.0,20230201.0,165.61,0.0,0.0,1.0,13.0,1.0,3.0,
87.0,20240201.0,166.3,0.0,0.0,1.0,25.0,1.0,3.0,
87.0,20230101.0,169.11,0.0,0.0,1.0,12.0,1.0,3.0,
87.0,20240301.0,139.08,0.0,0.0,1.0,26.0,1.0,3.0,
87.0,20220401.0,128.31,0.0,0.0,1.0,3.0,1.0,3.0,
87.0,20220601.0,169.03,0.0,0.0,1.0,5.0,1.0,3.0,
87.0,20241201.0,164.91,0.0,0.0,1.0,35.0,1.0,3.0,
87.0,20230801.0,78.96,0.0,0.0,1.0,19.0,1.0,3.0,
87.0,20240901.0,107.88,0.0,0.0,1.0,32.0,1.0,3.0,
87.0,20231201.0,132.51,0.0,0.0,1.0,23.0,1.0,3.0,
87.0,20221001.0,173.03,0.0,0.0,1.0,9.0,1.0,3.0,
87.0,20240101.0,195.51,0.0,0.0,1.0,24.0,1.0,3.0,
87.0,20230501.0,116.43,0.0,0.0,1.0,16.0,1.0,3.0,
87.0,20250601.0,153.76,0.0,0.0,1.0,41.0,1.0,3.0,
87.0,20230901.0,79.43,0.0,0.0,1.0,20.0,1.0,3.0,
87.0,20240401.0,121.08,0.0,0.0,1.0,27.0,1.0,3.0,
87.0,20231101.0,200.87,0.0,0.0,1.0,22.0,1.0,3.0,
87.0,20250201.0,143.53,0.0,0.0,1.0,37.0,1.0,3.0,
87.0,20230601.0,16.07,0.0,0.0,1.0,17.0,1.0,3.0,
87.0,20250401.0,173.01,0.0,0.0,1.0,39.0,1.0,3.0,
87.0,20221201.0,130.92,0.0,0.0,1.0,11.0,1.0,3.0,
87.0,20220301.0,204.19,0.0,0.0,1.0,1.0,1.0,3.0,
87.0,20221101.0,149.52,0.0,0.0,1.0,10.0,1.0,3.0,
87.0,20220201.0,155.74,0.0,0.0,1.0,1.0,1.0,3.0,
87.0,20240101.0,179.7,0.0,0.0,1.0,24.0,1.0,3.0,
87.0,20240501.0,167.77,0.0,0.0,1.0,28.0,1.0,3.0,
87.0,20220101.0,96.46,0.0,0.0,1.0,0.0,1.0,3.0,
87.0,20220901.0,192.63,0.0,0.0,1.0,8.0,1.0,3.0,
88.0,20250101.0,200.0,0.0,0.0,1.0,36.0,1.0,3.0,
88.0,20250101.0,133.55,0.0,0.0,1.0,36.0,1.0,3.0,
88.0,20231001.0,196.15,0.0,0.0,1.0,21.0,1.0,3.0,
88.0,20220101.0,166.37,0.0,0.0,1.0,0.0,1.0,3.0,
88.0,20230401.0,131.82,0.0,0.0,1.0,15.0,1.0,3.0,
88.0,20230301.0,181.31,0.0,0.0,1.0,14.0,1.0,3.0,
88.0,20250501.0,207.06,0.0,0.0,1.0,40.0,1.0,3.0,
88.0,20230101.0,193.55,0.0,0.0,1.0,12.0,1.0,3.0,
88.0,20240801.0,97.73,0.0,0.0,1.0,31.0,1.0,3.0,
88.0,20241101.0,206.93,0.0,0.0,1.0,34.0,1.0,3.0,
88.0,20220501.0,173.0,0.0,0.0,1.0,4.0,1.0,3.0,
88.0,20241001.0,223.68,0.0,0.0,1.0,33.0,1.0,3.0,
88.0,20240601.0,180.17,0.0,0.0,1.0,29.0,1.0,3.0,
88.0,20250301.0,153.92,0.0,0.0,1.0,38.0,1.0,3.0,
88.0,20230201.0,176.32,0.0,0.0,1.0,13.0,1.0,3.0,
88.0,20240201.0,195.71,0.0,0.0,1.0,25.0,1.0,3.0,
88.0,20230101.0,194.94,0.0,0.0,1.0,12.0,1.0,3.0,
88.0,20240301.0,149.03,0.0,0.0,1.0,26.0,1.0,3.0,
88.0,20220401.0,140.74,0.0,0.0,1.0,3.0,1.0,3.0,
88.0,20220601.0,191.39,0.0,0.0,1.0,5.0,1.0,3.0,
88.0,20241201.0,171.85,0.0,0.0,1.0,35.0,1.0,3.0,
88.0,20230801.0,90.08,0.0,0.0,1.0,19.0,1.0,3.0,
88.0,20240901.0,190.07,0.0,0.0,1.0,32.0,1.0,3.0,
88.0,20231201.0,147.8,0.0,0.0,1.0,23.0,1.0,3.0,
88.0,20221001.0,184.03,0.0,0.0,1.0,9.0,1.0,3.0,
88.0,20240101.0,204.05,0.0,0.0,1.0,24.0,1.0,3.0,
88.0,20230501.0,194.71,0.0,0.0,1.0,16.0,1.0,3.0,
88.0,20250601.0,201.72,0.0,0.0,1.0,41.0,1.0,3.0,
88.0,20230901.0,187.73,0.0,0.0,1.0,20.0,1.0,3.0,
88.0,20240401.0,161.05,0.0,0.0,1.0,27.0,1.0,3.0,
88.0,20231101.0,200.91,0.0,0.0,1.0,22.0,1.0,3.0,
88.0,20250201.0,196.36,0.0,0.0,1.0,37.0,1.0,3.0,
88.0,20230601.0,180.5,0.0,0.0,1.0,17.0,1.0,3.0,
88.0,20250401.0,189.35,0.0,0.0,1.0,39.0,1.0,3.0,
88.0,20221201.0,128.34,0.0,0.0,1.0,11.0,1.0,3.0,
88.0,20220301.0,208.62,0.0,0.0,1.0,1.0,1.0,3.0,
88.0,20221101.0,136.95,0.0,0.0,1.0,10.0,1.0,3.0,
88.0,20220201.0,179.19,0.0,0.0,1.0,1.0,1.0,3.0,
88.0,20240101.0,174.18,0.0,0.0,1.0,24.0,1.0,3.0,
88.0,20240501.0,193.32,0.0,0.0,1.0,28.0,1.0,3.0,
88.0,20220101.0,194.33,0.0,0.0,1.0,0.0,1.0,3.0,
88.0,20220901.0,194.11,0.0,0.0,1.0,8.0,1.0,3.0,
89.0,20250101.0,184.54,0.0,0.0,1.0,36.0,2.0,22.0,
89.0,20250101.0,126.62,0.0,0.0,1.0,36.0,2.0,22.0,
89.0,20231001.0,197.05,0.0,0.0,1.0,21.0,2.0,22.0,
89.0,20220101.0,73.43,0.0,0.0,1.0,0.0,2.0,22.0,
89.0,20230401.0,122.12,0.0,0.0,1.0,15.0,2.0,22.0,
89.0,20230301.0,160.72,0.0,0.0,1.0,14.0,2.0,22.0,
89.0,20250501.0,179.61,0.0,0.0,1.0,40.0,2.0,22.0,
89.0,20230101.0,186.39,0.0,0.0,1.0,12.0,2.0,22.0,
89.0,20240801.0,196.5,0.0,0.0,1.0,31.0,2.0,22.0,
89.0,20241101.0,190.76,0.0,0.0,1.0,34.0,2.0,22.0,
89.0,20220501.0,174.16,0.0,0.0,1.0,4.0,2.0,22.0,
89.0,20241001.0,192.91,0.0,0.0,1.0,33.0,2.0,22.0,
89.0,20240601.0,160.78,0.0,0.0,1.0,29.0,2.0,22.0,
89.0,20250301.0,125.13,0.0,0.0,1.0,38.0,2.0,22.0,
89.0,20230201.0,172.65,0.0,0.0,1.0,13.0,2.0,22.0,
89.0,20240201.0,170.13,0.0,0.0,1.0,25.0,2.0,22.0,
89.0,20230101.0,101.33,0.0,0.0,1.0,12.0,2.0,22.0,
89.0,20240301.0,127.3,0.0,0.0,1.0,26.0,2.0,22.0,
89.0,20220401.0,124.62,0.0,0.0,1.0,3.0,2.0,22.0,
89.0,20220601.0,199.31,0.0,0.0,1.0,5.0,2.0,22.0,
89.0,20241201.0,166.35,0.0,0.0,1.0,35.0,2.0,22.0,
89.0,20230801.0,203.5,0.0,0.0,1.0,19.0,2.0,22.0,
89.0,20240901.0,100.18,0.0,0.0,1.0,32.0,2.0,22.0,
89.0,20231201.0,170.63,0.0,0.0,1.0,23.0,2.0,22.0,
89.0,20221001.0,174.76,0.0,0.0,1.0,9.0,2.0,22.0,
89.0,20240101.0,191.68,0.0,0.0,1.0,24.0,2.0,22.0,
89.0,20230501.0,188.74,0.0,0.0,1.0,16.0,2.0,22.0,
89.0,20250601.0,170.05,0.0,0.0,1.0,41.0,2.0,22.0,
89.0,20230901.0,176.14,0.0,0.0,1.0,20.0,2.0,22.0,
89.0,20240401.0,154.47,0.0,0.0,1.0,27.0,2.0,22.0,
89.0,20231101.0,185.21,0.0,0.0,1.0,22.0,2.0,22.0,
89.0,20250201.0,179.79,0.0,0.0,1.0,37.0,2.0,22.0,
89.0,20230601.0,170.3,0.0,0.0,1.0,17.0,2.0,22.0,
89.0,20250401.0,189.28,0.0,0.0,1.0,39.0,2.0,22.0,
89.0,20221201.0,188.78,0.0,0.0,1.0,11.0,2.0,22.0,
89.0,20220301.0,199.01,0.0,0.0,1.0,1.0,2.0,22.0,
89.0,20221101.0,175.49,0.0,0.0,1.0,10.0,2.0,22.0,
89.0,20220201.0,171.92,0.0,0.0,1.0,1.0,2.0,22.0,
89.0,20240101.0,196.86,0.0,0.0,1.0,24.0,2.0,22.0,
89.0,20240501.0,197.08,0.0,0.0,1.0,28.0,2.0,22.0,
89.0,20220101.0,178.01,0.0,0.0,1.0,0.0,2.0,22.0,
89.0,20220901.0,192.22,0.0,0.0,1.0,8.0,2.0,22.0,
90.0,20250101.0,188.06,0.0,0.0,1.0,36.0,1.0,8.0,
90.0,20250101.0,120.67,0.0,0.0,1.0,36.0,1.0,8.0,
90.0,20231001.0,198.07,0.0,0.0,1.0,21.0,1.0,8.0,
90.0,20220101.0,164.22,0.0,0.0,1.0,0.0,1.0,8.0,
90.0,20230401.0,128.92,0.0,0.0,1.0,15.0,1.0,8.0,
90.0,20230301.0,169.64,0.0,0.0,1.0,14.0,1.0,8.0,
90.0,20250501.0,126.46,0.0,0.0,1.0,40.0,1.0,8.0,
90.0,20230101.0,196.87,0.0,0.0,1.0,12.0,1.0,8.0,
90.0,20240801.0,135.57,0.0,0.0,1.0,31.0,1.0,8.0,
90.0,20241101.0,169.55,0.0,0.0,1.0,34.0,1.0,8.0,
90.0,20220501.0,185.27,0.0,0.0,1.0,4.0,1.0,8.0,
90.0,20241001.0,194.39,0.0,0.0,1.0,33.0,1.0,8.0,
90.0,20240601.0,145.35,0.0,0.0,1.0,29.0,1.0,8.0,
90.0,20250301.0,112.41,0.0,0.0,1.0,38.0,1.0,8.0,
90.0,20230201.0,165.15,0.0,0.0,1.0,13.0,1.0,8.0,
90.0,20240201.0,178.21,0.0,0.0,1.0,25.0,1.0,8.0,
90.0,20230101.0,133.27,0.0,0.0,1.0,12.0,1.0,8.0,
90.0,20240301.0,140.33,0.0,0.0,1.0,26.0,1.0,8.0,
90.0,20220401.0,124.58,0.0,0.0,1.0,3.0,1.0,8.0,
90.0,20220601.0,179.5,0.0,0.0,1.0,5.0,1.0,8.0,
90.0,20241201.0,147.67,0.0,0.0,1.0,35.0,1.0,8.0,
90.0,20230801.0,174.21,0.0,0.0,1.0,19.0,1.0,8.0,
90.0,20240901.0,184.56,0.0,0.0,1.0,32.0,1.0,8.0,
90.0,20231201.0,143.65,0.0,0.0,1.0,23.0,1.0,8.0,
90.0,20221001.0,185.75,0.0,0.0,1.0,9.0,1.0,8.0,
90.0,20240101.0,198.78,0.0,0.0,1.0,24.0,1.0,8.0,
90.0,20230501.0,188.66,0.0,0.0,1.0,16.0,1.0,8.0,
90.0,20250601.0,158.93,0.0,0.0,1.0,41.0,1.0,8.0,
90.0,20230901.0,160.42,0.0,0.0,1.0,20.0,1.0,8.0,
90.0,20240401.0,150.91,0.0,0.0,1.0,27.0,1.0,8.0,
90.0,20231101.0,196.76,0.0,0.0,1.0,22.0,1.0,8.0,
90.0,20250201.0,179.03,0.0,0.0,1.0,37.0,1.0,8.0,
90.0,20230601.0,141.54,0.0,0.0,1.0,17.0,1.0,8.0,
90.0,20250401.0,117.46,0.0,0.0,1.0,39.0,1.0,8.0,
90.0,20221201.0,133.34,0.0,0.0,1.0,11.0,1.0,8.0,
90.0,20220301.0,197.28,0.0,0.0,1.0,1.0,1.0,8.0,
90.0,20221101.0,192.37,0.0,0.0,1.0,10.0,1.0,8.0,
90.0,20220201.0,143.24,0.0,0.0,1.0,1.0,1.0,8.0,
90.0,20240101.0,126.2,0.0,0.0,1.0,24.0,1.0,8.0,
90.0,20240501.0,197.25,0.0,0.0,1.0,28.0,1.0,8.0,
90.0,20220101.0,175.51,0.0,0.0,1.0,0.0,1.0,8.0,
90.0,20220901.0,194.51,0.0,0.0,1.0,8.0,1.0,8.0,
91.0,20250101.0,198.3,0.0,0.0,1.0,36.0,1.0,3.0,
91.0,20250101.0,136.5,0.0,0.0,1.0,36.0,1.0,3.0,
91.0,20231001.0,190.77,0.0,0.0,1.0,21.0,1.0,3.0,
91.0,20220101.0,168.78,0.0,0.0,1.0,0.0,1.0,3.0,
91.0,20230401.0,133.67,0.0,0.0,1.0,15.0,1.0,3.0,
91.0,20230301.0,172.78,0.0,0.0,1.0,14.0,1.0,3.0,
91.0,20250501.0,189.43,0.0,0.0,1.0,40.0,1.0,3.0,
91.0,20230101.0,183.94,0.0,0.0,1.0,12.0,1.0,3.0,
91.0,20240801.0,90.87,0.0,0.0,1.0,31.0,1.0,3.0,
91.0,20241101.0,189.12,0.0,0.0,1.0,34.0,1.0,3.0,
91.0,20220501.0,189.67,0.0,0.0,1.0,4.0,1.0,3.0,
91.0,20241001.0,208.08,0.0,0.0,1.0,33.0,1.0,3.0,
91.0,20240601.0,162.93,0.0,0.0,1.0,29.0,1.0,3.0,
91.0,20250301.0,135.7,0.0,0.0,1.0,38.0,1.0,3.0,
91.0,20230201.0,178.82,0.0,0.0,1.0,13.0,1.0,3.0,
91.0,20240201.0,197.11,0.0,0.0,1.0,25.0,1.0,3.0,
91.0,20230101.0,185.27,0.0,0.0,1.0,12.0,1.0,3.0,
91.0,20240301.0,141.31,0.0,0.0,1.0,26.0,1.0,3.0,
91.0,20220401.0,129.75,0.0,0.0,1.0,3.0,1.0,3.0,
91.0,20220601.0,180.99,0.0,0.0,1.0,5.0,1.0,3.0,
91.0,20241201.0,156.27,0.0,0.0,1.0,35.0,1.0,3.0,
91.0,20230801.0,82.24,0.0,0.0,1.0,19.0,1.0,3.0,
91.0,20240901.0,180.87,0.0,0.0,1.0,32.0,1.0,3.0,
91.0,20231201.0,143.52,0.0,0.0,1.0,23.0,1.0,3.0,
91.0,20221001.0,186.72,0.0,0.0,1.0,9.0,1.0,3.0,
91.0,20240101.0,200.33,0.0,0.0,1.0,24.0,1.0,3.0,
91.0,20230501.0,185.83,0.0,0.0,1.0,16.0,1.0,3.0,
91.0,20250601.0,171.73,0.0,0.0,1.0,41.0,1.0,3.0,
91.0,20230901.0,185.4,0.0,0.0,1.0,20.0,1.0,3.0,
91.0,20240401.0,137.17,0.0,0.0,1.0,27.0,1.0,3.0,
91.0,20231101.0,198.16,0.0,0.0,1.0,22.0,1.0,3.0,
91.0,20250201.0,134.7,0.0,0.0,1.0,37.0,1.0,3.0,
91.0,20230601.0,178.9,0.0,0.0,1.0,17.0,1.0,3.0,
91.0,20250401.0,190.24,0.0,0.0,1.0,39.0,1.0,3.0,
91.0,20221201.0,151.36,0.0,0.0,1.0,11.0,1.0,3.0,
91.0,20220301.0,207.88,0.0,0.0,1.0,1.0,1.0,3.0,
91.0,20221101.0,197.36,0.0,0.0,1.0,10.0,1.0,3.0,
91.0,20220201.0,171.44,0.0,0.0,1.0,1.0,1.0,3.0,
91.0,20240101.0,198.21,0.0,0.0,1.0,24.0,1.0,3.0,
91.0,20240501.0,198.33,0.0,0.0,1.0,28.0,1.0,3.0,
91.0,20220101.0,189.1,0.0,0.0,1.0,0.0,1.0,3.0,
91.0,20220901.0,195.04,0.0,0.0,1.0,8.0,1.0,3.0,
92.0,20250101.0,168.19,0.0,0.0,1.0,36.0,1.0,3.0,
92.0,20250101.0,0.0,0.0,0.0,1.0,36.0,1.0,3.0,
92.0,20231001.0,180.11,0.0,0.0,1.0,21.0,1.0,3.0,
92.0,20220101.0,131.7,0.0,0.0,1.0,0.0,1.0,3.0,
92.0,20230401.0,101.48,0.0,0.0,1.0,15.0,1.0,3.0,
92.0,20230301.0,162.62,0.0,0.0,1.0,14.0,1.0,3.0,
92.0,20250501.0,0.0,0.0,0.0,1.0,40.0,1.0,3.0,
92.0,20230101.0,172.6,0.0,0.0,1.0,12.0,1.0,3.0,
92.0,20240801.0,0.0,0.0,0.0,1.0,31.0,1.0,3.0,
92.0,20241101.0,141.12,0.0,0.0,1.0,34.0,1.0,3.0,
92.0,20220501.0,162.68,0.0,0.0,1.0,4.0,1.0,3.0,
92.0,20241001.0,124.83,0.0,0.0,1.0,33.0,1.0,3.0,
92.0,20240601.0,52.05,0.0,0.0,1.0,29.0,1.0,3.0,
92.0,20250301.0,92.39,0.0,0.0,1.0,38.0,1.0,3.0,
92.0,20230201.0,135.83,0.0,0.0,1.0,13.0,1.0,3.0,
92.0,20240201.0,108.83,0.0,0.0,1.0,25.0,1.0,3.0,
92.0,20230101.0,130.6,0.0,0.0,1.0,12.0,1.0,3.0,
92.0,20240301.0,56.81,0.0,0.0,1.0,26.0,1.0,3.0,
92.0,20220401.0,112.04,0.0,0.0,1.0,3.0,1.0,3.0,
92.0,20220601.0,193.51,0.0,0.0,1.0,5.0,1.0,3.0,
92.0,20241201.0,90.6,0.0,0.0,1.0,35.0,1.0,3.0,
92.0,20230801.0,81.62,0.0,0.0,1.0,19.0,1.0,3.0,
92.0,20240901.0,0.0,0.0,0.0,1.0,32.0,1.0,3.0,
92.0,20231201.0,79.47,0.0,0.0,1.0,23.0,1.0,3.0,
92.0,20221001.0,176.45,0.0,0.0,1.0,9.0,1.0,3.0,
92.0,20240101.0,0.0,0.0,0.0,1.0,24.0,1.0,3.0,
92.0,20230501.0,141.06,0.0,0.0,1.0,16.0,1.0,3.0,
92.0,20250601.0,0.0,0.0,0.0,1.0,41.0,1.0,3.0,
92.0,20230901.0,172.36,0.0,0.0,1.0,20.0,1.0,3.0,
92.0,20240401.0,130.72,0.0,0.0,1.0,27.0,1.0,3.0,
92.0,20231101.0,177.87,0.0,0.0,1.0,22.0,1.0,3.0,
92.0,20250201.0,181.29,0.0,0.0,1.0,37.0,1.0,3.0,
92.0,20230601.0,161.09,0.0,0.0,1.0,17.0,1.0,3.0,
92.0,20250401.0,0.0,0.0,0.0,1.0,39.0,1.0,3.0,
92.0,20221201.0,92.41,0.0,0.0,1.0,11.0,1.0,3.0,
92.0,20220301.0,206.35,0.0,0.0,1.0,1.0,1.0,3.0,
92.0,20221101.0,165.23,0.0,0.0,1.0,10.0,1.0,3.0,
92.0,20220201.0,145.34,0.0,0.0,1.0,1.0,1.0,3.0,
92.0,20240101.0,163.33,0.0,0.0,1.0,24.0,1.0,3.0,
92.0,20240501.0,145.41,0.0,0.0,1.0,28.0,1.0,3.0,
92.0,20220101.0,124.76,0.0,0.0,1.0,0.0,1.0,3.0,
92.0,20220901.0,182.71,0.0,0.0,1.0,8.0,1.0,3.0,
93.0,20250101.0,188.19,0.0,0.0,1.0,36.0,1.0,3.0,
93.0,20250101.0,133.88,0.0,0.0,1.0,36.0,1.0,3.0,
93.0,20231001.0,188.13,0.0,0.0,1.0,21.0,1.0,3.0,
93.0,20220101.0,154.6,0.0,0.0,1.0,0.0,1.0,3.0,
93.0,20230401.0,114.3,0.0,0.0,1.0,15.0,1.0,3.0,
93.0,20230301.0,165.55,0.0,0.0,1.0,14.0,1.0,3.0,
93.0,20250501.0,144.98,0.0,0.0,1.0,40.0,1.0,3.0,
93.0,20230101.0,198.6,0.0,0.0,1.0,12.0,1.0,3.0,
93.0,20240801.0,106.21,0.0,0.0,1.0,31.0,1.0,3.0,
93.0,20241101.0,160.78,0.0,0.0,1.0,34.0,1.0,3.0,
93.0,20220501.0,169.52,0.0,0.0,1.0,4.0,1.0,3.0,
93.0,20241001.0,205.85,0.0,0.0,1.0,33.0,1.0,3.0,
93.0,20240601.0,142.14,0.0,0.0,1.0,29.0,1.0,3.0,
93.0,20250301.0,133.03,0.0,0.0,1.0,38.0,1.0,3.0,
93.0,20230201.0,179.84,0.0,0.0,1.0,13.0,1.0,3.0,
93.0,20240201.0,187.46,0.0,0.0,1.0,25.0,1.0,3.0,
93.0,20230101.0,181.55,0.0,0.0,1.0,12.0,1.0,3.0,
93.0,20240301.0,126.99,0.0,0.0,1.0,26.0,1.0,3.0,
93.0,20220401.0,139.4,0.0,0.0,1.0,3.0,1.0,3.0,
93.0,20220601.0,198.63,0.0,0.0,1.0,5.0,1.0,3.0,
93.0,20241201.0,150.8,0.0,0.0,1.0,35.0,1.0,3.0,
93.0,20230801.0,88.75,0.0,0.0,1.0,19.0,1.0,3.0,
93.0,20240901.0,178.49,0.0,0.0,1.0,32.0,1.0,3.0,
93.0,20231201.0,114.57,0.0,0.0,1.0,23.0,1.0,3.0,
93.0,20221001.0,153.65,0.0,0.0,1.0,9.0,1.0,3.0,
93.0,20240101.0,201.24,0.0,0.0,1.0,24.0,1.0,3.0,
93.0,20230501.0,189.85,0.0,0.0,1.0,16.0,1.0,3.0,
93.0,20250601.0,171.18,0.0,0.0,1.0,41.0,1.0,3.0,
93.0,20230901.0,189.8,0.0,0.0,1.0,20.0,1.0,3.0,
93.0,20240401.0,156.42,0.0,0.0,1.0,27.0,1.0,3.0,
93.0,20231101.0,181.88,0.0,0.0,1.0,22.0,1.0,3.0,
93.0,20250201.0,170.2,0.0,0.0,1.0,37.0,1.0,3.0,
93.0,20230601.0,160.23,0.0,0.0,1.0,17.0,1.0,3.0,
93.0,20250401.0,189.1,0.0,0.0,1.0,39.0,1.0,3.0,
93.0,20221201.0,119.94,0.0,0.0,1.0,11.0,1.0,3.0,
93.0,20220301.0,205.61,0.0,0.0,1.0,1.0,1.0,3.0,
93.0,20221101.0,167.23,0.0,0.0,1.0,10.0,1.0,3.0,
93.0,20220201.0,171.68,0.0,0.0,1.0,1.0,1.0,3.0,
93.0,20240101.0,198.29,0.0,0.0,1.0,24.0,1.0,3.0,
93.0,20240501.0,199.8,0.0,0.0,1.0,28.0,1.0,3.0,
93.0,20220101.0,187.9,0.0,0.0,1.0,0.0,1.0,3.0,
93.0,20220901.0,207.37,0.0,0.0,1.0,8.0,1.0,3.0,
2.0,20250101.0,152.48,0.0,0.0,1.0,36.0,2.0,22.0,
2.0,20250101.0,123.8,0.0,0.0,1.0,36.0,2.0,22.0,
2.0,20231001.0,190.32,0.0,0.0,1.0,21.0,2.0,22.0,
2.0,20220101.0,117.6,0.0,0.0,1.0,0.0,2.0,22.0,
2.0,20230401.0,129.14,0.0,0.0,1.0,15.0,2.0,22.0,
2.0,20230301.0,180.72,0.0,0.0,1.0,14.0,2.0,22.0,
2.0,20250501.0,178.49,0.0,0.0,1.0,40.0,2.0,22.0,
2.0,20230101.0,186.49,0.0,0.0,1.0,12.0,2.0,22.0,
2.0,20240801.0,158.46,0.0,0.0,1.0,31.0,2.0,22.0,
2.0,20241101.0,168.42,0.0,0.0,1.0,34.0,2.0,22.0,
2.0,20220501.0,152.47,0.0,0.0,1.0,4.0,2.0,22.0,
2.0,20241001.0,195.74,0.0,0.0,1.0,33.0,2.0,22.0,
2.0,20240601.0,147.94,0.0,0.0,1.0,29.0,2.0,22.0,
2.0,20250301.0,125.52,0.0,0.0,1.0,38.0,2.0,22.0,
2.0,20230201.0,120.83,0.0,0.0,1.0,13.0,2.0,22.0,
2.0,20240201.0,183.65,0.0,0.0,1.0,25.0,2.0,22.0,
2.0,20230101.0,150.14,0.0,0.0,1.0,12.0,2.0,22.0,
2.0,20240301.0,143.25,0.0,0.0,1.0,26.0,2.0,22.0,
2.0,20220401.0,136.26,0.0,0.0,1.0,3.0,2.0,22.0,
2.0,20220601.0,195.34,0.0,0.0,1.0,5.0,2.0,22.0,
2.0,20241201.0,154.1,0.0,0.0,1.0,35.0,2.0,22.0,
2.0,20230801.0,143.37,0.0,0.0,1.0,19.0,2.0,22.0,
2.0,20240901.0,174.13,0.0,0.0,1.0,32.0,2.0,22.0,
2.0,20231201.0,176.3,0.0,0.0,1.0,23.0,2.0,22.0,
2.0,20221001.0,175.58,0.0,0.0,1.0,9.0,2.0,22.0,
2.0,20240101.0,174.78,0.0,0.0,1.0,24.0,2.0,22.0,
2.0,20230501.0,195.05,0.0,0.0,1.0,16.0,2.0,22.0,
2.0,20250601.0,170.1,0.0,0.0,1.0,41.0,2.0,22.0,
2.0,20230901.0,175.76,0.0,0.0,1.0,20.0,2.0,22.0,
2.0,20240401.0,145.9,0.0,0.0,1.0,27.0,2.0,22.0,
2.0,20231101.0,193.22,0.0,0.0,1.0,22.0,2.0,22.0,
2.0,20250201.0,170.23,0.0,0.0,1.0,37.0,2.0,22.0,
2.0,20230601.0,168.18,0.0,0.0,1.0,17.0,2.0,22.0,
2.0,20250401.0,177.09,0.0,0.0,1.0,39.0,2.0,22.0,
2.0,20221201.0,193.93,0.0,0.0,1.0,11.0,2.0,22.0,
2.0,20220301.0,189.48,0.0,0.0,1.0,1.0,2.0,22.0,
2.0,20221101.0,192.26,0.0,0.0,1.0,10.0,2.0,22.0,
2.0,20220201.0,181.66,0.0,0.0,1.0,1.0,2.0,22.0,
2.0,20240101.0,189.15,0.0,0.0,1.0,24.0,2.0,22.0,
2.0,20240501.0,168.66,0.0,0.0,1.0,28.0,2.0,22.0,
2.0,20220101.0,146.7,0.0,0.0,1.0,0.0,2.0,22.0,
2.0,20220901.0,178.99,0.0,0.0,1.0,8.0,2.0,22.0,
94.0,20250101.0,167.51,0.0,0.0,1.0,36.0,1.0,8.0,
94.0,20250101.0,96.18,0.0,0.0,1.0,36.0,1.0,8.0,
94.0,20231001.0,179.14,0.0,0.0,1.0,21.0,1.0,8.0,
94.0,20220101.0,166.74,0.0,0.0,1.0,0.0,1.0,8.0,
94.0,20230401.0,101.96,0.0,0.0,1.0,15.0,1.0,8.0,
94.0,20230301.0,160.11,0.0,0.0,1.0,14.0,1.0,8.0,
94.0,20250501.0,156.98,0.0,0.0,1.0,40.0,1.0,8.0,
94.0,20230101.0,203.99,0.0,0.0,1.0,12.0,1.0,8.0,
94.0,20240801.0,128.1,0.0,0.0,1.0,31.0,1.0,8.0,
94.0,20241101.0,84.35,0.0,0.0,1.0,34.0,1.0,8.0,
94.0,20220501.0,178.69,0.0,0.0,1.0,4.0,1.0,8.0,
94.0,20241001.0,164.39,0.0,0.0,1.0,33.0,1.0,8.0,
94.0,20240601.0,0.0,0.0,0.0,1.0,29.0,1.0,8.0,
94.0,20250301.0,105.43,0.0,0.0,1.0,38.0,1.0,8.0,
94.0,20230201.0,136.21,0.0,0.0,1.0,13.0,1.0,8.0,
94.0,20240201.0,172.12,0.0,0.0,1.0,25.0,1.0,8.0,
94.0,20230101.0,176.45,0.0,0.0,1.0,12.0,1.0,8.0,
94.0,20240301.0,80.87,0.0,0.0,1.0,26.0,1.0,8.0,
94.0,20220401.0,126.54,0.0,0.0,1.0,3.0,1.0,8.0,
94.0,20220601.0,173.74,0.0,0.0,1.0,5.0,1.0,8.0,
94.0,20241201.0,143.01,0.0,0.0,1.0,35.0,1.0,8.0,
94.0,20230801.0,133.2,0.0,0.0,1.0,19.0,1.0,8.0,
94.0,20240901.0,141.17,0.0,0.0,1.0,32.0,1.0,8.0,
94.0,20231201.0,134.46,0.0,0.0,1.0,23.0,1.0,8.0,
94.0,20221001.0,137.73,0.0,0.0,1.0,9.0,1.0,8.0,
94.0,20240101.0,0.0,0.0,0.0,1.0,24.0,1.0,8.0,
94.0,20230501.0,165.18,0.0,0.0,1.0,16.0,1.0,8.0,
94.0,20250601.0,151.73,0.0,0.0,1.0,41.0,1.0,8.0,
94.0,20230901.0,162.99,0.0,0.0,1.0,20.0,1.0,8.0,
94.0,20240401.0,148.31,0.0,0.0,1.0,27.0,1.0,8.0,
94.0,20231101.0,61.4,0.0,0.0,1.0,22.0,1.0,8.0,
94.0,20250201.0,147.2,0.0,0.0,1.0,37.0,1.0,8.0,
94.0,20230601.0,133.25,0.0,0.0,1.0,17.0,1.0,8.0,
94.0,20250401.0,174.89,0.0,0.0,1.0,39.0,1.0,8.0,
94.0,20221201.0,181.21,0.0,0.0,1.0,11.0,1.0,8.0,
94.0,20220301.0,117.67,0.0,0.0,1.0,1.0,1.0,8.0,
94.0,20221101.0,170.99,0.0,0.0,1.0,10.0,1.0,8.0,
94.0,20220201.0,152.51,0.0,0.0,1.0,1.0,1.0,8.0,
94.0,20240101.0,184.12,0.0,0.0,1.0,24.0,1.0,8.0,
94.0,20240501.0,66.59,0.0,0.0,1.0,28.0,1.0,8.0,
94.0,20220101.0,132.77,0.0,0.0,1.0,0.0,1.0,8.0,
94.0,20220901.0,198.55,0.0,0.0,1.0,8.0,1.0,8.0,
95.0,20250101.0,200.22,0.0,0.0,1.0,36.0,1.0,3.0,
95.0,20250101.0,135.54,0.0,0.0,1.0,36.0,1.0,3.0,
95.0,20231001.0,185.66,0.0,0.0,1.0,21.0,1.0,3.0,
95.0,20220101.0,149.72,0.0,0.0,1.0,0.0,1.0,3.0,
95.0,20230401.0,127.63,0.0,0.0,1.0,15.0,1.0,3.0,
95.0,20230301.0,182.21,0.0,0.0,1.0,14.0,1.0,3.0,
95.0,20250501.0,210.67,0.0,0.0,1.0,40.0,1.0,3.0,
95.0,20230101.0,184.13,0.0,0.0,1.0,12.0,1.0,3.0,
95.0,20240801.0,91.55,0.0,0.0,1.0,31.0,1.0,3.0,
95.0,20241101.0,202.15,0.0,0.0,1.0,34.0,1.0,3.0,
95.0,20220501.0,175.43,0.0,0.0,1.0,4.0,1.0,3.0,
95.0,20241001.0,211.78,0.0,0.0,1.0,33.0,1.0,3.0,
95.0,20240601.0,170.73,0.0,0.0,1.0,29.0,1.0,3.0,
95.0,20250301.0,152.53,0.0,0.0,1.0,38.0,1.0,3.0,
95.0,20230201.0,192.11,0.0,0.0,1.0,13.0,1.0,3.0,
95.0,20240201.0,150.13,0.0,0.0,1.0,25.0,1.0,3.0,
95.0,20230101.0,194.45,0.0,0.0,1.0,12.0,1.0,3.0,
95.0,20240301.0,148.81,0.0,0.0,1.0,26.0,1.0,3.0,
95.0,20220401.0,124.82,0.0,0.0,1.0,3.0,1.0,3.0,
95.0,20220601.0,180.28,0.0,0.0,1.0,5.0,1.0,3.0,
95.0,20241201.0,173.49,0.0,0.0,1.0,35.0,1.0,3.0,
95.0,20230801.0,82.82,0.0,0.0,1.0,19.0,1.0,3.0,
95.0,20240901.0,199.8,0.0,0.0,1.0,32.0,1.0,3.0,
95.0,20231201.0,137.09,0.0,0.0,1.0,23.0,1.0,3.0,
95.0,20221001.0,180.94,0.0,0.0,1.0,9.0,1.0,3.0,
95.0,20240101.0,214.57,0.0,0.0,1.0,24.0,1.0,3.0,
95.0,20230501.0,201.95,0.0,0.0,1.0,16.0,1.0,3.0,
95.0,20250601.0,193.66,0.0,0.0,1.0,41.0,1.0,3.0,
95.0,20230901.0,191.73,0.0,0.0,1.0,20.0,1.0,3.0,
95.0,20240401.0,158.9,0.0,0.0,1.0,27.0,1.0,3.0,
95.0,20231101.0,185.8,0.0,0.0,1.0,22.0,1.0,3.0,
95.0,20250201.0,197.7,0.0,0.0,1.0,37.0,1.0,3.0,
95.0,20230601.0,166.54,0.0,0.0,1.0,17.0,1.0,3.0,
95.0,20250401.0,207.69,0.0,0.0,1.0,39.0,1.0,3.0,
95.0,20221201.0,122.23,0.0,0.0,1.0,11.0,1.0,3.0,
95.0,20220301.0,195.68,0.0,0.0,1.0,1.0,1.0,3.0,
95.0,20221101.0,179.61,0.0,0.0,1.0,10.0,1.0,3.0,
95.0,20220201.0,145.85,0.0,0.0,1.0,1.0,1.0,3.0,
95.0,20240101.0,190.5,0.0,0.0,1.0,24.0,1.0,3.0,
95.0,20240501.0,200.8,0.0,0.0,1.0,28.0,1.0,3.0,
95.0,20220101.0,174.95,0.0,0.0,1.0,0.0,1.0,3.0,
95.0,20220901.0,167.37,0.0,0.0,1.0,8.0,1.0,3.0,
96.0,20250101.0,179.75,0.0,0.0,1.0,36.0,1.0,3.0,
96.0,20250101.0,125.07,0.0,0.0,1.0,36.0,1.0,3.0,
96.0,20231001.0,189.2,0.0,0.0,1.0,21.0,1.0,3.0,
96.0,20220101.0,156.37,0.0,0.0,1.0,0.0,1.0,3.0,
96.0,20230401.0,131.67,0.0,0.0,1.0,15.0,1.0,3.0,
96.0,20230301.0,180.19,0.0,0.0,1.0,14.0,1.0,3.0,
96.0,20250501.0,187.81,0.0,0.0,1.0,40.0,1.0,3.0,
96.0,20230101.0,161.34,0.0,0.0,1.0,12.0,1.0,3.0,
96.0,20240801.0,84.6,0.0,0.0,1.0,31.0,1.0,3.0,
96.0,20241101.0,188.5,0.0,0.0,1.0,34.0,1.0,3.0,
96.0,20220501.0,80.54,0.0,0.0,1.0,4.0,1.0,3.0,
96.0,20241001.0,206.55,0.0,0.0,1.0,33.0,1.0,3.0,
96.0,20240601.0,168.62,0.0,0.0,1.0,29.0,1.0,3.0,
96.0,20250301.0,131.18,0.0,0.0,1.0,38.0,1.0,3.0,
96.0,20230201.0,168.62,0.0,0.0,1.0,13.0,1.0,3.0,
96.0,20240201.0,180.1,0.0,0.0,1.0,25.0,1.0,3.0,
96.0,20230101.0,170.17,0.0,0.0,1.0,12.0,1.0,3.0,
96.0,20240301.0,141.74,0.0,0.0,1.0,26.0,1.0,3.0,
96.0,20220401.0,0.0,0.0,0.0,1.0,3.0,1.0,3.0,
96.0,20220601.0,179.45,0.0,0.0,1.0,5.0,1.0,3.0,
96.0,20241201.0,143.61,0.0,0.0,1.0,35.0,1.0,3.0,
96.0,20230801.0,78.71,0.0,0.0,1.0,19.0,1.0,3.0,
96.0,20240901.0,178.41,0.0,0.0,1.0,32.0,1.0,3.0,
96.0,20231201.0,134.44,0.0,0.0,1.0,23.0,1.0,3.0,
96.0,20221001.0,186.61,0.0,0.0,1.0,9.0,1.0,3.0,
96.0,20240101.0,197.76,0.0,0.0,1.0,24.0,1.0,3.0,
96.0,20230501.0,186.54,0.0,0.0,1.0,16.0,1.0,3.0,
96.0,20250601.0,157.71,0.0,0.0,1.0,41.0,1.0,3.0,
96.0,20230901.0,170.46,0.0,0.0,1.0,20.0,1.0,3.0,
96.0,20240401.0,162.08,0.0,0.0,1.0,27.0,1.0,3.0,
96.0,20231101.0,197.86,0.0,0.0,1.0,22.0,1.0,3.0,
96.0,20250201.0,161.73,0.0,0.0,1.0,37.0,1.0,3.0,
96.0,20230601.0,176.89,0.0,0.0,1.0,17.0,1.0,3.0,
96.0,20250401.0,188.28,0.0,0.0,1.0,39.0,1.0,3.0,
96.0,20221201.0,107.68,0.0,0.0,1.0,11.0,1.0,3.0,
96.0,20220301.0,0.0,0.0,0.0,1.0,1.0,1.0,3.0,
96.0,20221101.0,186.92,0.0,0.0,1.0,10.0,1.0,3.0,
96.0,20220201.0,0.0,0.0,0.0,1.0,1.0,1.0,3.0,
96.0,20240101.0,197.5,0.0,0.0,1.0,24.0,1.0,3.0,
96.0,20240501.0,198.03,0.0,0.0,1.0,28.0,1.0,3.0,
96.0,20220101.0,114.3,0.0,0.0,1.0,0.0,1.0,3.0,
96.0,20220901.0,188.06,0.0,0.0,1.0,8.0,1.0,3.0,
97.0,20250101.0,180.0,0.0,0.0,1.0,36.0,5.0,5.0,
97.0,20250101.0,108.0,0.0,0.0,1.0,36.0,5.0,5.0,
97.0,20231001.0,198.0,0.0,0.0,1.0,21.0,5.0,5.0,
97.0,20220101.0,171.0,0.0,0.0,1.0,0.0,5.0,5.0,
97.0,20230401.0,133.5,0.0,0.0,1.0,15.0,5.0,5.0,
97.0,20230301.0,180.5,0.0,0.0,1.0,14.0,5.0,5.0,
97.0,20250501.0,180.0,0.0,0.0,1.0,40.0,5.0,5.0,
97.0,20230101.0,198.0,0.0,0.0,1.0,12.0,5.0,5.0,
97.0,20240801.0,180.0,0.0,0.0,1.0,31.0,5.0,5.0,
97.0,20241101.0,175.5,0.0,0.0,1.0,34.0,5.0,5.0,
97.0,20220501.0,171.0,0.0,0.0,1.0,4.0,5.0,5.0,
97.0,20241001.0,207.0,0.0,0.0,1.0,33.0,5.0,5.0,
97.0,20240601.0,171.0,0.0,0.0,1.0,29.0,5.0,5.0,
97.0,20250301.0,133.0,0.0,0.0,1.0,38.0,5.0,5.0,
97.0,20230201.0,171.0,0.0,0.0,1.0,13.0,5.0,5.0,
97.0,20240201.0,189.0,0.0,0.0,1.0,25.0,5.0,5.0,
97.0,20230101.0,135.0,0.0,0.0,1.0,12.0,5.0,5.0,
97.0,20240301.0,145.0,0.0,0.0,1.0,26.0,5.0,5.0,
97.0,20220401.0,149.0,0.0,0.0,1.0,3.0,5.0,5.0,
97.0,20220601.0,180.0,0.0,0.0,1.0,5.0,5.0,5.0,
97.0,20241201.0,180.0,0.0,0.0,1.0,35.0,5.0,5.0,
97.0,20230801.0,207.0,0.0,0.0,1.0,19.0,5.0,5.0,
97.0,20240901.0,189.0,0.0,0.0,1.0,32.0,5.0,5.0,
97.0,20231201.0,185.5,0.0,0.0,1.0,23.0,5.0,5.0,
97.0,20221001.0,189.0,0.0,0.0,1.0,9.0,5.0,5.0,
97.0,20240101.0,139.5,0.0,0.0,1.0,24.0,5.0,5.0,
97.0,20230501.0,193.5,0.0,0.0,1.0,16.0,5.0,5.0,
97.0,20250601.0,168.0,0.0,0.0,1.0,41.0,5.0,5.0,
97.0,20230901.0,117.0,0.0,0.0,1.0,20.0,5.0,5.0,
97.0,20240401.0,162.5,0.0,0.0,1.0,27.0,5.0,5.0,
97.0,20231101.0,198.0,0.0,0.0,1.0,22.0,5.0,5.0,
97.0,20250201.0,162.0,0.0,0.0,1.0,37.0,5.0,5.0,
97.0,20230601.0,155.5,0.0,0.0,1.0,17.0,5.0,5.0,
97.0,20250401.0,184.5,0.0,0.0,1.0,39.0,5.0,5.0,
97.0,20221201.0,193.0,0.0,0.0,1.0,11.0,5.0,5.0,
97.0,20220301.0,223.0,0.0,0.0,1.0,1.0,5.0,5.0,
97.0,20221101.0,193.5,0.0,0.0,1.0,10.0,5.0,5.0,
97.0,20220201.0,180.0,0.0,0.0,1.0,1.0,5.0,5.0,
97.0,20240101.0,198.0,0.0,0.0,1.0,24.0,5.0,5.0,
97.0,20240501.0,189.0,0.0,0.0,1.0,28.0,5.0,5.0,
97.0,20220101.0,189.0,0.0,0.0,1.0,0.0,5.0,5.0,
97.0,20220901.0,171.0,0.0,0.0,1.0,8.0,5.0,5.0,
98.0,20250101.0,189.85,0.0,0.0,1.0,36.0,1.0,1.0,
98.0,20250101.0,110.17,0.0,0.0,1.0,36.0,1.0,1.0,
98.0,20231001.0,213.64,0.0,0.0,1.0,21.0,1.0,1.0,
98.0,20220101.0,158.21,0.0,0.0,1.0,0.0,1.0,1.0,
98.0,20230401.0,136.96,0.0,0.0,1.0,15.0,1.0,1.0,
98.0,20230301.0,170.89,0.0,0.0,1.0,14.0,1.0,1.0,
98.0,20250501.0,196.33,0.0,0.0,1.0,40.0,1.0,1.0,
98.0,20230101.0,189.5,0.0,0.0,1.0,12.0,1.0,1.0,
98.0,20240801.0,108.27,0.0,0.0,1.0,31.0,1.0,1.0,
98.0,20241101.0,201.25,0.0,0.0,1.0,34.0,1.0,1.0,
98.0,20220501.0,167.5,0.0,0.0,1.0,4.0,1.0,1.0,
98.0,20241001.0,215.49,0.0,0.0,1.0,33.0,1.0,1.0,
98.0,20240601.0,184.31,0.0,0.0,1.0,29.0,1.0,1.0,
98.0,20250301.0,142.33,0.0,0.0,1.0,38.0,1.0,1.0,
98.0,20230201.0,181.55,0.0,0.0,1.0,13.0,1.0,1.0,
98.0,20240201.0,195.23,0.0,0.0,1.0,25.0,1.0,1.0,
98.0,20230101.0,198.96,0.0,0.0,1.0,12.0,1.0,1.0,
98.0,20240301.0,144.6,0.0,0.0,1.0,26.0,1.0,1.0,
98.0,20220401.0,133.64,0.0,0.0,1.0,3.0,1.0,1.0,
98.0,20220601.0,178.37,0.0,0.0,1.0,5.0,1.0,1.0,
98.0,20241201.0,151.37,0.0,0.0,1.0,35.0,1.0,1.0,
98.0,20230801.0,89.51,0.0,0.0,1.0,19.0,1.0,1.0,
98.0,20240901.0,196.32,0.0,0.0,1.0,32.0,1.0,1.0,
98.0,20231201.0,140.27,0.0,0.0,1.0,23.0,1.0,1.0,
98.0,20221001.0,185.96,0.0,0.0,1.0,9.0,1.0,1.0,
98.0,20240101.0,212.18,0.0,0.0,1.0,24.0,1.0,1.0,
98.0,20230501.0,193.25,0.0,0.0,1.0,16.0,1.0,1.0,
98.0,20250601.0,180.38,0.0,0.0,1.0,41.0,1.0,1.0,
98.0,20230901.0,187.51,0.0,0.0,1.0,20.0,1.0,1.0,
98.0,20240401.0,164.92,0.0,0.0,1.0,27.0,1.0,1.0,
98.0,20231101.0,197.85,0.0,0.0,1.0,22.0,1.0,1.0,
98.0,20250201.0,171.95,0.0,0.0,1.0,37.0,1.0,1.0,
98.0,20230601.0,165.02,0.0,0.0,1.0,17.0,1.0,1.0,
98.0,20250401.0,198.61,0.0,0.0,1.0,39.0,1.0,1.0,
98.0,20221201.0,147.49,0.0,0.0,1.0,11.0,1.0,1.0,
98.0,20220301.0,188.25,0.0,0.0,1.0,1.0,1.0,1.0,
98.0,20221101.0,191.51,0.0,0.0,1.0,10.0,1.0,1.0,
98.0,20220201.0,182.3,0.0,0.0,1.0,1.0,1.0,1.0,
98.0,20240101.0,193.92,0.0,0.0,1.0,24.0,1.0,1.0,
98.0,20240501.0,204.66,0.0,0.0,1.0,28.0,1.0,1.0,
98.0,20220101.0,174.03,0.0,0.0,1.0,0.0,1.0,1.0,
98.0,20220901.0,188.21,0.0,0.0,1.0,8.0,1.0,1.0,
479.0,20220101.0,197.38,0.0,0.0,1.0,0.0,1.0,22.0,
479.0,20220501.0,167.14,0.0,0.0,1.0,4.0,1.0,22.0,
479.0,20220401.0,127.49,0.0,0.0,1.0,3.0,1.0,22.0,
479.0,20220601.0,183.52,0.0,0.0,1.0,5.0,1.0,22.0,
479.0,20221001.0,128.32,0.0,0.0,1.0,9.0,1.0,22.0,
479.0,20220301.0,197.45,0.0,0.0,1.0,1.0,1.0,22.0,
479.0,20220201.0,164.06,0.0,0.0,1.0,1.0,1.0,22.0,
479.0,20220101.0,134.71,0.0,0.0,1.0,0.0,1.0,22.0,
479.0,20220901.0,178.37,0.0,0.0,1.0,8.0,1.0,22.0,
99.0,20250101.0,202.43,0.0,0.0,1.0,36.0,1.0,3.0,
99.0,20250101.0,149.79,0.0,0.0,1.0,36.0,1.0,3.0,
99.0,20231001.0,194.89,0.0,0.0,1.0,21.0,1.0,3.0,
99.0,20220101.0,170.85,0.0,0.0,1.0,0.0,1.0,3.0,
99.0,20230401.0,127.6,0.0,0.0,1.0,15.0,1.0,3.0,
99.0,20230301.0,199.76,0.0,0.0,1.0,14.0,1.0,3.0,
99.0,20250501.0,187.91,0.0,0.0,1.0,40.0,1.0,3.0,
99.0,20230101.0,193.51,0.0,0.0,1.0,12.0,1.0,3.0,
99.0,20240801.0,83.3,0.0,0.0,1.0,31.0,1.0,3.0,
99.0,20241101.0,198.09,0.0,0.0,1.0,34.0,1.0,3.0,
99.0,20220501.0,186.78,0.0,0.0,1.0,4.0,1.0,3.0,
99.0,20241001.0,206.82,0.0,0.0,1.0,33.0,1.0,3.0,
99.0,20240601.0,175.36,0.0,0.0,1.0,29.0,1.0,3.0,
99.0,20250301.0,0.0,0.0,0.0,1.0,38.0,1.0,3.0,
99.0,20230201.0,193.58,0.0,0.0,1.0,13.0,1.0,3.0,
99.0,20240201.0,190.45,0.0,0.0,1.0,25.0,1.0,3.0,
99.0,20230101.0,171.37,0.0,0.0,1.0,12.0,1.0,3.0,
99.0,20240301.0,145.63,0.0,0.0,1.0,26.0,1.0,3.0,
99.0,20220401.0,108.92,0.0,0.0,1.0,3.0,1.0,3.0,
99.0,20220601.0,187.06,0.0,0.0,1.0,5.0,1.0,3.0,
99.0,20241201.0,141.74,0.0,0.0,1.0,35.0,1.0,3.0,
99.0,20230801.0,92.52,0.0,0.0,1.0,19.0,1.0,3.0,
99.0,20240901.0,186.32,0.0,0.0,1.0,32.0,1.0,3.0,
99.0,20231201.0,125.64,0.0,0.0,1.0,23.0,1.0,3.0,
99.0,20221001.0,196.27,0.0,0.0,1.0,9.0,1.0,3.0,
99.0,20240101.0,211.22,0.0,0.0,1.0,24.0,1.0,3.0,
99.0,20230501.0,184.47,0.0,0.0,1.0,16.0,1.0,3.0,
99.0,20250601.0,174.52,0.0,0.0,1.0,41.0,1.0,3.0,
99.0,20230901.0,181.38,0.0,0.0,1.0,20.0,1.0,3.0,
99.0,20240401.0,169.04,0.0,0.0,1.0,27.0,1.0,3.0,
99.0,20231101.0,190.27,0.0,0.0,1.0,22.0,1.0,3.0,
99.0,20250201.0,178.76,0.0,0.0,1.0,37.0,1.0,3.0,
99.0,20230601.0,174.99,0.0,0.0,1.0,17.0,1.0,3.0,
99.0,20250401.0,176.04,0.0,0.0,1.0,39.0,1.0,3.0,
99.0,20221201.0,147.04,0.0,0.0,1.0,11.0,1.0,3.0,
99.0,20220301.0,194.26,0.0,0.0,1.0,1.0,1.0,3.0,
99.0,20221101.0,191.08,0.0,0.0,1.0,10.0,1.0,3.0,
99.0,20220201.0,172.0,0.0,0.0,1.0,1.0,1.0,3.0,
99.0,20240101.0,198.67,0.0,0.0,1.0,24.0,1.0,3.0,
99.0,20240501.0,203.88,0.0,0.0,1.0,28.0,1.0,3.0,
99.0,20220101.0,179.59,0.0,0.0,1.0,0.0,1.0,3.0,
99.0,20220901.0,207.99,0.0,0.0,1.0,8.0,1.0,3.0,
100.0,20250101.0,0.0,0.0,0.0,1.0,36.0,1.0,3.0,
100.0,20250101.0,107.2,0.0,0.0,1.0,36.0,1.0,3.0,
100.0,20231001.0,198.97,0.0,0.0,1.0,21.0,1.0,3.0,
100.0,20220101.0,155.25,0.0,0.0,1.0,0.0,1.0,3.0,
100.0,20230401.0,125.58,0.0,0.0,1.0,15.0,1.0,3.0,
100.0,20230301.0,181.88,0.0,0.0,1.0,14.0,1.0,3.0,
100.0,20250501.0,146.43,0.0,0.0,1.0,40.0,1.0,3.0,
100.0,20230101.0,194.47,0.0,0.0,1.0,12.0,1.0,3.0,
100.0,20240801.0,87.24,0.0,0.0,1.0,31.0,1.0,3.0,
100.0,20241101.0,0.0,0.0,0.0,1.0,34.0,1.0,3.0,
100.0,20220501.0,179.6,0.0,0.0,1.0,4.0,1.0,3.0,
100.0,20241001.0,116.92,0.0,0.0,1.0,33.0,1.0,3.0,
100.0,20240601.0,160.24,0.0,0.0,1.0,29.0,1.0,3.0,
100.0,20250301.0,131.44,0.0,0.0,1.0,38.0,1.0,3.0,
100.0,20230201.0,178.92,0.0,0.0,1.0,13.0,1.0,3.0,
100.0,20240201.0,188.57,0.0,0.0,1.0,25.0,1.0,3.0,
100.0,20230101.0,181.8,0.0,0.0,1.0,12.0,1.0,3.0,
100.0,20240301.0,131.56,0.0,0.0,1.0,26.0,1.0,3.0,
100.0,20220401.0,128.83,0.0,0.0,1.0,3.0,1.0,3.0,
100.0,20220601.0,195.09,0.0,0.0,1.0,5.0,1.0,3.0,
100.0,20241201.0,0.0,0.0,0.0,1.0,35.0,1.0,3.0,
100.0,20230801.0,76.54,0.0,0.0,1.0,19.0,1.0,3.0,
100.0,20240901.0,190.71,0.0,0.0,1.0,32.0,1.0,3.0,
100.0,20231201.0,139.12,0.0,0.0,1.0,23.0,1.0,3.0,
100.0,20221001.0,130.97,0.0,0.0,1.0,9.0,1.0,3.0,
100.0,20240101.0,197.97,0.0,0.0,1.0,24.0,1.0,3.0,
100.0,20230501.0,79.4,0.0,0.0,1.0,16.0,1.0,3.0,
100.0,20250601.0,140.14,0.0,0.0,1.0,41.0,1.0,3.0,
100.0,20230901.0,174.26,0.0,0.0,1.0,20.0,1.0,3.0,
100.0,20240401.0,161.97,0.0,0.0,1.0,27.0,1.0,3.0,
100.0,20231101.0,198.19,0.0,0.0,1.0,22.0,1.0,3.0,
100.0,20250201.0,42.05,0.0,0.0,1.0,37.0,1.0,3.0,
100.0,20230601.0,112.74,0.0,0.0,1.0,17.0,1.0,3.0,
100.0,20250401.0,149.16,0.0,0.0,1.0,39.0,1.0,3.0,
100.0,20221201.0,150.29,0.0,0.0,1.0,11.0,1.0,3.0,
100.0,20220301.0,200.67,0.0,0.0,1.0,1.0,1.0,3.0,
100.0,20221101.0,180.05,0.0,0.0,1.0,10.0,1.0,3.0,
100.0,20220201.0,163.23,0.0,0.0,1.0,1.0,1.0,3.0,
100.0,20240101.0,195.85,0.0,0.0,1.0,24.0,1.0,3.0,
100.0,20240501.0,198.2,0.0,0.0,1.0,28.0,1.0,3.0,
100.0,20220101.0,165.5,0.0,0.0,1.0,0.0,1.0,3.0,
100.0,20220901.0,162.43,0.0,0.0,1.0,8.0,1.0,3.0,
101.0,20250101.0,190.07,0.0,0.0,1.0,36.0,1.0,1.0,
101.0,20250101.0,104.02,0.0,0.0,1.0,36.0,1.0,1.0,
101.0,20231001.0,188.85,0.0,0.0,1.0,21.0,1.0,1.0,
101.0,20220101.0,140.06,0.0,0.0,1.0,0.0,1.0,1.0,
101.0,20230401.0,107.75,0.0,0.0,1.0,15.0,1.0,1.0,
101.0,20230301.0,145.15,0.0,0.0,1.0,14.0,1.0,1.0,
101.0,20250501.0,189.49,0.0,0.0,1.0,40.0,1.0,1.0,
101.0,20230101.0,186.52,0.0,0.0,1.0,12.0,1.0,1.0,
101.0,20240801.0,71.71,0.0,0.0,1.0,31.0,1.0,1.0,
101.0,20241101.0,188.18,0.0,0.0,1.0,34.0,1.0,1.0,
101.0,20220501.0,144.63,0.0,0.0,1.0,4.0,1.0,1.0,
101.0,20241001.0,201.44,0.0,0.0,1.0,33.0,1.0,1.0,
101.0,20240601.0,134.22,0.0,0.0,1.0,29.0,1.0,1.0,
101.0,20250301.0,117.93,0.0,0.0,1.0,38.0,1.0,1.0,
101.0,20230201.0,176.02,0.0,0.0,1.0,13.0,1.0,1.0,
101.0,20240201.0,177.16,0.0,0.0,1.0,25.0,1.0,1.0,
101.0,20230101.0,119.57,0.0,0.0,1.0,12.0,1.0,1.0,
101.0,20240301.0,140.51,0.0,0.0,1.0,26.0,1.0,1.0,
101.0,20220401.0,115.4,0.0,0.0,1.0,3.0,1.0,1.0,
101.0,20220601.0,132.72,0.0,0.0,1.0,5.0,1.0,1.0,
101.0,20241201.0,170.73,0.0,0.0,1.0,35.0,1.0,1.0,
101.0,20230801.0,80.61,0.0,0.0,1.0,19.0,1.0,1.0,
101.0,20240901.0,166.07,0.0,0.0,1.0,32.0,1.0,1.0,
101.0,20231201.0,159.8,0.0,0.0,1.0,23.0,1.0,1.0,
101.0,20221001.0,118.09,0.0,0.0,1.0,9.0,1.0,1.0,
101.0,20240101.0,169.27,0.0,0.0,1.0,24.0,1.0,1.0,
101.0,20230501.0,187.47,0.0,0.0,1.0,16.0,1.0,1.0,
101.0,20250601.0,157.82,0.0,0.0,1.0,41.0,1.0,1.0,
101.0,20230901.0,113.34,0.0,0.0,1.0,20.0,1.0,1.0,
101.0,20240401.0,142.07,0.0,0.0,1.0,27.0,1.0,1.0,
101.0,20231101.0,182.5,0.0,0.0,1.0,22.0,1.0,1.0,
101.0,20250201.0,167.69,0.0,0.0,1.0,37.0,1.0,1.0,
101.0,20230601.0,163.85,0.0,0.0,1.0,17.0,1.0,1.0,
101.0,20250401.0,191.24,0.0,0.0,1.0,39.0,1.0,1.0,
101.0,20221201.0,131.82,0.0,0.0,1.0,11.0,1.0,1.0,
101.0,20220301.0,153.91,0.0,0.0,1.0,1.0,1.0,1.0,
101.0,20221101.0,175.01,0.0,0.0,1.0,10.0,1.0,1.0,
101.0,20220201.0,170.13,0.0,0.0,1.0,1.0,1.0,1.0,
101.0,20240101.0,183.86,0.0,0.0,1.0,24.0,1.0,1.0,
101.0,20240501.0,143.98,0.0,0.0,1.0,28.0,1.0,1.0,
101.0,20220101.0,83.83,0.0,0.0,1.0,0.0,1.0,1.0,
101.0,20220901.0,179.45,0.0,0.0,1.0,8.0,1.0,1.0,
486.0,20220101.0,286.0,0.0,0.0,1.0,0.0,1.0,8.0,
486.0,20220501.0,216.54,0.0,0.0,1.0,4.0,1.0,8.0,
486.0,20220401.0,218.48,0.0,0.0,1.0,3.0,1.0,8.0,
486.0,20220601.0,284.37,0.0,0.0,1.0,5.0,1.0,8.0,
486.0,20221001.0,303.95,0.0,0.0,1.0,9.0,1.0,8.0,
486.0,20220301.0,285.11,0.0,0.0,1.0,1.0,1.0,8.0,
486.0,20221101.0,21.8,0.0,0.0,1.0,10.0,1.0,8.0,
486.0,20220201.0,218.69,0.0,0.0,1.0,1.0,1.0,8.0,
486.0,20220101.0,206.92,0.0,0.0,1.0,0.0,1.0,8.0,
486.0,20220901.0,292.18,0.0,0.0,1.0,8.0,1.0,8.0,
102.0,20250101.0,255.14,0.0,0.0,1.0,36.0,1.0,8.0,
102.0,20231001.0,276.42,0.0,0.0,1.0,21.0,1.0,8.0,
102.0,20220101.0,260.23,0.0,0.0,1.0,0.0,1.0,8.0,
102.0,20230401.0,194.67,0.0,0.0,1.0,15.0,1.0,8.0,
102.0,20230301.0,231.91,0.0,0.0,1.0,14.0,1.0,8.0,
102.0,20230101.0,257.35,0.0,0.0,1.0,12.0,1.0,8.0,
102.0,20240801.0,207.25,0.0,0.0,1.0,31.0,1.0,8.0,
102.0,20241101.0,245.55,0.0,0.0,1.0,34.0,1.0,8.0,
102.0,20220501.0,250.62,0.0,0.0,1.0,4.0,1.0,8.0,
102.0,20241001.0,278.52,0.0,0.0,1.0,33.0,1.0,8.0,
102.0,20240601.0,243.4,0.0,0.0,1.0,29.0,1.0,8.0,
102.0,20230201.0,197.89,0.0,0.0,1.0,13.0,1.0,8.0,
102.0,20240201.0,253.92,0.0,0.0,1.0,25.0,1.0,8.0,
102.0,20230101.0,201.5,0.0,0.0,1.0,12.0,1.0,8.0,
102.0,20240301.0,164.37,0.0,0.0,1.0,26.0,1.0,8.0,
102.0,20220401.0,204.16,0.0,0.0,1.0,3.0,1.0,8.0,
102.0,20220601.0,194.99,0.0,0.0,1.0,5.0,1.0,8.0,
102.0,20241201.0,261.66,0.0,0.0,1.0,35.0,1.0,8.0,
102.0,20230801.0,220.52,0.0,0.0,1.0,19.0,1.0,8.0,
102.0,20240901.0,247.17,0.0,0.0,1.0,32.0,1.0,8.0,
102.0,20231201.0,253.59,0.0,0.0,1.0,23.0,1.0,8.0,
102.0,20221001.0,231.97,0.0,0.0,1.0,9.0,1.0,8.0,
102.0,20240101.0,254.05,0.0,0.0,1.0,24.0,1.0,8.0,
102.0,20230501.0,247.0,0.0,0.0,1.0,16.0,1.0,8.0,
102.0,20230901.0,256.37,0.0,0.0,1.0,20.0,1.0,8.0,
102.0,20240401.0,241.6,0.0,0.0,1.0,27.0,1.0,8.0,
102.0,20231101.0,271.6,0.0,0.0,1.0,22.0,1.0,8.0,
102.0,20250201.0,95.78,0.0,0.0,1.0,37.0,1.0,8.0,
102.0,20230601.0,253.11,0.0,0.0,1.0,17.0,1.0,8.0,
102.0,20221201.0,256.23,0.0,0.0,1.0,11.0,1.0,8.0,
102.0,20220301.0,276.59,0.0,0.0,1.0,1.0,1.0,8.0,
102.0,20221101.0,245.99,0.0,0.0,1.0,10.0,1.0,8.0,
102.0,20220201.0,220.76,0.0,0.0,1.0,1.0,1.0,8.0,
102.0,20240101.0,285.63,0.0,0.0,1.0,24.0,1.0,8.0,
102.0,20240501.0,257.77,0.0,0.0,1.0,28.0,1.0,8.0,
102.0,20220101.0,225.46,0.0,0.0,1.0,0.0,1.0,8.0,
102.0,20220901.0,248.29,0.0,0.0,1.0,8.0,1.0,8.0,
103.0,20250101.0,233.69,0.0,0.0,1.0,36.0,1.0,8.0,
103.0,20250101.0,135.92,0.0,0.0,1.0,36.0,1.0,8.0,
103.0,20231001.0,247.23,0.0,0.0,1.0,21.0,1.0,8.0,
103.0,20220101.0,230.74,0.0,0.0,1.0,0.0,1.0,8.0,
103.0,20230401.0,188.47,0.0,0.0,1.0,15.0,1.0,8.0,
103.0,20230301.0,243.36,0.0,0.0,1.0,14.0,1.0,8.0,
103.0,20250501.0,258.46,0.0,0.0,1.0,40.0,1.0,8.0,
103.0,20230101.0,253.15,0.0,0.0,1.0,12.0,1.0,8.0,
103.0,20240801.0,198.66,0.0,0.0,1.0,31.0,1.0,8.0,
103.0,20241101.0,227.84,0.0,0.0,1.0,34.0,1.0,8.0,
103.0,20220501.0,268.58,0.0,0.0,1.0,4.0,1.0,8.0,
103.0,20241001.0,241.46,0.0,0.0,1.0,33.0,1.0,8.0,
103.0,20240601.0,189.41,0.0,0.0,1.0,29.0,1.0,8.0,
103.0,20250301.0,161.15,0.0,0.0,1.0,38.0,1.0,8.0,
103.0,20230201.0,202.88,0.0,0.0,1.0,13.0,1.0,8.0,
103.0,20240201.0,195.02,0.0,0.0,1.0,25.0,1.0,8.0,
103.0,20230101.0,206.64,0.0,0.0,1.0,12.0,1.0,8.0,
103.0,20240301.0,206.71,0.0,0.0,1.0,26.0,1.0,8.0,
103.0,20220401.0,186.9,0.0,0.0,1.0,3.0,1.0,8.0,
103.0,20220601.0,202.79,0.0,0.0,1.0,5.0,1.0,8.0,
103.0,20241201.0,236.62,0.0,0.0,1.0,35.0,1.0,8.0,
103.0,20230801.0,197.58,0.0,0.0,1.0,19.0,1.0,8.0,
103.0,20240901.0,248.75,0.0,0.0,1.0,32.0,1.0,8.0,
103.0,20231201.0,251.07,0.0,0.0,1.0,23.0,1.0,8.0,
103.0,20221001.0,248.0,0.0,0.0,1.0,9.0,1.0,8.0,
103.0,20240101.0,256.63,0.0,0.0,1.0,24.0,1.0,8.0,
103.0,20230501.0,251.81,0.0,0.0,1.0,16.0,1.0,8.0,
103.0,20250601.0,221.89,0.0,0.0,1.0,41.0,1.0,8.0,
103.0,20230901.0,237.91,0.0,0.0,1.0,20.0,1.0,8.0,
103.0,20240401.0,231.43,0.0,0.0,1.0,27.0,1.0,8.0,
103.0,20231101.0,248.04,0.0,0.0,1.0,22.0,1.0,8.0,
103.0,20250201.0,229.99,0.0,0.0,1.0,37.0,1.0,8.0,
103.0,20230601.0,249.3,0.0,0.0,1.0,17.0,1.0,8.0,
103.0,20250401.0,227.15,0.0,0.0,1.0,39.0,1.0,8.0,
103.0,20221201.0,255.35,0.0,0.0,1.0,11.0,1.0,8.0,
103.0,20220301.0,243.54,0.0,0.0,1.0,1.0,1.0,8.0,
103.0,20221101.0,240.9,0.0,0.0,1.0,10.0,1.0,8.0,
103.0,20220201.0,191.18,0.0,0.0,1.0,1.0,1.0,8.0,
103.0,20240101.0,241.06,0.0,0.0,1.0,24.0,1.0,8.0,
103.0,20240501.0,254.94,0.0,0.0,1.0,28.0,1.0,8.0,
103.0,20220101.0,239.77,0.0,0.0,1.0,0.0,1.0,8.0,
103.0,20220901.0,243.73,0.0,0.0,1.0,8.0,1.0,8.0,
408.0,20231001.0,180.44,0.0,0.0,1.0,21.0,1.0,3.0,
408.0,20220101.0,147.79,0.0,0.0,1.0,0.0,1.0,3.0,
408.0,20230101.0,0.0,0.0,0.0,1.0,12.0,1.0,3.0,
408.0,20240801.0,0.0,0.0,0.0,1.0,31.0,1.0,3.0,
408.0,20220501.0,130.09,0.0,0.0,1.0,4.0,1.0,3.0,
408.0,20240601.0,84.1,0.0,0.0,1.0,29.0,1.0,3.0,
408.0,20240201.0,179.15,0.0,0.0,1.0,25.0,1.0,3.0,
408.0,20230101.0,108.23,0.0,0.0,1.0,12.0,1.0,3.0,
408.0,20240301.0,148.03,0.0,0.0,1.0,26.0,1.0,3.0,
408.0,20220401.0,92.58,0.0,0.0,1.0,3.0,1.0,3.0,
408.0,20220601.0,170.43,0.0,0.0,1.0,5.0,1.0,3.0,
408.0,20230801.0,36.15,0.0,0.0,1.0,19.0,1.0,3.0,
408.0,20231201.0,137.58,0.0,0.0,1.0,23.0,1.0,3.0,
408.0,20221001.0,167.85,0.0,0.0,1.0,9.0,1.0,3.0,
408.0,20240101.0,164.18,0.0,0.0,1.0,24.0,1.0,3.0,
408.0,20230501.0,45.14,0.0,0.0,1.0,16.0,1.0,3.0,
408.0,20230901.0,173.29,0.0,0.0,1.0,20.0,1.0,3.0,
408.0,20240401.0,104.38,0.0,0.0,1.0,27.0,1.0,3.0,
408.0,20231101.0,170.42,0.0,0.0,1.0,22.0,1.0,3.0,
408.0,20230601.0,177.53,0.0,0.0,1.0,17.0,1.0,3.0,
408.0,20221201.0,99.54,0.0,0.0,1.0,11.0,1.0,3.0,
408.0,20220301.0,206.97,0.0,0.0,1.0,1.0,1.0,3.0,
408.0,20221101.0,177.09,0.0,0.0,1.0,10.0,1.0,3.0,
408.0,20220201.0,180.64,0.0,0.0,1.0,1.0,1.0,3.0,
408.0,20240101.0,0.0,0.0,0.0,1.0,24.0,1.0,3.0,
408.0,20240501.0,0.0,0.0,0.0,1.0,28.0,1.0,3.0,
408.0,20220101.0,122.48,0.0,0.0,1.0,0.0,1.0,3.0,
408.0,20220901.0,197.57,0.0,0.0,1.0,8.0,1.0,3.0,
104.0,20250101.0,124.98,0.0,0.0,1.0,36.0,1.0,22.0,
104.0,20250101.0,114.5,0.0,0.0,1.0,36.0,1.0,22.0,
104.0,20231001.0,172.7,0.0,0.0,1.0,21.0,1.0,22.0,
104.0,20220101.0,33.92,0.0,0.0,1.0,0.0,1.0,22.0,
104.0,20230401.0,123.65,0.0,0.0,1.0,15.0,1.0,22.0,
104.0,20230301.0,174.33,0.0,0.0,1.0,14.0,1.0,22.0,
104.0,20250501.0,165.85,0.0,0.0,1.0,40.0,1.0,22.0,
104.0,20230101.0,152.14,0.0,0.0,1.0,12.0,1.0,22.0,
104.0,20240801.0,148.93,0.0,0.0,1.0,31.0,1.0,22.0,
104.0,20241101.0,108.42,0.0,0.0,1.0,34.0,1.0,22.0,
104.0,20220501.0,141.25,0.0,0.0,1.0,4.0,1.0,22.0,
104.0,20241001.0,125.98,0.0,0.0,1.0,33.0,1.0,22.0,
104.0,20240601.0,130.54,0.0,0.0,1.0,29.0,1.0,22.0,
104.0,20250301.0,116.55,0.0,0.0,1.0,38.0,1.0,22.0,
104.0,20230201.0,169.56,0.0,0.0,1.0,13.0,1.0,22.0,
104.0,20240201.0,144.94,0.0,0.0,1.0,25.0,1.0,22.0,
104.0,20230101.0,99.37,0.0,0.0,1.0,12.0,1.0,22.0,
104.0,20240301.0,71.6,0.0,0.0,1.0,26.0,1.0,22.0,
104.0,20220401.0,120.47,0.0,0.0,1.0,3.0,1.0,22.0,
104.0,20220601.0,151.07,0.0,0.0,1.0,5.0,1.0,22.0,
104.0,20241201.0,161.06,0.0,0.0,1.0,35.0,1.0,22.0,
104.0,20230801.0,186.64,0.0,0.0,1.0,19.0,1.0,22.0,
104.0,20240901.0,155.19,0.0,0.0,1.0,32.0,1.0,22.0,
104.0,20231201.0,90.04,0.0,0.0,1.0,23.0,1.0,22.0,
104.0,20221001.0,140.17,0.0,0.0,1.0,9.0,1.0,22.0,
104.0,20240101.0,165.81,0.0,0.0,1.0,24.0,1.0,22.0,
104.0,20230501.0,173.27,0.0,0.0,1.0,16.0,1.0,22.0,
104.0,20250601.0,150.06,0.0,0.0,1.0,41.0,1.0,22.0,
104.0,20230901.0,135.88,0.0,0.0,1.0,20.0,1.0,22.0,
104.0,20240401.0,116.19,0.0,0.0,1.0,27.0,1.0,22.0,
104.0,20231101.0,146.21,0.0,0.0,1.0,22.0,1.0,22.0,
104.0,20250201.0,77.79,0.0,0.0,1.0,37.0,1.0,22.0,
104.0,20230601.0,156.16,0.0,0.0,1.0,17.0,1.0,22.0,
104.0,20250401.0,197.8,0.0,0.0,1.0,39.0,1.0,22.0,
104.0,20221201.0,149.39,0.0,0.0,1.0,11.0,1.0,22.0,
104.0,20220301.0,165.61,0.0,0.0,1.0,1.0,1.0,22.0,
104.0,20221101.0,147.96,0.0,0.0,1.0,10.0,1.0,22.0,
104.0,20220201.0,147.23,0.0,0.0,1.0,1.0,1.0,22.0,
104.0,20240101.0,162.59,0.0,0.0,1.0,24.0,1.0,22.0,
104.0,20240501.0,104.4,0.0,0.0,1.0,28.0,1.0,22.0,
104.0,20220101.0,168.48,0.0,0.0,1.0,0.0,1.0,22.0,
104.0,20220901.0,191.09,0.0,0.0,1.0,8.0,1.0,22.0,
487.0,20220101.0,132.32,0.0,0.0,1.0,0.0,1.0,3.0,
487.0,20220501.0,162.49,0.0,0.0,1.0,4.0,1.0,3.0,
487.0,20220401.0,140.08,0.0,0.0,1.0,3.0,1.0,3.0,
487.0,20220601.0,198.11,0.0,0.0,1.0,5.0,1.0,3.0,
487.0,20220301.0,214.88,0.0,0.0,1.0,1.0,1.0,3.0,
487.0,20220201.0,180.55,0.0,0.0,1.0,1.0,1.0,3.0,
487.0,20220101.0,187.31,0.0,0.0,1.0,0.0,1.0,3.0,
105.0,20250101.0,188.23,0.0,0.0,1.0,36.0,1.0,3.0,
105.0,20250101.0,143.69,0.0,0.0,1.0,36.0,1.0,3.0,
105.0,20231001.0,190.2,0.0,0.0,1.0,21.0,1.0,3.0,
105.0,20220101.0,139.23,0.0,0.0,1.0,0.0,1.0,3.0,
105.0,20230401.0,134.11,0.0,0.0,1.0,15.0,1.0,3.0,
105.0,20230301.0,169.76,0.0,0.0,1.0,14.0,1.0,3.0,
105.0,20250501.0,188.9,0.0,0.0,1.0,40.0,1.0,3.0,
105.0,20230101.0,162.49,0.0,0.0,1.0,12.0,1.0,3.0,
105.0,20240801.0,97.98,0.0,0.0,1.0,31.0,1.0,3.0,
105.0,20241101.0,188.65,0.0,0.0,1.0,34.0,1.0,3.0,
105.0,20220501.0,171.03,0.0,0.0,1.0,4.0,1.0,3.0,
105.0,20241001.0,223.62,0.0,0.0,1.0,33.0,1.0,3.0,
105.0,20240601.0,164.01,0.0,0.0,1.0,29.0,1.0,3.0,
105.0,20250301.0,155.05,0.0,0.0,1.0,38.0,1.0,3.0,
105.0,20230201.0,162.42,0.0,0.0,1.0,13.0,1.0,3.0,
105.0,20240201.0,205.55,0.0,0.0,1.0,25.0,1.0,3.0,
105.0,20230101.0,187.95,0.0,0.0,1.0,12.0,1.0,3.0,
105.0,20240301.0,142.38,0.0,0.0,1.0,26.0,1.0,3.0,
105.0,20220401.0,0.0,0.0,0.0,1.0,3.0,1.0,3.0,
105.0,20220601.0,180.58,0.0,0.0,1.0,5.0,1.0,3.0,
105.0,20241201.0,152.85,0.0,0.0,1.0,35.0,1.0,3.0,
105.0,20230801.0,81.32,0.0,0.0,1.0,19.0,1.0,3.0,
105.0,20240901.0,199.35,0.0,0.0,1.0,32.0,1.0,3.0,
105.0,20231201.0,116.49,0.0,0.0,1.0,23.0,1.0,3.0,
105.0,20221001.0,144.46,0.0,0.0,1.0,9.0,1.0,3.0,
105.0,20240101.0,196.24,0.0,0.0,1.0,24.0,1.0,3.0,
105.0,20230501.0,190.4,0.0,0.0,1.0,16.0,1.0,3.0,
105.0,20250601.0,196.2,0.0,0.0,1.0,41.0,1.0,3.0,
105.0,20230901.0,180.89,0.0,0.0,1.0,20.0,1.0,3.0,
105.0,20240401.0,163.35,0.0,0.0,1.0,27.0,1.0,3.0,
105.0,20231101.0,181.67,0.0,0.0,1.0,22.0,1.0,3.0,
105.0,20250201.0,134.54,0.0,0.0,1.0,37.0,1.0,3.0,
105.0,20230601.0,154.14,0.0,0.0,1.0,17.0,1.0,3.0,
105.0,20250401.0,198.39,0.0,0.0,1.0,39.0,1.0,3.0,
105.0,20221201.0,123.98,0.0,0.0,1.0,11.0,1.0,3.0,
105.0,20220301.0,0.0,0.0,0.0,1.0,1.0,1.0,3.0,
105.0,20221101.0,184.24,0.0,0.0,1.0,10.0,1.0,3.0,
105.0,20220201.0,0.0,0.0,0.0,1.0,1.0,1.0,3.0,
105.0,20240101.0,171.34,0.0,0.0,1.0,24.0,1.0,3.0,
105.0,20240501.0,200.08,0.0,0.0,1.0,28.0,1.0,3.0,
105.0,20220101.0,0.0,0.0,0.0,1.0,0.0,1.0,3.0,
105.0,20220901.0,206.88,0.0,0.0,1.0,8.0,1.0,3.0,
409.0,20231001.0,0.0,0.0,0.0,1.0,21.0,1.0,3.0,
409.0,20220101.0,158.2,0.0,0.0,1.0,0.0,1.0,3.0,
409.0,20230401.0,134.09,0.0,0.0,1.0,15.0,1.0,3.0,
409.0,20230301.0,178.98,0.0,0.0,1.0,14.0,1.0,3.0,
409.0,20230101.0,162.97,0.0,0.0,1.0,12.0,1.0,3.0,
409.0,20220501.0,0.0,0.0,0.0,1.0,4.0,1.0,3.0,
409.0,20230201.0,162.47,0.0,0.0,1.0,13.0,1.0,3.0,
409.0,20240201.0,0.0,0.0,0.0,1.0,25.0,1.0,3.0,
409.0,20230101.0,191.23,0.0,0.0,1.0,12.0,1.0,3.0,
409.0,20220401.0,0.0,0.0,0.0,1.0,3.0,1.0,3.0,
409.0,20220601.0,171.88,0.0,0.0,1.0,5.0,1.0,3.0,
409.0,20230801.0,0.0,0.0,0.0,1.0,19.0,1.0,3.0,
409.0,20231201.0,0.0,0.0,0.0,1.0,23.0,1.0,3.0,
409.0,20221001.0,149.03,0.0,0.0,1.0,9.0,1.0,3.0,
409.0,20230501.0,188.39,0.0,0.0,1.0,16.0,1.0,3.0,
409.0,20230901.0,0.0,0.0,0.0,1.0,20.0,1.0,3.0,
409.0,20231101.0,0.0,0.0,0.0,1.0,22.0,1.0,3.0,
409.0,20230601.0,158.69,0.0,0.0,1.0,17.0,1.0,3.0,
409.0,20221201.0,110.27,0.0,0.0,1.0,11.0,1.0,3.0,
409.0,20220301.0,0.0,0.0,0.0,1.0,1.0,1.0,3.0,
409.0,20221101.0,196.93,0.0,0.0,1.0,10.0,1.0,3.0,
409.0,20220201.0,0.0,0.0,0.0,1.0,1.0,1.0,3.0,
409.0,20240101.0,0.0,0.0,0.0,1.0,24.0,1.0,3.0,
409.0,20220101.0,0.0,0.0,0.0,1.0,0.0,1.0,3.0,
409.0,20220901.0,127.77,0.0,0.0,1.0,8.0,1.0,3.0,
106.0,20250101.0,174.91,0.0,0.0,1.0,36.0,1.0,3.0,
106.0,20250101.0,138.86,0.0,0.0,1.0,36.0,1.0,3.0,
106.0,20231001.0,185.98,0.0,0.0,1.0,21.0,1.0,3.0,
106.0,20220101.0,170.52,0.0,0.0,1.0,0.0,1.0,3.0,
106.0,20230401.0,134.28,0.0,0.0,1.0,15.0,1.0,3.0,
106.0,20230301.0,175.36,0.0,0.0,1.0,14.0,1.0,3.0,
106.0,20250501.0,181.3,0.0,0.0,1.0,40.0,1.0,3.0,
106.0,20230101.0,174.85,0.0,0.0,1.0,12.0,1.0,3.0,
106.0,20240801.0,96.73,0.0,0.0,1.0,31.0,1.0,3.0,
106.0,20241101.0,207.28,0.0,0.0,1.0,34.0,1.0,3.0,
106.0,20220501.0,158.74,0.0,0.0,1.0,4.0,1.0,3.0,
106.0,20241001.0,224.6,0.0,0.0,1.0,33.0,1.0,3.0,
106.0,20240601.0,161.12,0.0,0.0,1.0,29.0,1.0,3.0,
106.0,20250301.0,152.39,0.0,0.0,1.0,38.0,1.0,3.0,
106.0,20230201.0,174.67,0.0,0.0,1.0,13.0,1.0,3.0,
106.0,20240201.0,172.6,0.0,0.0,1.0,25.0,1.0,3.0,
106.0,20230101.0,172.65,0.0,0.0,1.0,12.0,1.0,3.0,
106.0,20240301.0,146.39,0.0,0.0,1.0,26.0,1.0,3.0,
106.0,20220401.0,134.36,0.0,0.0,1.0,3.0,1.0,3.0,
106.0,20220601.0,187.05,0.0,0.0,1.0,5.0,1.0,3.0,
106.0,20241201.0,163.96,0.0,0.0,1.0,35.0,1.0,3.0,
106.0,20230801.0,80.44,0.0,0.0,1.0,19.0,1.0,3.0,
106.0,20240901.0,193.18,0.0,0.0,1.0,32.0,1.0,3.0,
106.0,20231201.0,123.92,0.0,0.0,1.0,23.0,1.0,3.0,
106.0,20221001.0,168.76,0.0,0.0,1.0,9.0,1.0,3.0,
106.0,20240101.0,206.1,0.0,0.0,1.0,24.0,1.0,3.0,
106.0,20230501.0,187.04,0.0,0.0,1.0,16.0,1.0,3.0,
106.0,20250601.0,113.09,0.0,0.0,1.0,41.0,1.0,3.0,
106.0,20230901.0,131.66,0.0,0.0,1.0,20.0,1.0,3.0,
106.0,20240401.0,161.66,0.0,0.0,1.0,27.0,1.0,3.0,
106.0,20231101.0,182.45,0.0,0.0,1.0,22.0,1.0,3.0,
106.0,20250201.0,186.35,0.0,0.0,1.0,37.0,1.0,3.0,
106.0,20230601.0,152.98,0.0,0.0,1.0,17.0,1.0,3.0,
106.0,20250401.0,187.28,0.0,0.0,1.0,39.0,1.0,3.0,
106.0,20221201.0,123.03,0.0,0.0,1.0,11.0,1.0,3.0,
106.0,20220301.0,204.55,0.0,0.0,1.0,1.0,1.0,3.0,
106.0,20221101.0,160.32,0.0,0.0,1.0,10.0,1.0,3.0,
106.0,20220201.0,139.57,0.0,0.0,1.0,1.0,1.0,3.0,
106.0,20240101.0,178.16,0.0,0.0,1.0,24.0,1.0,3.0,
106.0,20240501.0,193.51,0.0,0.0,1.0,28.0,1.0,3.0,
106.0,20220101.0,152.56,0.0,0.0,1.0,0.0,1.0,3.0,
106.0,20220901.0,173.85,0.0,0.0,1.0,8.0,1.0,3.0,
107.0,20250101.0,195.91,0.0,0.0,1.0,36.0,1.0,1.0,
107.0,20250101.0,116.62,0.0,0.0,1.0,36.0,1.0,1.0,
107.0,20231001.0,170.18,0.0,0.0,1.0,21.0,1.0,1.0,
107.0,20220101.0,150.74,0.0,0.0,1.0,0.0,1.0,1.0,
107.0,20230401.0,137.46,0.0,0.0,1.0,15.0,1.0,1.0,
107.0,20230301.0,171.41,0.0,0.0,1.0,14.0,1.0,1.0,
107.0,20250501.0,180.76,0.0,0.0,1.0,40.0,1.0,1.0,
107.0,20230101.0,196.12,0.0,0.0,1.0,12.0,1.0,1.0,
107.0,20240801.0,90.99,0.0,0.0,1.0,31.0,1.0,1.0,
107.0,20241101.0,189.63,0.0,0.0,1.0,34.0,1.0,1.0,
107.0,20220501.0,184.42,0.0,0.0,1.0,4.0,1.0,1.0,
107.0,20241001.0,208.91,0.0,0.0,1.0,33.0,1.0,1.0,
107.0,20240601.0,170.9,0.0,0.0,1.0,29.0,1.0,1.0,
107.0,20250301.0,126.6,0.0,0.0,1.0,38.0,1.0,1.0,
107.0,20230201.0,178.17,0.0,0.0,1.0,13.0,1.0,1.0,
107.0,20240201.0,179.48,0.0,0.0,1.0,25.0,1.0,1.0,
107.0,20230101.0,153.51,0.0,0.0,1.0,12.0,1.0,1.0,
107.0,20240301.0,130.25,0.0,0.0,1.0,26.0,1.0,1.0,
107.0,20220401.0,114.95,0.0,0.0,1.0,3.0,1.0,1.0,
107.0,20220601.0,179.15,0.0,0.0,1.0,5.0,1.0,1.0,
107.0,20241201.0,178.02,0.0,0.0,1.0,35.0,1.0,1.0,
107.0,20230801.0,80.84,0.0,0.0,1.0,19.0,1.0,1.0,
107.0,20240901.0,189.27,0.0,0.0,1.0,32.0,1.0,1.0,
107.0,20231201.0,162.8,0.0,0.0,1.0,23.0,1.0,1.0,
107.0,20221001.0,172.15,0.0,0.0,1.0,9.0,1.0,1.0,
107.0,20240101.0,192.27,0.0,0.0,1.0,24.0,1.0,1.0,
107.0,20230501.0,199.19,0.0,0.0,1.0,16.0,1.0,1.0,
107.0,20250601.0,168.05,0.0,0.0,1.0,41.0,1.0,1.0,
107.0,20230901.0,171.18,0.0,0.0,1.0,20.0,1.0,1.0,
107.0,20240401.0,164.23,0.0,0.0,1.0,27.0,1.0,1.0,
107.0,20231101.0,184.52,0.0,0.0,1.0,22.0,1.0,1.0,
107.0,20250201.0,158.13,0.0,0.0,1.0,37.0,1.0,1.0,
107.0,20230601.0,172.11,0.0,0.0,1.0,17.0,1.0,1.0,
107.0,20250401.0,180.52,0.0,0.0,1.0,39.0,1.0,1.0,
107.0,20221201.0,119.9,0.0,0.0,1.0,11.0,1.0,1.0,
107.0,20220301.0,199.85,0.0,0.0,1.0,1.0,1.0,1.0,
107.0,20221101.0,194.82,0.0,0.0,1.0,10.0,1.0,1.0,
107.0,20220201.0,173.62,0.0,0.0,1.0,1.0,1.0,1.0,
107.0,20240101.0,193.29,0.0,0.0,1.0,24.0,1.0,1.0,
107.0,20240501.0,198.44,0.0,0.0,1.0,28.0,1.0,1.0,
107.0,20220101.0,174.56,0.0,0.0,1.0,0.0,1.0,1.0,
107.0,20220901.0,186.0,0.0,0.0,1.0,8.0,1.0,1.0,
108.0,20250101.0,174.5,0.0,0.0,1.0,36.0,2.0,22.0,
108.0,20250101.0,35.94,0.0,0.0,1.0,36.0,2.0,22.0,
108.0,20231001.0,200.72,0.0,0.0,1.0,21.0,2.0,22.0,
108.0,20220101.0,122.65,0.0,0.0,1.0,0.0,2.0,22.0,
108.0,20230401.0,88.47,0.0,0.0,1.0,15.0,2.0,22.0,
108.0,20230301.0,106.83,0.0,0.0,1.0,14.0,2.0,22.0,
108.0,20250501.0,181.76,0.0,0.0,1.0,40.0,2.0,22.0,
108.0,20230101.0,153.81,0.0,0.0,1.0,12.0,2.0,22.0,
108.0,20240801.0,109.49,0.0,0.0,1.0,31.0,2.0,22.0,
108.0,20241101.0,164.54,0.0,0.0,1.0,34.0,2.0,22.0,
108.0,20220501.0,109.28,0.0,0.0,1.0,4.0,2.0,22.0,
108.0,20241001.0,196.08,0.0,0.0,1.0,33.0,2.0,22.0,
108.0,20240601.0,116.87,0.0,0.0,1.0,29.0,2.0,22.0,
108.0,20250301.0,123.73,0.0,0.0,1.0,38.0,2.0,22.0,
108.0,20230201.0,172.33,0.0,0.0,1.0,13.0,2.0,22.0,
108.0,20240201.0,164.05,0.0,0.0,1.0,25.0,2.0,22.0,
108.0,20230101.0,132.8,0.0,0.0,1.0,12.0,2.0,22.0,
108.0,20240301.0,75.44,0.0,0.0,1.0,26.0,2.0,22.0,
108.0,20220401.0,133.5,0.0,0.0,1.0,3.0,2.0,22.0,
108.0,20220601.0,191.96,0.0,0.0,1.0,5.0,2.0,22.0,
108.0,20241201.0,179.16,0.0,0.0,1.0,35.0,2.0,22.0,
108.0,20230801.0,118.97,0.0,0.0,1.0,19.0,2.0,22.0,
108.0,20240901.0,178.7,0.0,0.0,1.0,32.0,2.0,22.0,
108.0,20231201.0,126.49,0.0,0.0,1.0,23.0,2.0,22.0,
108.0,20221001.0,169.11,0.0,0.0,1.0,9.0,2.0,22.0,
108.0,20240101.0,136.3,0.0,0.0,1.0,24.0,2.0,22.0,
108.0,20230501.0,116.15,0.0,0.0,1.0,16.0,2.0,22.0,
108.0,20250601.0,168.02,0.0,0.0,1.0,41.0,2.0,22.0,
108.0,20230901.0,114.1,0.0,0.0,1.0,20.0,2.0,22.0,
108.0,20240401.0,101.02,0.0,0.0,1.0,27.0,2.0,22.0,
108.0,20231101.0,163.36,0.0,0.0,1.0,22.0,2.0,22.0,
108.0,20250201.0,151.31,0.0,0.0,1.0,37.0,2.0,22.0,
108.0,20230601.0,95.44,0.0,0.0,1.0,17.0,2.0,22.0,
108.0,20250401.0,151.74,0.0,0.0,1.0,39.0,2.0,22.0,
108.0,20221201.0,72.1,0.0,0.0,1.0,11.0,2.0,22.0,
108.0,20220301.0,201.3,0.0,0.0,1.0,1.0,2.0,22.0,
108.0,20221101.0,170.82,0.0,0.0,1.0,10.0,2.0,22.0,
108.0,20220201.0,182.25,0.0,0.0,1.0,1.0,2.0,22.0,
108.0,20240101.0,164.74,0.0,0.0,1.0,24.0,2.0,22.0,
108.0,20240501.0,194.36,0.0,0.0,1.0,28.0,2.0,22.0,
108.0,20220101.0,127.14,0.0,0.0,1.0,0.0,2.0,22.0,
108.0,20220901.0,182.06,0.0,0.0,1.0,8.0,2.0,22.0,
488.0,20220101.0,180.0,0.0,0.0,1.0,0.0,4.0,14.0,
488.0,20230401.0,11.43,0.0,0.0,1.0,15.0,4.0,14.0,
488.0,20230301.0,20.3,0.0,0.0,1.0,14.0,4.0,14.0,
488.0,20230101.0,166.03,0.0,0.0,1.0,12.0,4.0,14.0,
488.0,20220501.0,180.0,0.0,0.0,1.0,4.0,4.0,14.0,
488.0,20230201.0,92.51,0.0,0.0,1.0,13.0,4.0,14.0,
488.0,20220401.0,149.0,0.0,0.0,1.0,3.0,4.0,14.0,
488.0,20220601.0,198.0,0.0,0.0,1.0,5.0,4.0,14.0,
488.0,20221001.0,189.0,0.0,0.0,1.0,9.0,4.0,14.0,
488.0,20221201.0,127.99,0.0,0.0,1.0,11.0,4.0,14.0,
488.0,20220301.0,207.0,0.0,0.0,1.0,1.0,4.0,14.0,
488.0,20221101.0,104.61,0.0,0.0,1.0,10.0,4.0,14.0,
488.0,20220201.0,180.0,0.0,0.0,1.0,1.0,4.0,14.0,
488.0,20220101.0,189.0,0.0,0.0,1.0,0.0,4.0,14.0,
488.0,20220901.0,198.0,0.0,0.0,1.0,8.0,4.0,14.0,
109.0,20250101.0,200.8,0.0,0.0,1.0,36.0,1.0,12.0,
109.0,20250101.0,128.17,0.0,0.0,1.0,36.0,1.0,12.0,
109.0,20231001.0,211.0,0.0,0.0,1.0,21.0,1.0,12.0,
109.0,20220101.0,156.18,0.0,0.0,1.0,0.0,1.0,12.0,
109.0,20230401.0,117.88,0.0,0.0,1.0,15.0,1.0,12.0,
109.0,20230301.0,175.87,0.0,0.0,1.0,14.0,1.0,12.0,
109.0,20250501.0,192.06,0.0,0.0,1.0,40.0,1.0,12.0,
109.0,20230101.0,204.74,0.0,0.0,1.0,12.0,1.0,12.0,
109.0,20240801.0,50.65,0.0,0.0,1.0,31.0,1.0,12.0,
109.0,20241101.0,183.22,0.0,0.0,1.0,34.0,1.0,12.0,
109.0,20220501.0,173.04,0.0,0.0,1.0,4.0,1.0,12.0,
109.0,20241001.0,208.94,0.0,0.0,1.0,33.0,1.0,12.0,
109.0,20240601.0,173.51,0.0,0.0,1.0,29.0,1.0,12.0,
109.0,20250301.0,125.06,0.0,0.0,1.0,38.0,1.0,12.0,
109.0,20230201.0,192.84,0.0,0.0,1.0,13.0,1.0,12.0,
109.0,20240201.0,185.01,0.0,0.0,1.0,25.0,1.0,12.0,
109.0,20230101.0,193.58,0.0,0.0,1.0,12.0,1.0,12.0,
109.0,20240301.0,130.42,0.0,0.0,1.0,26.0,1.0,12.0,
109.0,20220401.0,130.92,0.0,0.0,1.0,3.0,1.0,12.0,
109.0,20220601.0,206.29,0.0,0.0,1.0,5.0,1.0,12.0,
109.0,20241201.0,158.61,0.0,0.0,1.0,35.0,1.0,12.0,
109.0,20230801.0,83.09,0.0,0.0,1.0,19.0,1.0,12.0,
109.0,20240901.0,189.78,0.0,0.0,1.0,32.0,1.0,12.0,
109.0,20231201.0,197.71,0.0,0.0,1.0,23.0,1.0,12.0,
109.0,20221001.0,169.98,0.0,0.0,1.0,9.0,1.0,12.0,
109.0,20240101.0,193.92,0.0,0.0,1.0,24.0,1.0,12.0,
109.0,20230501.0,198.91,0.0,0.0,1.0,16.0,1.0,12.0,
109.0,20250601.0,174.7,0.0,0.0,1.0,41.0,1.0,12.0,
109.0,20230901.0,191.98,0.0,0.0,1.0,20.0,1.0,12.0,
109.0,20240401.0,164.75,0.0,0.0,1.0,27.0,1.0,12.0,
109.0,20231101.0,221.34,0.0,0.0,1.0,22.0,1.0,12.0,
109.0,20250201.0,183.88,0.0,0.0,1.0,37.0,1.0,12.0,
109.0,20230601.0,195.74,0.0,0.0,1.0,17.0,1.0,12.0,
109.0,20250401.0,193.0,0.0,0.0,1.0,39.0,1.0,12.0,
109.0,20221201.0,145.06,0.0,0.0,1.0,11.0,1.0,12.0,
109.0,20220301.0,212.96,0.0,0.0,1.0,1.0,1.0,12.0,
109.0,20221101.0,195.25,0.0,0.0,1.0,10.0,1.0,12.0,
109.0,20220201.0,176.0,0.0,0.0,1.0,1.0,1.0,12.0,
109.0,20240101.0,182.02,0.0,0.0,1.0,24.0,1.0,12.0,
109.0,20240501.0,192.87,0.0,0.0,1.0,28.0,1.0,12.0,
109.0,20220101.0,186.02,0.0,0.0,1.0,0.0,1.0,12.0,
109.0,20220901.0,204.71,0.0,0.0,1.0,8.0,1.0,12.0,
110.0,20250101.0,195.94,0.0,0.0,1.0,36.0,1.0,3.0,
110.0,20250101.0,131.62,0.0,0.0,1.0,36.0,1.0,3.0,
110.0,20231001.0,175.38,0.0,0.0,1.0,21.0,1.0,3.0,
110.0,20220101.0,140.58,0.0,0.0,1.0,0.0,1.0,3.0,
110.0,20230401.0,128.67,0.0,0.0,1.0,15.0,1.0,3.0,
110.0,20230301.0,157.48,0.0,0.0,1.0,14.0,1.0,3.0,
110.0,20250501.0,168.88,0.0,0.0,1.0,40.0,1.0,3.0,
110.0,20230101.0,183.58,0.0,0.0,1.0,12.0,1.0,3.0,
110.0,20240801.0,99.02,0.0,0.0,1.0,31.0,1.0,3.0,
110.0,20241101.0,203.57,0.0,0.0,1.0,34.0,1.0,3.0,
110.0,20220501.0,173.29,0.0,0.0,1.0,4.0,1.0,3.0,
110.0,20241001.0,220.76,0.0,0.0,1.0,33.0,1.0,3.0,
110.0,20240601.0,146.65,0.0,0.0,1.0,29.0,1.0,3.0,
110.0,20250301.0,150.25,0.0,0.0,1.0,38.0,1.0,3.0,
110.0,20230201.0,170.01,0.0,0.0,1.0,13.0,1.0,3.0,
110.0,20240201.0,166.98,0.0,0.0,1.0,25.0,1.0,3.0,
110.0,20230101.0,179.65,0.0,0.0,1.0,12.0,1.0,3.0,
110.0,20240301.0,131.15,0.0,0.0,1.0,26.0,1.0,3.0,
110.0,20220401.0,138.87,0.0,0.0,1.0,3.0,1.0,3.0,
110.0,20220601.0,141.72,0.0,0.0,1.0,5.0,1.0,3.0,
110.0,20241201.0,185.97,0.0,0.0,1.0,35.0,1.0,3.0,
110.0,20230801.0,80.08,0.0,0.0,1.0,19.0,1.0,3.0,
110.0,20240901.0,201.66,0.0,0.0,1.0,32.0,1.0,3.0,
110.0,20231201.0,124.71,0.0,0.0,1.0,23.0,1.0,3.0,
110.0,20221001.0,172.19,0.0,0.0,1.0,9.0,1.0,3.0,
110.0,20240101.0,205.26,0.0,0.0,1.0,24.0,1.0,3.0,
110.0,20230501.0,205.93,0.0,0.0,1.0,16.0,1.0,3.0,
110.0,20250601.0,177.55,0.0,0.0,1.0,41.0,1.0,3.0,
110.0,20230901.0,121.02,0.0,0.0,1.0,20.0,1.0,3.0,
110.0,20240401.0,150.24,0.0,0.0,1.0,27.0,1.0,3.0,
110.0,20231101.0,196.31,0.0,0.0,1.0,22.0,1.0,3.0,
110.0,20250201.0,172.77,0.0,0.0,1.0,37.0,1.0,3.0,
110.0,20230601.0,154.22,0.0,0.0,1.0,17.0,1.0,3.0,
110.0,20250401.0,186.65,0.0,0.0,1.0,39.0,1.0,3.0,
110.0,20221201.0,142.59,0.0,0.0,1.0,11.0,1.0,3.0,
110.0,20220301.0,183.25,0.0,0.0,1.0,1.0,1.0,3.0,
110.0,20221101.0,186.96,0.0,0.0,1.0,10.0,1.0,3.0,
110.0,20220201.0,180.09,0.0,0.0,1.0,1.0,1.0,3.0,
110.0,20240101.0,163.8,0.0,0.0,1.0,24.0,1.0,3.0,
110.0,20240501.0,186.3,0.0,0.0,1.0,28.0,1.0,3.0,
110.0,20220101.0,124.43,0.0,0.0,1.0,0.0,1.0,3.0,
110.0,20220901.0,203.82,0.0,0.0,1.0,8.0,1.0,3.0,
111.0,20250101.0,187.43,0.0,0.0,1.0,36.0,1.0,3.0,
111.0,20250101.0,142.91,0.0,0.0,1.0,36.0,1.0,3.0,
111.0,20231001.0,196.48,0.0,0.0,1.0,21.0,1.0,3.0,
111.0,20220101.0,172.69,0.0,0.0,1.0,0.0,1.0,3.0,
111.0,20230401.0,132.33,0.0,0.0,1.0,15.0,1.0,3.0,
111.0,20230301.0,177.66,0.0,0.0,1.0,14.0,1.0,3.0,
111.0,20250501.0,207.48,0.0,0.0,1.0,40.0,1.0,3.0,
111.0,20230101.0,186.82,0.0,0.0,1.0,12.0,1.0,3.0,
111.0,20240801.0,93.01,0.0,0.0,1.0,31.0,1.0,3.0,
111.0,20241101.0,206.52,0.0,0.0,1.0,34.0,1.0,3.0,
111.0,20220501.0,177.52,0.0,0.0,1.0,4.0,1.0,3.0,
111.0,20241001.0,205.68,0.0,0.0,1.0,33.0,1.0,3.0,
111.0,20240601.0,180.12,0.0,0.0,1.0,29.0,1.0,3.0,
111.0,20250301.0,154.33,0.0,0.0,1.0,38.0,1.0,3.0,
111.0,20230201.0,179.74,0.0,0.0,1.0,13.0,1.0,3.0,
111.0,20240201.0,196.99,0.0,0.0,1.0,25.0,1.0,3.0,
111.0,20230101.0,191.3,0.0,0.0,1.0,12.0,1.0,3.0,
111.0,20240301.0,148.28,0.0,0.0,1.0,26.0,1.0,3.0,
111.0,20220401.0,139.11,0.0,0.0,1.0,3.0,1.0,3.0,
111.0,20220601.0,197.91,0.0,0.0,1.0,5.0,1.0,3.0,
111.0,20241201.0,164.41,0.0,0.0,1.0,35.0,1.0,3.0,
111.0,20230801.0,88.75,0.0,0.0,1.0,19.0,1.0,3.0,
111.0,20240901.0,196.94,0.0,0.0,1.0,32.0,1.0,3.0,
111.0,20231201.0,133.73,0.0,0.0,1.0,23.0,1.0,3.0,
111.0,20221001.0,185.25,0.0,0.0,1.0,9.0,1.0,3.0,
111.0,20240101.0,205.32,0.0,0.0,1.0,24.0,1.0,3.0,
111.0,20230501.0,197.54,0.0,0.0,1.0,16.0,1.0,3.0,
111.0,20250601.0,185.59,0.0,0.0,1.0,41.0,1.0,3.0,
111.0,20230901.0,187.98,0.0,0.0,1.0,20.0,1.0,3.0,
111.0,20240401.0,162.26,0.0,0.0,1.0,27.0,1.0,3.0,
111.0,20231101.0,192.37,0.0,0.0,1.0,22.0,1.0,3.0,
111.0,20250201.0,182.96,0.0,0.0,1.0,37.0,1.0,3.0,
111.0,20230601.0,176.32,0.0,0.0,1.0,17.0,1.0,3.0,
111.0,20250401.0,198.14,0.0,0.0,1.0,39.0,1.0,3.0,
111.0,20221201.0,112.13,0.0,0.0,1.0,11.0,1.0,3.0,
111.0,20220301.0,205.21,0.0,0.0,1.0,1.0,1.0,3.0,
111.0,20221101.0,194.13,0.0,0.0,1.0,10.0,1.0,3.0,
111.0,20220201.0,175.05,0.0,0.0,1.0,1.0,1.0,3.0,
111.0,20240101.0,195.88,0.0,0.0,1.0,24.0,1.0,3.0,
111.0,20240501.0,199.56,0.0,0.0,1.0,28.0,1.0,3.0,
111.0,20220101.0,186.49,0.0,0.0,1.0,0.0,1.0,3.0,
111.0,20220901.0,178.01,0.0,0.0,1.0,8.0,1.0,3.0,
609.0,20220101.0,44.85,0.0,0.0,1.0,0.0,1.0,3.0,
603.0,20220201.0,0.0,0.0,0.0,1.0,1.0,1.0,3.0,
603.0,20220101.0,0.0,0.0,0.0,1.0,0.0,1.0,3.0,
575.0,20220501.0,22.74,0.0,0.0,1.0,4.0,1.0,3.0,
575.0,20220401.0,100.16,0.0,0.0,1.0,3.0,1.0,3.0,
575.0,20220301.0,199.38,0.0,0.0,1.0,1.0,1.0,3.0,
575.0,20220201.0,164.28,0.0,0.0,1.0,1.0,1.0,3.0,
575.0,20220101.0,155.9,0.0,0.0,1.0,0.0,1.0,3.0,
112.0,20250101.0,176.62,0.0,0.0,1.0,36.0,1.0,11.0,
112.0,20250101.0,125.64,0.0,0.0,1.0,36.0,1.0,11.0,
112.0,20231001.0,186.29,0.0,0.0,1.0,21.0,1.0,11.0,
112.0,20220101.0,151.72,0.0,0.0,1.0,0.0,1.0,11.0,
112.0,20230401.0,128.72,0.0,0.0,1.0,15.0,1.0,11.0,
112.0,20230301.0,173.62,0.0,0.0,1.0,14.0,1.0,11.0,
112.0,20250501.0,192.36,0.0,0.0,1.0,40.0,1.0,11.0,
112.0,20230101.0,187.15,0.0,0.0,1.0,12.0,1.0,11.0,
112.0,20240801.0,172.8,0.0,0.0,1.0,31.0,1.0,11.0,
112.0,20241101.0,203.89,0.0,0.0,1.0,34.0,1.0,11.0,
112.0,20220501.0,164.38,0.0,0.0,1.0,4.0,1.0,11.0,
112.0,20241001.0,190.01,0.0,0.0,1.0,33.0,1.0,11.0,
112.0,20240601.0,164.08,0.0,0.0,1.0,29.0,1.0,11.0,
112.0,20250301.0,136.14,0.0,0.0,1.0,38.0,1.0,11.0,
112.0,20230201.0,169.32,0.0,0.0,1.0,13.0,1.0,11.0,
112.0,20240201.0,193.22,0.0,0.0,1.0,25.0,1.0,11.0,
112.0,20230101.0,178.2,0.0,0.0,1.0,12.0,1.0,11.0,
112.0,20240301.0,153.43,0.0,0.0,1.0,26.0,1.0,11.0,
112.0,20220401.0,132.05,0.0,0.0,1.0,3.0,1.0,11.0,
112.0,20220601.0,185.81,0.0,0.0,1.0,5.0,1.0,11.0,
112.0,20241201.0,194.8,0.0,0.0,1.0,35.0,1.0,11.0,
112.0,20230801.0,147.95,0.0,0.0,1.0,19.0,1.0,11.0,
112.0,20240901.0,178.79,0.0,0.0,1.0,32.0,1.0,11.0,
112.0,20231201.0,170.19,0.0,0.0,1.0,23.0,1.0,11.0,
112.0,20221001.0,189.33,0.0,0.0,1.0,9.0,1.0,11.0,
112.0,20240101.0,168.04,0.0,0.0,1.0,24.0,1.0,11.0,
112.0,20230501.0,197.59,0.0,0.0,1.0,16.0,1.0,11.0,
112.0,20250601.0,162.59,0.0,0.0,1.0,41.0,1.0,11.0,
112.0,20230901.0,174.18,0.0,0.0,1.0,20.0,1.0,11.0,
112.0,20240401.0,106.72,0.0,0.0,1.0,27.0,1.0,11.0,
112.0,20231101.0,189.76,0.0,0.0,1.0,22.0,1.0,11.0,
112.0,20250201.0,162.75,0.0,0.0,1.0,37.0,1.0,11.0,
112.0,20230601.0,160.67,0.0,0.0,1.0,17.0,1.0,11.0,
112.0,20250401.0,173.82,0.0,0.0,1.0,39.0,1.0,11.0,
112.0,20221201.0,198.2,0.0,0.0,1.0,11.0,1.0,11.0,
112.0,20220301.0,204.49,0.0,0.0,1.0,1.0,1.0,11.0,
112.0,20221101.0,194.54,0.0,0.0,1.0,10.0,1.0,11.0,
112.0,20220201.0,161.75,0.0,0.0,1.0,1.0,1.0,11.0,
112.0,20240101.0,197.24,0.0,0.0,1.0,24.0,1.0,11.0,
112.0,20240501.0,157.86,0.0,0.0,1.0,28.0,1.0,11.0,
112.0,20220101.0,180.41,0.0,0.0,1.0,0.0,1.0,11.0,
112.0,20220901.0,207.1,0.0,0.0,1.0,8.0,1.0,11.0,
113.0,20250101.0,201.54,0.0,0.0,1.0,36.0,1.0,22.0,
113.0,20250101.0,123.78,0.0,0.0,1.0,36.0,1.0,22.0,
113.0,20231001.0,173.34,0.0,0.0,1.0,21.0,1.0,22.0,
113.0,20220101.0,174.59,0.0,0.0,1.0,0.0,1.0,22.0,
113.0,20230401.0,118.86,0.0,0.0,1.0,15.0,1.0,22.0,
113.0,20230301.0,165.82,0.0,0.0,1.0,14.0,1.0,22.0,
113.0,20250501.0,192.21,0.0,0.0,1.0,40.0,1.0,22.0,
113.0,20230101.0,196.45,0.0,0.0,1.0,12.0,1.0,22.0,
113.0,20240801.0,101.85,0.0,0.0,1.0,31.0,1.0,22.0,
113.0,20241101.0,126.39,0.0,0.0,1.0,34.0,1.0,22.0,
113.0,20220501.0,160.96,0.0,0.0,1.0,4.0,1.0,22.0,
113.0,20241001.0,195.82,0.0,0.0,1.0,33.0,1.0,22.0,
113.0,20240601.0,155.4,0.0,0.0,1.0,29.0,1.0,22.0,
113.0,20250301.0,128.19,0.0,0.0,1.0,38.0,1.0,22.0,
113.0,20230201.0,176.27,0.0,0.0,1.0,13.0,1.0,22.0,
113.0,20240201.0,139.42,0.0,0.0,1.0,25.0,1.0,22.0,
113.0,20230101.0,183.3,0.0,0.0,1.0,12.0,1.0,22.0,
113.0,20240301.0,132.74,0.0,0.0,1.0,26.0,1.0,22.0,
113.0,20220401.0,140.51,0.0,0.0,1.0,3.0,1.0,22.0,
113.0,20220601.0,196.43,0.0,0.0,1.0,5.0,1.0,22.0,
113.0,20241201.0,165.8,0.0,0.0,1.0,35.0,1.0,22.0,
113.0,20230801.0,120.13,0.0,0.0,1.0,19.0,1.0,22.0,
113.0,20240901.0,193.2,0.0,0.0,1.0,32.0,1.0,22.0,
113.0,20231201.0,188.51,0.0,0.0,1.0,23.0,1.0,22.0,
113.0,20221001.0,191.89,0.0,0.0,1.0,9.0,1.0,22.0,
113.0,20240101.0,199.1,0.0,0.0,1.0,24.0,1.0,22.0,
113.0,20230501.0,156.61,0.0,0.0,1.0,16.0,1.0,22.0,
113.0,20250601.0,161.72,0.0,0.0,1.0,41.0,1.0,22.0,
113.0,20230901.0,192.09,0.0,0.0,1.0,20.0,1.0,22.0,
113.0,20240401.0,145.39,0.0,0.0,1.0,27.0,1.0,22.0,
113.0,20231101.0,191.9,0.0,0.0,1.0,22.0,1.0,22.0,
113.0,20250201.0,181.98,0.0,0.0,1.0,37.0,1.0,22.0,
113.0,20230601.0,167.85,0.0,0.0,1.0,17.0,1.0,22.0,
113.0,20250401.0,166.15,0.0,0.0,1.0,39.0,1.0,22.0,
113.0,20221201.0,179.28,0.0,0.0,1.0,11.0,1.0,22.0,
113.0,20220301.0,190.99,0.0,0.0,1.0,1.0,1.0,22.0,
113.0,20221101.0,202.26,0.0,0.0,1.0,10.0,1.0,22.0,
113.0,20220201.0,177.92,0.0,0.0,1.0,1.0,1.0,22.0,
113.0,20240101.0,190.23,0.0,0.0,1.0,24.0,1.0,22.0,
113.0,20240501.0,196.79,0.0,0.0,1.0,28.0,1.0,22.0,
113.0,20220101.0,189.04,0.0,0.0,1.0,0.0,1.0,22.0,
113.0,20220901.0,203.35,0.0,0.0,1.0,8.0,1.0,22.0,
410.0,20231001.0,200.89,0.0,0.0,1.0,21.0,2.0,22.0,
410.0,20220101.0,159.89,0.0,0.0,1.0,0.0,2.0,22.0,
410.0,20230401.0,112.05,0.0,0.0,1.0,15.0,2.0,22.0,
410.0,20230301.0,182.58,0.0,0.0,1.0,14.0,2.0,22.0,
410.0,20230101.0,200.33,0.0,0.0,1.0,12.0,2.0,22.0,
410.0,20220501.0,182.44,0.0,0.0,1.0,4.0,2.0,22.0,
410.0,20240601.0,109.78,0.0,0.0,1.0,29.0,2.0,22.0,
410.0,20230201.0,138.54,0.0,0.0,1.0,13.0,2.0,22.0,
410.0,20240201.0,191.67,0.0,0.0,1.0,25.0,2.0,22.0,
410.0,20230101.0,172.42,0.0,0.0,1.0,12.0,2.0,22.0,
410.0,20240301.0,144.55,0.0,0.0,1.0,26.0,2.0,22.0,
410.0,20220401.0,142.44,0.0,0.0,1.0,3.0,2.0,22.0,
410.0,20220601.0,198.23,0.0,0.0,1.0,5.0,2.0,22.0,
410.0,20230801.0,45.58,0.0,0.0,1.0,19.0,2.0,22.0,
410.0,20231201.0,144.95,0.0,0.0,1.0,23.0,2.0,22.0,
410.0,20221001.0,108.93,0.0,0.0,1.0,9.0,2.0,22.0,
410.0,20230501.0,200.19,0.0,0.0,1.0,16.0,2.0,22.0,
410.0,20230901.0,181.02,0.0,0.0,1.0,20.0,2.0,22.0,
410.0,20240401.0,64.68,0.0,0.0,1.0,27.0,2.0,22.0,
410.0,20231101.0,199.72,0.0,0.0,1.0,22.0,2.0,22.0,
410.0,20230601.0,160.76,0.0,0.0,1.0,17.0,2.0,22.0,
410.0,20221201.0,182.79,0.0,0.0,1.0,11.0,2.0,22.0,
410.0,20220301.0,201.2,0.0,0.0,1.0,1.0,2.0,22.0,
410.0,20221101.0,200.27,0.0,0.0,1.0,10.0,2.0,22.0,
410.0,20220201.0,164.53,0.0,0.0,1.0,1.0,2.0,22.0,
410.0,20240101.0,173.06,0.0,0.0,1.0,24.0,2.0,22.0,
410.0,20240501.0,182.24,0.0,0.0,1.0,28.0,2.0,22.0,
410.0,20220101.0,164.65,0.0,0.0,1.0,0.0,2.0,22.0,
410.0,20220901.0,199.93,0.0,0.0,1.0,8.0,2.0,22.0,
599.0,20220301.0,0.0,0.0,0.0,1.0,1.0,1.0,3.0,
599.0,20220201.0,116.48,0.0,0.0,1.0,1.0,1.0,3.0,
599.0,20220101.0,143.51,0.0,0.0,1.0,0.0,1.0,3.0,
114.0,20250101.0,80.99,0.0,0.0,1.0,36.0,1.0,3.0,
114.0,20250101.0,107.36,0.0,0.0,1.0,36.0,1.0,3.0,
114.0,20231001.0,181.95,0.0,0.0,1.0,21.0,1.0,3.0,
114.0,20220101.0,179.64,0.0,0.0,1.0,0.0,1.0,3.0,
114.0,20230401.0,142.01,0.0,0.0,1.0,15.0,1.0,3.0,
114.0,20230301.0,177.9,0.0,0.0,1.0,14.0,1.0,3.0,
114.0,20250501.0,153.2,0.0,0.0,1.0,40.0,1.0,3.0,
114.0,20230101.0,178.26,0.0,0.0,1.0,12.0,1.0,3.0,
114.0,20240801.0,0.0,0.0,0.0,1.0,31.0,1.0,3.0,
114.0,20241101.0,0.0,0.0,0.0,1.0,34.0,1.0,3.0,
114.0,20220501.0,185.77,0.0,0.0,1.0,4.0,1.0,3.0,
114.0,20241001.0,0.0,0.0,0.0,1.0,33.0,1.0,3.0,
114.0,20240601.0,162.14,0.0,0.0,1.0,29.0,1.0,3.0,
114.0,20250301.0,145.11,0.0,0.0,1.0,38.0,1.0,3.0,
114.0,20230201.0,186.51,0.0,0.0,1.0,13.0,1.0,3.0,
114.0,20240201.0,202.79,0.0,0.0,1.0,25.0,1.0,3.0,
114.0,20230101.0,191.5,0.0,0.0,1.0,12.0,1.0,3.0,
114.0,20240301.0,141.6,0.0,0.0,1.0,26.0,1.0,3.0,
114.0,20220401.0,126.68,0.0,0.0,1.0,3.0,1.0,3.0,
114.0,20220601.0,142.08,0.0,0.0,1.0,5.0,1.0,3.0,
114.0,20241201.0,0.0,0.0,0.0,1.0,35.0,1.0,3.0,
114.0,20230801.0,81.23,0.0,0.0,1.0,19.0,1.0,3.0,
114.0,20240901.0,0.0,0.0,0.0,1.0,32.0,1.0,3.0,
114.0,20231201.0,141.11,0.0,0.0,1.0,23.0,1.0,3.0,
114.0,20221001.0,186.31,0.0,0.0,1.0,9.0,1.0,3.0,
114.0,20240101.0,196.2,0.0,0.0,1.0,24.0,1.0,3.0,
114.0,20230501.0,178.98,0.0,0.0,1.0,16.0,1.0,3.0,
114.0,20250601.0,146.21,0.0,0.0,1.0,41.0,1.0,3.0,
114.0,20230901.0,187.78,0.0,0.0,1.0,20.0,1.0,3.0,
114.0,20240401.0,153.0,0.0,0.0,1.0,27.0,1.0,3.0,
114.0,20231101.0,197.15,0.0,0.0,1.0,22.0,1.0,3.0,
114.0,20250201.0,154.93,0.0,0.0,1.0,37.0,1.0,3.0,
114.0,20230601.0,168.81,0.0,0.0,1.0,17.0,1.0,3.0,
114.0,20250401.0,155.91,0.0,0.0,1.0,39.0,1.0,3.0,
114.0,20221201.0,125.82,0.0,0.0,1.0,11.0,1.0,3.0,
114.0,20220301.0,211.75,0.0,0.0,1.0,1.0,1.0,3.0,
114.0,20221101.0,185.23,0.0,0.0,1.0,10.0,1.0,3.0,
114.0,20220201.0,171.71,0.0,0.0,1.0,1.0,1.0,3.0,
114.0,20240101.0,196.27,0.0,0.0,1.0,24.0,1.0,3.0,
114.0,20240501.0,191.04,0.0,0.0,1.0,28.0,1.0,3.0,
114.0,20220101.0,184.1,0.0,0.0,1.0,0.0,1.0,3.0,
114.0,20220901.0,203.61,0.0,0.0,1.0,8.0,1.0,3.0,
115.0,20250101.0,198.68,0.0,0.0,1.0,36.0,1.0,3.0,
115.0,20250101.0,131.17,0.0,0.0,1.0,36.0,1.0,3.0,
115.0,20231001.0,171.7,0.0,0.0,1.0,21.0,1.0,3.0,
115.0,20220101.0,174.64,0.0,0.0,1.0,0.0,1.0,3.0,
115.0,20230401.0,125.38,0.0,0.0,1.0,15.0,1.0,3.0,
115.0,20230301.0,175.64,0.0,0.0,1.0,14.0,1.0,3.0,
115.0,20250501.0,181.74,0.0,0.0,1.0,40.0,1.0,3.0,
115.0,20230101.0,196.83,0.0,0.0,1.0,12.0,1.0,3.0,
115.0,20240801.0,82.11,0.0,0.0,1.0,31.0,1.0,3.0,
115.0,20241101.0,206.83,0.0,0.0,1.0,34.0,1.0,3.0,
115.0,20220501.0,124.02,0.0,0.0,1.0,4.0,1.0,3.0,
115.0,20241001.0,215.61,0.0,0.0,1.0,33.0,1.0,3.0,
115.0,20240601.0,163.28,0.0,0.0,1.0,29.0,1.0,3.0,
115.0,20250301.0,150.52,0.0,0.0,1.0,38.0,1.0,3.0,
115.0,20230201.0,162.46,0.0,0.0,1.0,13.0,1.0,3.0,
115.0,20240201.0,118.27,0.0,0.0,1.0,25.0,1.0,3.0,
115.0,20230101.0,182.33,0.0,0.0,1.0,12.0,1.0,3.0,
115.0,20240301.0,142.26,0.0,0.0,1.0,26.0,1.0,3.0,
115.0,20220401.0,119.37,0.0,0.0,1.0,3.0,1.0,3.0,
115.0,20220601.0,186.55,0.0,0.0,1.0,5.0,1.0,3.0,
115.0,20241201.0,156.76,0.0,0.0,1.0,35.0,1.0,3.0,
115.0,20230801.0,36.15,0.0,0.0,1.0,19.0,1.0,3.0,
115.0,20240901.0,175.38,0.0,0.0,1.0,32.0,1.0,3.0,
115.0,20231201.0,129.33,0.0,0.0,1.0,23.0,1.0,3.0,
115.0,20221001.0,182.86,0.0,0.0,1.0,9.0,1.0,3.0,
115.0,20240101.0,205.44,0.0,0.0,1.0,24.0,1.0,3.0,
115.0,20230501.0,196.23,0.0,0.0,1.0,16.0,1.0,3.0,
115.0,20250601.0,192.0,0.0,0.0,1.0,41.0,1.0,3.0,
115.0,20230901.0,188.56,0.0,0.0,1.0,20.0,1.0,3.0,
115.0,20240401.0,164.72,0.0,0.0,1.0,27.0,1.0,3.0,
115.0,20231101.0,196.91,0.0,0.0,1.0,22.0,1.0,3.0,
115.0,20250201.0,159.08,0.0,0.0,1.0,37.0,1.0,3.0,
115.0,20230601.0,142.43,0.0,0.0,1.0,17.0,1.0,3.0,
115.0,20250401.0,198.21,0.0,0.0,1.0,39.0,1.0,3.0,
115.0,20221201.0,125.68,0.0,0.0,1.0,11.0,1.0,3.0,
115.0,20220301.0,211.73,0.0,0.0,1.0,1.0,1.0,3.0,
115.0,20221101.0,184.03,0.0,0.0,1.0,10.0,1.0,3.0,
115.0,20220201.0,107.01,0.0,0.0,1.0,1.0,1.0,3.0,
115.0,20240101.0,171.41,0.0,0.0,1.0,24.0,1.0,3.0,
115.0,20240501.0,200.38,0.0,0.0,1.0,28.0,1.0,3.0,
115.0,20220101.0,141.2,0.0,0.0,1.0,0.0,1.0,3.0,
115.0,20220901.0,205.64,0.0,0.0,1.0,8.0,1.0,3.0,
116.0,20250101.0,171.52,0.0,0.0,1.0,36.0,1.0,3.0,
116.0,20250101.0,0.0,0.0,0.0,1.0,36.0,1.0,3.0,
116.0,20231001.0,189.54,0.0,0.0,1.0,21.0,1.0,3.0,
116.0,20220101.0,165.89,0.0,0.0,1.0,0.0,1.0,3.0,
116.0,20230401.0,107.78,0.0,0.0,1.0,15.0,1.0,3.0,
116.0,20230301.0,171.73,0.0,0.0,1.0,14.0,1.0,3.0,
116.0,20250501.0,198.29,0.0,0.0,1.0,40.0,1.0,3.0,
116.0,20230101.0,171.51,0.0,0.0,1.0,12.0,1.0,3.0,
116.0,20240801.0,91.22,0.0,0.0,1.0,31.0,1.0,3.0,
116.0,20241101.0,188.31,0.0,0.0,1.0,34.0,1.0,3.0,
116.0,20220501.0,152.45,0.0,0.0,1.0,4.0,1.0,3.0,
116.0,20241001.0,212.24,0.0,0.0,1.0,33.0,1.0,3.0,
116.0,20240601.0,127.72,0.0,0.0,1.0,29.0,1.0,3.0,
116.0,20250301.0,148.04,0.0,0.0,1.0,38.0,1.0,3.0,
116.0,20230201.0,133.22,0.0,0.0,1.0,13.0,1.0,3.0,
116.0,20240201.0,186.8,0.0,0.0,1.0,25.0,1.0,3.0,
116.0,20230101.0,174.12,0.0,0.0,1.0,12.0,1.0,3.0,
116.0,20240301.0,134.23,0.0,0.0,1.0,26.0,1.0,3.0,
116.0,20220401.0,138.93,0.0,0.0,1.0,3.0,1.0,3.0,
116.0,20220601.0,180.42,0.0,0.0,1.0,5.0,1.0,3.0,
116.0,20241201.0,146.71,0.0,0.0,1.0,35.0,1.0,3.0,
116.0,20230801.0,81.31,0.0,0.0,1.0,19.0,1.0,3.0,
116.0,20240901.0,170.61,0.0,0.0,1.0,32.0,1.0,3.0,
116.0,20231201.0,117.17,0.0,0.0,1.0,23.0,1.0,3.0,
116.0,20221001.0,156.88,0.0,0.0,1.0,9.0,1.0,3.0,
116.0,20240101.0,197.27,0.0,0.0,1.0,24.0,1.0,3.0,
116.0,20230501.0,170.68,0.0,0.0,1.0,16.0,1.0,3.0,
116.0,20250601.0,82.87,0.0,0.0,1.0,41.0,1.0,3.0,
116.0,20230901.0,161.66,0.0,0.0,1.0,20.0,1.0,3.0,
116.0,20240401.0,154.43,0.0,0.0,1.0,27.0,1.0,3.0,
116.0,20231101.0,186.66,0.0,0.0,1.0,22.0,1.0,3.0,
116.0,20250201.0,170.96,0.0,0.0,1.0,37.0,1.0,3.0,
116.0,20230601.0,172.03,0.0,0.0,1.0,17.0,1.0,3.0,
116.0,20250401.0,127.7,0.0,0.0,1.0,39.0,1.0,3.0,
116.0,20221201.0,126.57,0.0,0.0,1.0,11.0,1.0,3.0,
116.0,20220301.0,189.65,0.0,0.0,1.0,1.0,1.0,3.0,
116.0,20221101.0,188.1,0.0,0.0,1.0,10.0,1.0,3.0,
116.0,20220201.0,179.0,0.0,0.0,1.0,1.0,1.0,3.0,
116.0,20240101.0,148.2,0.0,0.0,1.0,24.0,1.0,3.0,
116.0,20240501.0,198.31,0.0,0.0,1.0,28.0,1.0,3.0,
116.0,20220101.0,133.43,0.0,0.0,1.0,0.0,1.0,3.0,
116.0,20220901.0,169.7,0.0,0.0,1.0,8.0,1.0,3.0,
117.0,20250101.0,0.0,0.0,0.0,1.0,36.0,1.0,3.0,
117.0,20231001.0,179.21,0.0,0.0,1.0,21.0,1.0,3.0,
117.0,20220101.0,174.83,0.0,0.0,1.0,0.0,1.0,3.0,
117.0,20230401.0,132.0,0.0,0.0,1.0,15.0,1.0,3.0,
117.0,20230301.0,169.57,0.0,0.0,1.0,14.0,1.0,3.0,
117.0,20250501.0,0.0,0.0,0.0,1.0,40.0,1.0,3.0,
117.0,20230101.0,198.39,0.0,0.0,1.0,12.0,1.0,3.0,
117.0,20240801.0,97.81,0.0,0.0,1.0,31.0,1.0,3.0,
117.0,20241101.0,206.57,0.0,0.0,1.0,34.0,1.0,3.0,
117.0,20220501.0,107.46,0.0,0.0,1.0,4.0,1.0,3.0,
117.0,20241001.0,223.61,0.0,0.0,1.0,33.0,1.0,3.0,
117.0,20240601.0,172.32,0.0,0.0,1.0,29.0,1.0,3.0,
117.0,20250301.0,0.0,0.0,0.0,1.0,38.0,1.0,3.0,
117.0,20230201.0,171.13,0.0,0.0,1.0,13.0,1.0,3.0,
117.0,20240201.0,203.37,0.0,0.0,1.0,25.0,1.0,3.0,
117.0,20230101.0,180.33,0.0,0.0,1.0,12.0,1.0,3.0,
117.0,20240301.0,136.19,0.0,0.0,1.0,26.0,1.0,3.0,
117.0,20220401.0,139.72,0.0,0.0,1.0,3.0,1.0,3.0,
117.0,20220601.0,151.46,0.0,0.0,1.0,5.0,1.0,3.0,
117.0,20241201.0,146.81,0.0,0.0,1.0,35.0,1.0,3.0,
117.0,20230801.0,80.42,0.0,0.0,1.0,19.0,1.0,3.0,
117.0,20240901.0,197.78,0.0,0.0,1.0,32.0,1.0,3.0,
117.0,20231201.0,134.06,0.0,0.0,1.0,23.0,1.0,3.0,
117.0,20221001.0,169.71,0.0,0.0,1.0,9.0,1.0,3.0,
117.0,20240101.0,187.82,0.0,0.0,1.0,24.0,1.0,3.0,
117.0,20230501.0,198.42,0.0,0.0,1.0,16.0,1.0,3.0,
117.0,20250601.0,0.0,0.0,0.0,1.0,41.0,1.0,3.0,
117.0,20230901.0,180.82,0.0,0.0,1.0,20.0,1.0,3.0,
117.0,20240401.0,153.24,0.0,0.0,1.0,27.0,1.0,3.0,
117.0,20231101.0,195.28,0.0,0.0,1.0,22.0,1.0,3.0,
117.0,20250201.0,0.0,0.0,0.0,1.0,37.0,1.0,3.0,
117.0,20230601.0,177.61,0.0,0.0,1.0,17.0,1.0,3.0,
117.0,20250401.0,0.0,0.0,0.0,1.0,39.0,1.0,3.0,
117.0,20221201.0,107.84,0.0,0.0,1.0,11.0,1.0,3.0,
117.0,20220301.0,212.98,0.0,0.0,1.0,1.0,1.0,3.0,
117.0,20221101.0,194.21,0.0,0.0,1.0,10.0,1.0,3.0,
117.0,20220201.0,178.56,0.0,0.0,1.0,1.0,1.0,3.0,
117.0,20240101.0,196.68,0.0,0.0,1.0,24.0,1.0,3.0,
117.0,20240501.0,181.59,0.0,0.0,1.0,28.0,1.0,3.0,
117.0,20220101.0,177.62,0.0,0.0,1.0,0.0,1.0,3.0,
117.0,20220901.0,195.5,0.0,0.0,1.0,8.0,1.0,3.0,
118.0,20250101.0,141.14,0.0,0.0,1.0,36.0,2.0,22.0,
118.0,20250101.0,88.81,0.0,0.0,1.0,36.0,2.0,22.0,
118.0,20231001.0,139.07,0.0,0.0,1.0,21.0,2.0,22.0,
118.0,20220101.0,159.13,0.0,0.0,1.0,0.0,2.0,22.0,
118.0,20230401.0,120.21,0.0,0.0,1.0,15.0,2.0,22.0,
118.0,20230301.0,134.28,0.0,0.0,1.0,14.0,2.0,22.0,
118.0,20250501.0,110.24,0.0,0.0,1.0,40.0,2.0,22.0,
118.0,20230101.0,147.83,0.0,0.0,1.0,12.0,2.0,22.0,
118.0,20240801.0,74.82,0.0,0.0,1.0,31.0,2.0,22.0,
118.0,20241101.0,123.38,0.0,0.0,1.0,34.0,2.0,22.0,
118.0,20220501.0,155.91,0.0,0.0,1.0,4.0,2.0,22.0,
118.0,20241001.0,131.12,0.0,0.0,1.0,33.0,2.0,22.0,
118.0,20240601.0,77.92,0.0,0.0,1.0,29.0,2.0,22.0,
118.0,20250301.0,106.37,0.0,0.0,1.0,38.0,2.0,22.0,
118.0,20230201.0,72.09,0.0,0.0,1.0,13.0,2.0,22.0,
118.0,20240201.0,109.94,0.0,0.0,1.0,25.0,2.0,22.0,
118.0,20230101.0,121.65,0.0,0.0,1.0,12.0,2.0,22.0,
118.0,20240301.0,69.73,0.0,0.0,1.0,26.0,2.0,22.0,
118.0,20220401.0,128.63,0.0,0.0,1.0,3.0,2.0,22.0,
118.0,20220601.0,166.47,0.0,0.0,1.0,5.0,2.0,22.0,
118.0,20241201.0,102.9,0.0,0.0,1.0,35.0,2.0,22.0,
118.0,20230801.0,130.27,0.0,0.0,1.0,19.0,2.0,22.0,
118.0,20240901.0,96.85,0.0,0.0,1.0,32.0,2.0,22.0,
118.0,20231201.0,132.36,0.0,0.0,1.0,23.0,2.0,22.0,
118.0,20221001.0,170.34,0.0,0.0,1.0,9.0,2.0,22.0,
118.0,20240101.0,153.12,0.0,0.0,1.0,24.0,2.0,22.0,
118.0,20230501.0,163.55,0.0,0.0,1.0,16.0,2.0,22.0,
118.0,20250601.0,133.21,0.0,0.0,1.0,41.0,2.0,22.0,
118.0,20230901.0,146.35,0.0,0.0,1.0,20.0,2.0,22.0,
118.0,20240401.0,114.22,0.0,0.0,1.0,27.0,2.0,22.0,
118.0,20231101.0,131.19,0.0,0.0,1.0,22.0,2.0,22.0,
118.0,20250201.0,116.51,0.0,0.0,1.0,37.0,2.0,22.0,
118.0,20230601.0,132.95,0.0,0.0,1.0,17.0,2.0,22.0,
118.0,20250401.0,121.21,0.0,0.0,1.0,39.0,2.0,22.0,
118.0,20221201.0,139.7,0.0,0.0,1.0,11.0,2.0,22.0,
118.0,20220301.0,147.48,0.0,0.0,1.0,1.0,2.0,22.0,
118.0,20221101.0,175.18,0.0,0.0,1.0,10.0,2.0,22.0,
118.0,20220201.0,140.75,0.0,0.0,1.0,1.0,2.0,22.0,
118.0,20240101.0,126.91,0.0,0.0,1.0,24.0,2.0,22.0,
118.0,20240501.0,117.22,0.0,0.0,1.0,28.0,2.0,22.0,
118.0,20220101.0,177.61,0.0,0.0,1.0,0.0,2.0,22.0,
118.0,20220901.0,162.56,0.0,0.0,1.0,8.0,2.0,22.0,
119.0,20250101.0,180.04,0.0,0.0,1.0,36.0,1.0,11.0,
119.0,20250101.0,119.62,0.0,0.0,1.0,36.0,1.0,11.0,
119.0,20231001.0,188.56,0.0,0.0,1.0,21.0,1.0,11.0,
119.0,20220101.0,133.59,0.0,0.0,1.0,0.0,1.0,11.0,
119.0,20230401.0,127.92,0.0,0.0,1.0,15.0,1.0,11.0,
119.0,20230301.0,161.62,0.0,0.0,1.0,14.0,1.0,11.0,
119.0,20250501.0,177.92,0.0,0.0,1.0,40.0,1.0,11.0,
119.0,20230101.0,154.53,0.0,0.0,1.0,12.0,1.0,11.0,
119.0,20240801.0,202.58,0.0,0.0,1.0,31.0,1.0,11.0,
119.0,20241101.0,181.61,0.0,0.0,1.0,34.0,1.0,11.0,
119.0,20220501.0,175.64,0.0,0.0,1.0,4.0,1.0,11.0,
119.0,20241001.0,164.26,0.0,0.0,1.0,33.0,1.0,11.0,
119.0,20240601.0,174.62,0.0,0.0,1.0,29.0,1.0,11.0,
119.0,20250301.0,105.42,0.0,0.0,1.0,38.0,1.0,11.0,
119.0,20230201.0,163.55,0.0,0.0,1.0,13.0,1.0,11.0,
119.0,20240201.0,198.11,0.0,0.0,1.0,25.0,1.0,11.0,
119.0,20230101.0,161.22,0.0,0.0,1.0,12.0,1.0,11.0,
119.0,20240301.0,136.38,0.0,0.0,1.0,26.0,1.0,11.0,
119.0,20220401.0,138.03,0.0,0.0,1.0,3.0,1.0,11.0,
119.0,20220601.0,180.26,0.0,0.0,1.0,5.0,1.0,11.0,
119.0,20241201.0,183.0,0.0,0.0,1.0,35.0,1.0,11.0,
119.0,20230801.0,190.35,0.0,0.0,1.0,19.0,1.0,11.0,
119.0,20240901.0,207.49,0.0,0.0,1.0,32.0,1.0,11.0,
119.0,20231201.0,178.47,0.0,0.0,1.0,23.0,1.0,11.0,
119.0,20221001.0,170.5,0.0,0.0,1.0,9.0,1.0,11.0,
119.0,20240101.0,190.72,0.0,0.0,1.0,24.0,1.0,11.0,
119.0,20230501.0,182.33,0.0,0.0,1.0,16.0,1.0,11.0,
119.0,20250601.0,160.84,0.0,0.0,1.0,41.0,1.0,11.0,
119.0,20230901.0,136.67,0.0,0.0,1.0,20.0,1.0,11.0,
119.0,20240401.0,140.62,0.0,0.0,1.0,27.0,1.0,11.0,
119.0,20231101.0,198.31,0.0,0.0,1.0,22.0,1.0,11.0,
119.0,20250201.0,176.29,0.0,0.0,1.0,37.0,1.0,11.0,
119.0,20230601.0,167.07,0.0,0.0,1.0,17.0,1.0,11.0,
119.0,20250401.0,174.71,0.0,0.0,1.0,39.0,1.0,11.0,
119.0,20221201.0,154.12,0.0,0.0,1.0,11.0,1.0,11.0,
119.0,20220301.0,194.31,0.0,0.0,1.0,1.0,1.0,11.0,
119.0,20221101.0,170.42,0.0,0.0,1.0,10.0,1.0,11.0,
119.0,20220201.0,167.77,0.0,0.0,1.0,1.0,1.0,11.0,
119.0,20240101.0,192.47,0.0,0.0,1.0,24.0,1.0,11.0,
119.0,20240501.0,211.54,0.0,0.0,1.0,28.0,1.0,11.0,
119.0,20220101.0,184.61,0.0,0.0,1.0,0.0,1.0,11.0,
119.0,20220901.0,205.32,0.0,0.0,1.0,8.0,1.0,11.0,
120.0,20250101.0,0.0,0.0,0.0,1.0,36.0,1.0,3.0,
120.0,20231001.0,197.99,0.0,0.0,1.0,21.0,1.0,3.0,
120.0,20220101.0,173.27,0.0,0.0,1.0,0.0,1.0,3.0,
120.0,20230401.0,92.35,0.0,0.0,1.0,15.0,1.0,3.0,
120.0,20230301.0,181.3,0.0,0.0,1.0,14.0,1.0,3.0,
120.0,20250501.0,0.0,0.0,0.0,1.0,40.0,1.0,3.0,
120.0,20230101.0,187.62,0.0,0.0,1.0,12.0,1.0,3.0,
120.0,20240801.0,91.44,0.0,0.0,1.0,31.0,1.0,3.0,
120.0,20241101.0,0.0,0.0,0.0,1.0,34.0,1.0,3.0,
120.0,20220501.0,162.19,0.0,0.0,1.0,4.0,1.0,3.0,
120.0,20241001.0,0.0,0.0,0.0,1.0,33.0,1.0,3.0,
120.0,20240601.0,172.96,0.0,0.0,1.0,29.0,1.0,3.0,
120.0,20250301.0,0.0,0.0,0.0,1.0,38.0,1.0,3.0,
120.0,20230201.0,178.81,0.0,0.0,1.0,13.0,1.0,3.0,
120.0,20240201.0,196.32,0.0,0.0,1.0,25.0,1.0,3.0,
120.0,20230101.0,182.1,0.0,0.0,1.0,12.0,1.0,3.0,
120.0,20240301.0,142.68,0.0,0.0,1.0,26.0,1.0,3.0,
120.0,20220401.0,100.84,0.0,0.0,1.0,3.0,1.0,3.0,
120.0,20220601.0,176.04,0.0,0.0,1.0,5.0,1.0,3.0,
120.0,20241201.0,0.0,0.0,0.0,1.0,35.0,1.0,3.0,
120.0,20230801.0,81.36,0.0,0.0,1.0,19.0,1.0,3.0,
120.0,20240901.0,148.57,0.0,0.0,1.0,32.0,1.0,3.0,
120.0,20231201.0,134.09,0.0,0.0,1.0,23.0,1.0,3.0,
120.0,20221001.0,182.91,0.0,0.0,1.0,9.0,1.0,3.0,
120.0,20240101.0,196.73,0.0,0.0,1.0,24.0,1.0,3.0,
120.0,20230501.0,0.0,0.0,0.0,1.0,16.0,1.0,3.0,
120.0,20250601.0,0.0,0.0,0.0,1.0,41.0,1.0,3.0,
120.0,20230901.0,188.78,0.0,0.0,1.0,20.0,1.0,3.0,
120.0,20240401.0,162.03,0.0,0.0,1.0,27.0,1.0,3.0,
120.0,20231101.0,198.53,0.0,0.0,1.0,22.0,1.0,3.0,
120.0,20250201.0,0.0,0.0,0.0,1.0,37.0,1.0,3.0,
120.0,20230601.0,124.69,0.0,0.0,1.0,17.0,1.0,3.0,
120.0,20250401.0,0.0,0.0,0.0,1.0,39.0,1.0,3.0,
120.0,20221201.0,129.51,0.0,0.0,1.0,11.0,1.0,3.0,
120.0,20220301.0,211.92,0.0,0.0,1.0,1.0,1.0,3.0,
120.0,20221101.0,185.87,0.0,0.0,1.0,10.0,1.0,3.0,
120.0,20220201.0,174.79,0.0,0.0,1.0,1.0,1.0,3.0,
120.0,20240101.0,183.2,0.0,0.0,1.0,24.0,1.0,3.0,
120.0,20240501.0,190.83,0.0,0.0,1.0,28.0,1.0,3.0,
120.0,20220101.0,163.32,0.0,0.0,1.0,0.0,1.0,3.0,
120.0,20220901.0,206.07,0.0,0.0,1.0,8.0,1.0,3.0,
610.0,20220101.0,0.0,0.0,0.0,1.0,0.0,1.0,8.0,
121.0,20250101.0,171.19,0.0,0.0,1.0,36.0,1.0,12.0,
121.0,20250101.0,105.61,0.0,0.0,1.0,36.0,1.0,12.0,
121.0,20231001.0,179.17,0.0,0.0,1.0,21.0,1.0,12.0,
121.0,20220101.0,153.2,0.0,0.0,1.0,0.0,1.0,12.0,
121.0,20230401.0,114.65,0.0,0.0,1.0,15.0,1.0,12.0,
121.0,20230301.0,173.37,0.0,0.0,1.0,14.0,1.0,12.0,
121.0,20250501.0,175.17,0.0,0.0,1.0,40.0,1.0,12.0,
121.0,20230101.0,194.45,0.0,0.0,1.0,12.0,1.0,12.0,
121.0,20240801.0,149.08,0.0,0.0,1.0,31.0,1.0,12.0,
121.0,20241101.0,183.07,0.0,0.0,1.0,34.0,1.0,12.0,
121.0,20220501.0,76.13,0.0,0.0,1.0,4.0,1.0,12.0,
121.0,20241001.0,189.44,0.0,0.0,1.0,33.0,1.0,12.0,
121.0,20240601.0,149.19,0.0,0.0,1.0,29.0,1.0,12.0,
121.0,20250301.0,124.73,0.0,0.0,1.0,38.0,1.0,12.0,
121.0,20230201.0,159.01,0.0,0.0,1.0,13.0,1.0,12.0,
121.0,20240201.0,162.58,0.0,0.0,1.0,25.0,1.0,12.0,
121.0,20230101.0,174.43,0.0,0.0,1.0,12.0,1.0,12.0,
121.0,20240301.0,126.47,0.0,0.0,1.0,26.0,1.0,12.0,
121.0,20220401.0,130.5,0.0,0.0,1.0,3.0,1.0,12.0,
121.0,20220601.0,185.82,0.0,0.0,1.0,5.0,1.0,12.0,
121.0,20241201.0,177.52,0.0,0.0,1.0,35.0,1.0,12.0,
121.0,20230801.0,126.75,0.0,0.0,1.0,19.0,1.0,12.0,
121.0,20240901.0,165.13,0.0,0.0,1.0,32.0,1.0,12.0,
121.0,20231201.0,110.59,0.0,0.0,1.0,23.0,1.0,12.0,
121.0,20221001.0,150.48,0.0,0.0,1.0,9.0,1.0,12.0,
121.0,20240101.0,168.96,0.0,0.0,1.0,24.0,1.0,12.0,
121.0,20230501.0,175.23,0.0,0.0,1.0,16.0,1.0,12.0,
121.0,20250601.0,171.93,0.0,0.0,1.0,41.0,1.0,12.0,
121.0,20230901.0,180.9,0.0,0.0,1.0,20.0,1.0,12.0,
121.0,20240401.0,132.12,0.0,0.0,1.0,27.0,1.0,12.0,
121.0,20231101.0,169.18,0.0,0.0,1.0,22.0,1.0,12.0,
121.0,20250201.0,174.51,0.0,0.0,1.0,37.0,1.0,12.0,
121.0,20230601.0,163.85,0.0,0.0,1.0,17.0,1.0,12.0,
121.0,20250401.0,159.16,0.0,0.0,1.0,39.0,1.0,12.0,
121.0,20221201.0,144.22,0.0,0.0,1.0,11.0,1.0,12.0,
121.0,20220301.0,223.46,0.0,0.0,1.0,1.0,1.0,12.0,
121.0,20221101.0,160.93,0.0,0.0,1.0,10.0,1.0,12.0,
121.0,20220201.0,107.53,0.0,0.0,1.0,1.0,1.0,12.0,
121.0,20240101.0,188.23,0.0,0.0,1.0,24.0,1.0,12.0,
121.0,20240501.0,170.75,0.0,0.0,1.0,28.0,1.0,12.0,
121.0,20220101.0,186.72,0.0,0.0,1.0,0.0,1.0,12.0,
121.0,20220901.0,192.7,0.0,0.0,1.0,8.0,1.0,12.0,
411.0,20231001.0,185.53,0.0,0.0,1.0,21.0,1.0,3.0,
411.0,20220101.0,148.04,0.0,0.0,1.0,0.0,1.0,3.0,
411.0,20230401.0,123.47,0.0,0.0,1.0,15.0,1.0,3.0,
411.0,20230301.0,178.86,0.0,0.0,1.0,14.0,1.0,3.0,
411.0,20230101.0,180.42,0.0,0.0,1.0,12.0,1.0,3.0,
411.0,20220501.0,174.26,0.0,0.0,1.0,4.0,1.0,3.0,
411.0,20230201.0,180.13,0.0,0.0,1.0,13.0,1.0,3.0,
411.0,20240201.0,176.44,0.0,0.0,1.0,25.0,1.0,3.0,
411.0,20230101.0,165.78,0.0,0.0,1.0,12.0,1.0,3.0,
411.0,20240301.0,87.77,0.0,0.0,1.0,26.0,1.0,3.0,
411.0,20220401.0,138.39,0.0,0.0,1.0,3.0,1.0,3.0,
411.0,20220601.0,185.08,0.0,0.0,1.0,5.0,1.0,3.0,
411.0,20230801.0,68.79,0.0,0.0,1.0,19.0,1.0,3.0,
411.0,20231201.0,160.53,0.0,0.0,1.0,23.0,1.0,3.0,
411.0,20221001.0,174.73,0.0,0.0,1.0,9.0,1.0,3.0,
411.0,20230501.0,187.61,0.0,0.0,1.0,16.0,1.0,3.0,
411.0,20230901.0,164.73,0.0,0.0,1.0,20.0,1.0,3.0,
411.0,20240401.0,90.18,0.0,0.0,1.0,27.0,1.0,3.0,
411.0,20231101.0,186.09,0.0,0.0,1.0,22.0,1.0,3.0,
411.0,20230601.0,176.85,0.0,0.0,1.0,17.0,1.0,3.0,
411.0,20221201.0,170.52,0.0,0.0,1.0,11.0,1.0,3.0,
411.0,20220301.0,176.22,0.0,0.0,1.0,1.0,1.0,3.0,
411.0,20221101.0,188.04,0.0,0.0,1.0,10.0,1.0,3.0,
411.0,20220201.0,174.91,0.0,0.0,1.0,1.0,1.0,3.0,
411.0,20240101.0,186.86,0.0,0.0,1.0,24.0,1.0,3.0,
411.0,20220101.0,137.9,0.0,0.0,1.0,0.0,1.0,3.0,
411.0,20220901.0,191.23,0.0,0.0,1.0,8.0,1.0,3.0,
122.0,20250101.0,192.11,0.0,0.0,1.0,36.0,1.0,22.0,
122.0,20250101.0,125.3,0.0,0.0,1.0,36.0,1.0,22.0,
122.0,20231001.0,199.17,0.0,0.0,1.0,21.0,1.0,22.0,
122.0,20220101.0,169.64,0.0,0.0,1.0,0.0,1.0,22.0,
122.0,20230401.0,129.15,0.0,0.0,1.0,15.0,1.0,22.0,
122.0,20230301.0,172.49,0.0,0.0,1.0,14.0,1.0,22.0,
122.0,20250501.0,172.31,0.0,0.0,1.0,40.0,1.0,22.0,
122.0,20230101.0,200.32,0.0,0.0,1.0,12.0,1.0,22.0,
122.0,20240801.0,100.52,0.0,0.0,1.0,31.0,1.0,22.0,
122.0,20241101.0,191.34,0.0,0.0,1.0,34.0,1.0,22.0,
122.0,20220501.0,183.21,0.0,0.0,1.0,4.0,1.0,22.0,
122.0,20241001.0,207.77,0.0,0.0,1.0,33.0,1.0,22.0,
122.0,20240601.0,164.42,0.0,0.0,1.0,29.0,1.0,22.0,
122.0,20250301.0,132.59,0.0,0.0,1.0,38.0,1.0,22.0,
122.0,20230201.0,182.55,0.0,0.0,1.0,13.0,1.0,22.0,
122.0,20240201.0,192.09,0.0,0.0,1.0,25.0,1.0,22.0,
122.0,20230101.0,179.61,0.0,0.0,1.0,12.0,1.0,22.0,
122.0,20240301.0,142.47,0.0,0.0,1.0,26.0,1.0,22.0,
122.0,20220401.0,142.11,0.0,0.0,1.0,3.0,1.0,22.0,
122.0,20220601.0,191.99,0.0,0.0,1.0,5.0,1.0,22.0,
122.0,20241201.0,164.17,0.0,0.0,1.0,35.0,1.0,22.0,
122.0,20230801.0,82.02,0.0,0.0,1.0,19.0,1.0,22.0,
122.0,20240901.0,182.71,0.0,0.0,1.0,32.0,1.0,22.0,
122.0,20231201.0,172.79,0.0,0.0,1.0,23.0,1.0,22.0,
122.0,20221001.0,185.38,0.0,0.0,1.0,9.0,1.0,22.0,
122.0,20240101.0,191.38,0.0,0.0,1.0,24.0,1.0,22.0,
122.0,20230501.0,199.9,0.0,0.0,1.0,16.0,1.0,22.0,
122.0,20250601.0,178.36,0.0,0.0,1.0,41.0,1.0,22.0,
122.0,20230901.0,180.44,0.0,0.0,1.0,20.0,1.0,22.0,
122.0,20240401.0,163.25,0.0,0.0,1.0,27.0,1.0,22.0,
122.0,20231101.0,198.23,0.0,0.0,1.0,22.0,1.0,22.0,
122.0,20250201.0,173.54,0.0,0.0,1.0,37.0,1.0,22.0,
122.0,20230601.0,170.44,0.0,0.0,1.0,17.0,1.0,22.0,
122.0,20250401.0,182.16,0.0,0.0,1.0,39.0,1.0,22.0,
122.0,20221201.0,154.61,0.0,0.0,1.0,11.0,1.0,22.0,
122.0,20220301.0,211.05,0.0,0.0,1.0,1.0,1.0,22.0,
122.0,20221101.0,172.05,0.0,0.0,1.0,10.0,1.0,22.0,
122.0,20220201.0,161.21,0.0,0.0,1.0,1.0,1.0,22.0,
122.0,20240101.0,173.37,0.0,0.0,1.0,24.0,1.0,22.0,
122.0,20240501.0,189.45,0.0,0.0,1.0,28.0,1.0,22.0,
122.0,20220101.0,192.17,0.0,0.0,1.0,0.0,1.0,22.0,
122.0,20220901.0,191.79,0.0,0.0,1.0,8.0,1.0,22.0,
123.0,20250101.0,203.45,0.0,0.0,1.0,36.0,1.0,11.0,
123.0,20250101.0,129.15,0.0,0.0,1.0,36.0,1.0,11.0,
123.0,20231001.0,213.6,0.0,0.0,1.0,21.0,1.0,11.0,
123.0,20220101.0,150.08,0.0,0.0,1.0,0.0,1.0,11.0,
123.0,20230401.0,128.11,0.0,0.0,1.0,15.0,1.0,11.0,
123.0,20230301.0,166.48,0.0,0.0,1.0,14.0,1.0,11.0,
123.0,20250501.0,197.74,0.0,0.0,1.0,40.0,1.0,11.0,
123.0,20230101.0,172.31,0.0,0.0,1.0,12.0,1.0,11.0,
123.0,20240801.0,198.4,0.0,0.0,1.0,31.0,1.0,11.0,
123.0,20241101.0,184.46,0.0,0.0,1.0,34.0,1.0,11.0,
123.0,20220501.0,187.69,0.0,0.0,1.0,4.0,1.0,11.0,
123.0,20241001.0,199.52,0.0,0.0,1.0,33.0,1.0,11.0,
123.0,20240601.0,190.98,0.0,0.0,1.0,29.0,1.0,11.0,
123.0,20250301.0,144.76,0.0,0.0,1.0,38.0,1.0,11.0,
123.0,20230201.0,179.51,0.0,0.0,1.0,13.0,1.0,11.0,
123.0,20240201.0,203.16,0.0,0.0,1.0,25.0,1.0,11.0,
123.0,20230101.0,172.82,0.0,0.0,1.0,12.0,1.0,11.0,
123.0,20240301.0,125.09,0.0,0.0,1.0,26.0,1.0,11.0,
123.0,20220401.0,132.12,0.0,0.0,1.0,3.0,1.0,11.0,
123.0,20220601.0,193.5,0.0,0.0,1.0,5.0,1.0,11.0,
123.0,20241201.0,180.12,0.0,0.0,1.0,35.0,1.0,11.0,
123.0,20230801.0,201.74,0.0,0.0,1.0,19.0,1.0,11.0,
123.0,20240901.0,173.8,0.0,0.0,1.0,32.0,1.0,11.0,
123.0,20231201.0,181.02,0.0,0.0,1.0,23.0,1.0,11.0,
123.0,20221001.0,164.15,0.0,0.0,1.0,9.0,1.0,11.0,
123.0,20240101.0,186.57,0.0,0.0,1.0,24.0,1.0,11.0,
123.0,20230501.0,188.76,0.0,0.0,1.0,16.0,1.0,11.0,
123.0,20250601.0,181.36,0.0,0.0,1.0,41.0,1.0,11.0,
123.0,20230901.0,186.76,0.0,0.0,1.0,20.0,1.0,11.0,
123.0,20240401.0,160.17,0.0,0.0,1.0,27.0,1.0,11.0,
123.0,20231101.0,200.11,0.0,0.0,1.0,22.0,1.0,11.0,
123.0,20250201.0,177.31,0.0,0.0,1.0,37.0,1.0,11.0,
123.0,20230601.0,178.97,0.0,0.0,1.0,17.0,1.0,11.0,
123.0,20250401.0,190.38,0.0,0.0,1.0,39.0,1.0,11.0,
123.0,20221201.0,193.15,0.0,0.0,1.0,11.0,1.0,11.0,
123.0,20220301.0,195.82,0.0,0.0,1.0,1.0,1.0,11.0,
123.0,20221101.0,172.53,0.0,0.0,1.0,10.0,1.0,11.0,
123.0,20220201.0,126.9,0.0,0.0,1.0,1.0,1.0,11.0,
123.0,20240101.0,216.53,0.0,0.0,1.0,24.0,1.0,11.0,
123.0,20240501.0,182.62,0.0,0.0,1.0,28.0,1.0,11.0,
123.0,20220101.0,203.04,0.0,0.0,1.0,0.0,1.0,11.0,
123.0,20220901.0,131.0,0.0,0.0,1.0,8.0,1.0,11.0,
124.0,20250101.0,189.5,0.0,0.0,1.0,36.0,1.0,3.0,
124.0,20231001.0,198.89,0.0,0.0,1.0,21.0,1.0,3.0,
124.0,20220101.0,164.7,0.0,0.0,1.0,0.0,1.0,3.0,
124.0,20230401.0,136.38,0.0,0.0,1.0,15.0,1.0,3.0,
124.0,20230301.0,178.35,0.0,0.0,1.0,14.0,1.0,3.0,
124.0,20230101.0,197.94,0.0,0.0,1.0,12.0,1.0,3.0,
124.0,20240801.0,44.85,0.0,0.0,1.0,31.0,1.0,3.0,
124.0,20241101.0,204.77,0.0,0.0,1.0,34.0,1.0,3.0,
124.0,20220501.0,178.44,0.0,0.0,1.0,4.0,1.0,3.0,
124.0,20241001.0,214.38,0.0,0.0,1.0,33.0,1.0,3.0,
124.0,20240601.0,172.9,0.0,0.0,1.0,29.0,1.0,3.0,
124.0,20230201.0,153.15,0.0,0.0,1.0,13.0,1.0,3.0,
124.0,20240201.0,192.76,0.0,0.0,1.0,25.0,1.0,3.0,
124.0,20230101.0,191.56,0.0,0.0,1.0,12.0,1.0,3.0,
124.0,20240301.0,141.77,0.0,0.0,1.0,26.0,1.0,3.0,
124.0,20220401.0,137.75,0.0,0.0,1.0,3.0,1.0,3.0,
124.0,20220601.0,196.79,0.0,0.0,1.0,5.0,1.0,3.0,
124.0,20241201.0,152.12,0.0,0.0,1.0,35.0,1.0,3.0,
124.0,20230801.0,81.59,0.0,0.0,1.0,19.0,1.0,3.0,
124.0,20240901.0,198.66,0.0,0.0,1.0,32.0,1.0,3.0,
124.0,20231201.0,133.4,0.0,0.0,1.0,23.0,1.0,3.0,
124.0,20221001.0,179.07,0.0,0.0,1.0,9.0,1.0,3.0,
124.0,20240101.0,204.94,0.0,0.0,1.0,24.0,1.0,3.0,
124.0,20230501.0,189.03,0.0,0.0,1.0,16.0,1.0,3.0,
124.0,20230901.0,188.42,0.0,0.0,1.0,20.0,1.0,3.0,
124.0,20240401.0,160.6,0.0,0.0,1.0,27.0,1.0,3.0,
124.0,20231101.0,196.57,0.0,0.0,1.0,22.0,1.0,3.0,
124.0,20250201.0,125.79,0.0,0.0,1.0,37.0,1.0,3.0,
124.0,20230601.0,169.76,0.0,0.0,1.0,17.0,1.0,3.0,
124.0,20221201.0,125.24,0.0,0.0,1.0,11.0,1.0,3.0,
124.0,20220301.0,194.2,0.0,0.0,1.0,1.0,1.0,3.0,
124.0,20221101.0,178.51,0.0,0.0,1.0,10.0,1.0,3.0,
124.0,20220201.0,172.22,0.0,0.0,1.0,1.0,1.0,3.0,
124.0,20240101.0,198.43,0.0,0.0,1.0,24.0,1.0,3.0,
124.0,20240501.0,189.69,0.0,0.0,1.0,28.0,1.0,3.0,
124.0,20220101.0,167.19,0.0,0.0,1.0,0.0,1.0,3.0,
124.0,20220901.0,207.39,0.0,0.0,1.0,8.0,1.0,3.0,
125.0,20250101.0,190.0,0.0,0.0,1.0,36.0,1.0,3.0,
125.0,20250101.0,141.73,0.0,0.0,1.0,36.0,1.0,3.0,
125.0,20231001.0,190.04,0.0,0.0,1.0,21.0,1.0,3.0,
125.0,20220101.0,157.19,0.0,0.0,1.0,0.0,1.0,3.0,
125.0,20230401.0,124.15,0.0,0.0,1.0,15.0,1.0,3.0,
125.0,20230301.0,170.69,0.0,0.0,1.0,14.0,1.0,3.0,
125.0,20250501.0,205.71,0.0,0.0,1.0,40.0,1.0,3.0,
125.0,20230101.0,183.35,0.0,0.0,1.0,12.0,1.0,3.0,
125.0,20240801.0,88.05,0.0,0.0,1.0,31.0,1.0,3.0,
125.0,20241101.0,204.77,0.0,0.0,1.0,34.0,1.0,3.0,
125.0,20220501.0,175.94,0.0,0.0,1.0,4.0,1.0,3.0,
125.0,20241001.0,223.14,0.0,0.0,1.0,33.0,1.0,3.0,
125.0,20240601.0,182.95,0.0,0.0,1.0,29.0,1.0,3.0,
125.0,20250301.0,146.76,0.0,0.0,1.0,38.0,1.0,3.0,
125.0,20230201.0,178.08,0.0,0.0,1.0,13.0,1.0,3.0,
125.0,20240201.0,189.19,0.0,0.0,1.0,25.0,1.0,3.0,
125.0,20230101.0,191.79,0.0,0.0,1.0,12.0,1.0,3.0,
125.0,20240301.0,142.65,0.0,0.0,1.0,26.0,1.0,3.0,
125.0,20220401.0,117.78,0.0,0.0,1.0,3.0,1.0,3.0,
125.0,20220601.0,178.07,0.0,0.0,1.0,5.0,1.0,3.0,
125.0,20241201.0,159.59,0.0,0.0,1.0,35.0,1.0,3.0,
125.0,20230801.0,69.64,0.0,0.0,1.0,19.0,1.0,3.0,
125.0,20240901.0,190.05,0.0,0.0,1.0,32.0,1.0,3.0,
125.0,20231201.0,134.26,0.0,0.0,1.0,23.0,1.0,3.0,
125.0,20221001.0,187.79,0.0,0.0,1.0,9.0,1.0,3.0,
125.0,20240101.0,193.42,0.0,0.0,1.0,24.0,1.0,3.0,
125.0,20230501.0,187.04,0.0,0.0,1.0,16.0,1.0,3.0,
125.0,20250601.0,184.53,0.0,0.0,1.0,41.0,1.0,3.0,
125.0,20230901.0,188.05,0.0,0.0,1.0,20.0,1.0,3.0,
125.0,20240401.0,152.26,0.0,0.0,1.0,27.0,1.0,3.0,
125.0,20231101.0,186.31,0.0,0.0,1.0,22.0,1.0,3.0,
125.0,20250201.0,187.14,0.0,0.0,1.0,37.0,1.0,3.0,
125.0,20230601.0,175.14,0.0,0.0,1.0,17.0,1.0,3.0,
125.0,20250401.0,196.64,0.0,0.0,1.0,39.0,1.0,3.0,
125.0,20221201.0,112.58,0.0,0.0,1.0,11.0,1.0,3.0,
125.0,20220301.0,185.86,0.0,0.0,1.0,1.0,1.0,3.0,
125.0,20221101.0,185.42,0.0,0.0,1.0,10.0,1.0,3.0,
125.0,20220201.0,187.82,0.0,0.0,1.0,1.0,1.0,3.0,
125.0,20240101.0,195.05,0.0,0.0,1.0,24.0,1.0,3.0,
125.0,20240501.0,199.9,0.0,0.0,1.0,28.0,1.0,3.0,
125.0,20220101.0,151.37,0.0,0.0,1.0,0.0,1.0,3.0,
125.0,20220901.0,176.57,0.0,0.0,1.0,8.0,1.0,3.0,
126.0,20250101.0,179.46,0.0,0.0,1.0,36.0,1.0,3.0,
126.0,20250101.0,141.39,0.0,0.0,1.0,36.0,1.0,3.0,
126.0,20231001.0,143.12,0.0,0.0,1.0,21.0,1.0,3.0,
126.0,20220101.0,154.18,0.0,0.0,1.0,0.0,1.0,3.0,
126.0,20230401.0,116.02,0.0,0.0,1.0,15.0,1.0,3.0,
126.0,20230301.0,178.27,0.0,0.0,1.0,14.0,1.0,3.0,
126.0,20250501.0,205.33,0.0,0.0,1.0,40.0,1.0,3.0,
126.0,20230101.0,188.13,0.0,0.0,1.0,12.0,1.0,3.0,
126.0,20240801.0,91.33,0.0,0.0,1.0,31.0,1.0,3.0,
126.0,20241101.0,203.83,0.0,0.0,1.0,34.0,1.0,3.0,
126.0,20220501.0,167.15,0.0,0.0,1.0,4.0,1.0,3.0,
126.0,20241001.0,226.91,0.0,0.0,1.0,33.0,1.0,3.0,
126.0,20240601.0,190.64,0.0,0.0,1.0,29.0,1.0,3.0,
126.0,20250301.0,154.19,0.0,0.0,1.0,38.0,1.0,3.0,
126.0,20230201.0,187.06,0.0,0.0,1.0,13.0,1.0,3.0,
126.0,20240201.0,204.91,0.0,0.0,1.0,25.0,1.0,3.0,
126.0,20230101.0,189.71,0.0,0.0,1.0,12.0,1.0,3.0,
126.0,20240301.0,147.41,0.0,0.0,1.0,26.0,1.0,3.0,
126.0,20220401.0,134.03,0.0,0.0,1.0,3.0,1.0,3.0,
126.0,20220601.0,176.0,0.0,0.0,1.0,5.0,1.0,3.0,
126.0,20241201.0,169.59,0.0,0.0,1.0,35.0,1.0,3.0,
126.0,20230801.0,79.56,0.0,0.0,1.0,19.0,1.0,3.0,
126.0,20240901.0,204.34,0.0,0.0,1.0,32.0,1.0,3.0,
126.0,20231201.0,136.58,0.0,0.0,1.0,23.0,1.0,3.0,
126.0,20221001.0,180.04,0.0,0.0,1.0,9.0,1.0,3.0,
126.0,20240101.0,203.15,0.0,0.0,1.0,24.0,1.0,3.0,
126.0,20230501.0,177.42,0.0,0.0,1.0,16.0,1.0,3.0,
126.0,20250601.0,186.32,0.0,0.0,1.0,41.0,1.0,3.0,
126.0,20230901.0,195.51,0.0,0.0,1.0,20.0,1.0,3.0,
126.0,20240401.0,164.28,0.0,0.0,1.0,27.0,1.0,3.0,
126.0,20231101.0,194.95,0.0,0.0,1.0,22.0,1.0,3.0,
126.0,20250201.0,200.27,0.0,0.0,1.0,37.0,1.0,3.0,
126.0,20230601.0,164.04,0.0,0.0,1.0,17.0,1.0,3.0,
126.0,20250401.0,188.5,0.0,0.0,1.0,39.0,1.0,3.0,
126.0,20221201.0,128.73,0.0,0.0,1.0,11.0,1.0,3.0,
126.0,20220301.0,201.03,0.0,0.0,1.0,1.0,1.0,3.0,
126.0,20221101.0,152.62,0.0,0.0,1.0,10.0,1.0,3.0,
126.0,20220201.0,159.09,0.0,0.0,1.0,1.0,1.0,3.0,
126.0,20240101.0,190.93,0.0,0.0,1.0,24.0,1.0,3.0,
126.0,20240501.0,194.56,0.0,0.0,1.0,28.0,1.0,3.0,
126.0,20220101.0,180.99,0.0,0.0,1.0,0.0,1.0,3.0,
126.0,20220901.0,187.72,0.0,0.0,1.0,8.0,1.0,3.0,
127.0,20250101.0,172.95,0.0,0.0,1.0,36.0,1.0,1.0,
127.0,20250101.0,117.2,0.0,0.0,1.0,36.0,1.0,1.0,
127.0,20231001.0,182.05,0.0,0.0,1.0,21.0,1.0,1.0,
127.0,20220101.0,176.21,0.0,0.0,1.0,0.0,1.0,1.0,
127.0,20230401.0,135.55,0.0,0.0,1.0,15.0,1.0,1.0,
127.0,20230301.0,175.75,0.0,0.0,1.0,14.0,1.0,1.0,
127.0,20250501.0,189.54,0.0,0.0,1.0,40.0,1.0,1.0,
127.0,20230101.0,198.8,0.0,0.0,1.0,12.0,1.0,1.0,
127.0,20240801.0,127.21,0.0,0.0,1.0,31.0,1.0,1.0,
127.0,20241101.0,190.35,0.0,0.0,1.0,34.0,1.0,1.0,
127.0,20220501.0,190.97,0.0,0.0,1.0,4.0,1.0,1.0,
127.0,20241001.0,208.56,0.0,0.0,1.0,33.0,1.0,1.0,
127.0,20240601.0,172.75,0.0,0.0,1.0,29.0,1.0,1.0,
127.0,20250301.0,134.55,0.0,0.0,1.0,38.0,1.0,1.0,
127.0,20230201.0,180.79,0.0,0.0,1.0,13.0,1.0,1.0,
127.0,20240201.0,190.9,0.0,0.0,1.0,25.0,1.0,1.0,
127.0,20230101.0,189.39,0.0,0.0,1.0,12.0,1.0,1.0,
127.0,20240301.0,143.58,0.0,0.0,1.0,26.0,1.0,1.0,
127.0,20220401.0,141.47,0.0,0.0,1.0,3.0,1.0,1.0,
127.0,20220601.0,199.47,0.0,0.0,1.0,5.0,1.0,1.0,
127.0,20241201.0,202.03,0.0,0.0,1.0,35.0,1.0,1.0,
127.0,20230801.0,81.67,0.0,0.0,1.0,19.0,1.0,1.0,
127.0,20240901.0,181.4,0.0,0.0,1.0,32.0,1.0,1.0,
127.0,20231201.0,45.1,0.0,0.0,1.0,23.0,1.0,1.0,
127.0,20221001.0,188.44,0.0,0.0,1.0,9.0,1.0,1.0,
127.0,20240101.0,199.57,0.0,0.0,1.0,24.0,1.0,1.0,
127.0,20230501.0,199.42,0.0,0.0,1.0,16.0,1.0,1.0,
127.0,20250601.0,168.22,0.0,0.0,1.0,41.0,1.0,1.0,
127.0,20230901.0,182.27,0.0,0.0,1.0,20.0,1.0,1.0,
127.0,20240401.0,155.41,0.0,0.0,1.0,27.0,1.0,1.0,
127.0,20231101.0,72.23,0.0,0.0,1.0,22.0,1.0,1.0,
127.0,20250201.0,81.54,0.0,0.0,1.0,37.0,1.0,1.0,
127.0,20230601.0,178.68,0.0,0.0,1.0,17.0,1.0,1.0,
127.0,20250401.0,190.11,0.0,0.0,1.0,39.0,1.0,1.0,
127.0,20221201.0,144.44,0.0,0.0,1.0,11.0,1.0,1.0,
127.0,20220301.0,208.91,0.0,0.0,1.0,1.0,1.0,1.0,
127.0,20221101.0,199.6,0.0,0.0,1.0,10.0,1.0,1.0,
127.0,20220201.0,108.03,0.0,0.0,1.0,1.0,1.0,1.0,
127.0,20240101.0,190.38,0.0,0.0,1.0,24.0,1.0,1.0,
127.0,20240501.0,199.98,0.0,0.0,1.0,28.0,1.0,1.0,
127.0,20220101.0,135.9,0.0,0.0,1.0,0.0,1.0,1.0,
127.0,20220901.0,208.7,0.0,0.0,1.0,8.0,1.0,1.0,
604.0,20220201.0,0.0,0.0,0.0,1.0,1.0,1.0,11.0,
604.0,20220101.0,0.0,0.0,0.0,1.0,0.0,1.0,11.0,
128.0,20250101.0,199.59,0.0,0.0,1.0,36.0,1.0,1.0,
128.0,20250101.0,121.81,0.0,0.0,1.0,36.0,1.0,1.0,
128.0,20231001.0,198.95,0.0,0.0,1.0,21.0,1.0,1.0,
128.0,20220101.0,164.29,0.0,0.0,1.0,0.0,1.0,1.0,
128.0,20230401.0,128.29,0.0,0.0,1.0,15.0,1.0,1.0,
128.0,20230301.0,181.79,0.0,0.0,1.0,14.0,1.0,1.0,
128.0,20250501.0,200.12,0.0,0.0,1.0,40.0,1.0,1.0,
128.0,20230101.0,192.2,0.0,0.0,1.0,12.0,1.0,1.0,
128.0,20240801.0,94.34,0.0,0.0,1.0,31.0,1.0,1.0,
128.0,20241101.0,192.69,0.0,0.0,1.0,34.0,1.0,1.0,
128.0,20220501.0,190.13,0.0,0.0,1.0,4.0,1.0,1.0,
128.0,20241001.0,200.16,0.0,0.0,1.0,33.0,1.0,1.0,
128.0,20240601.0,165.39,0.0,0.0,1.0,29.0,1.0,1.0,
128.0,20250301.0,139.97,0.0,0.0,1.0,38.0,1.0,1.0,
128.0,20230201.0,181.26,0.0,0.0,1.0,13.0,1.0,1.0,
128.0,20240201.0,138.71,0.0,0.0,1.0,25.0,1.0,1.0,
128.0,20230101.0,171.99,0.0,0.0,1.0,12.0,1.0,1.0,
128.0,20240301.0,126.12,0.0,0.0,1.0,26.0,1.0,1.0,
128.0,20220401.0,140.2,0.0,0.0,1.0,3.0,1.0,1.0,
128.0,20220601.0,200.03,0.0,0.0,1.0,5.0,1.0,1.0,
128.0,20241201.0,158.41,0.0,0.0,1.0,35.0,1.0,1.0,
128.0,20230801.0,88.78,0.0,0.0,1.0,19.0,1.0,1.0,
128.0,20240901.0,181.83,0.0,0.0,1.0,32.0,1.0,1.0,
128.0,20231201.0,169.29,0.0,0.0,1.0,23.0,1.0,1.0,
128.0,20221001.0,191.24,0.0,0.0,1.0,9.0,1.0,1.0,
128.0,20240101.0,206.92,0.0,0.0,1.0,24.0,1.0,1.0,
128.0,20230501.0,191.28,0.0,0.0,1.0,16.0,1.0,1.0,
128.0,20250601.0,153.27,0.0,0.0,1.0,41.0,1.0,1.0,
128.0,20230901.0,193.14,0.0,0.0,1.0,20.0,1.0,1.0,
128.0,20240401.0,167.05,0.0,0.0,1.0,27.0,1.0,1.0,
128.0,20231101.0,202.12,0.0,0.0,1.0,22.0,1.0,1.0,
128.0,20250201.0,160.77,0.0,0.0,1.0,37.0,1.0,1.0,
128.0,20230601.0,179.57,0.0,0.0,1.0,17.0,1.0,1.0,
128.0,20250401.0,193.6,0.0,0.0,1.0,39.0,1.0,1.0,
128.0,20221201.0,150.98,0.0,0.0,1.0,11.0,1.0,1.0,
128.0,20220301.0,204.71,0.0,0.0,1.0,1.0,1.0,1.0,
128.0,20221101.0,178.19,0.0,0.0,1.0,10.0,1.0,1.0,
128.0,20220201.0,184.4,0.0,0.0,1.0,1.0,1.0,1.0,
128.0,20240101.0,194.45,0.0,0.0,1.0,24.0,1.0,1.0,
128.0,20240501.0,202.13,0.0,0.0,1.0,28.0,1.0,1.0,
128.0,20220101.0,178.37,0.0,0.0,1.0,0.0,1.0,1.0,
128.0,20220901.0,208.69,0.0,0.0,1.0,8.0,1.0,1.0,
129.0,20250101.0,194.42,0.0,0.0,1.0,36.0,1.0,3.0,
129.0,20250101.0,93.25,0.0,0.0,1.0,36.0,1.0,3.0,
129.0,20231001.0,173.04,0.0,0.0,1.0,21.0,1.0,3.0,
129.0,20220101.0,145.63,0.0,0.0,1.0,0.0,1.0,3.0,
129.0,20230401.0,132.13,0.0,0.0,1.0,15.0,1.0,3.0,
129.0,20230301.0,186.71,0.0,0.0,1.0,14.0,1.0,3.0,
129.0,20250501.0,180.37,0.0,0.0,1.0,40.0,1.0,3.0,
129.0,20230101.0,198.68,0.0,0.0,1.0,12.0,1.0,3.0,
129.0,20240801.0,83.48,0.0,0.0,1.0,31.0,1.0,3.0,
129.0,20241101.0,176.01,0.0,0.0,1.0,34.0,1.0,3.0,
129.0,20220501.0,146.23,0.0,0.0,1.0,4.0,1.0,3.0,
129.0,20241001.0,194.19,0.0,0.0,1.0,33.0,1.0,3.0,
129.0,20240601.0,137.93,0.0,0.0,1.0,29.0,1.0,3.0,
129.0,20250301.0,140.6,0.0,0.0,1.0,38.0,1.0,3.0,
129.0,20230201.0,173.57,0.0,0.0,1.0,13.0,1.0,3.0,
129.0,20240201.0,172.29,0.0,0.0,1.0,25.0,1.0,3.0,
129.0,20230101.0,138.71,0.0,0.0,1.0,12.0,1.0,3.0,
129.0,20240301.0,132.64,0.0,0.0,1.0,26.0,1.0,3.0,
129.0,20220401.0,152.84,0.0,0.0,1.0,3.0,1.0,3.0,
129.0,20220601.0,144.12,0.0,0.0,1.0,5.0,1.0,3.0,
129.0,20241201.0,151.17,0.0,0.0,1.0,35.0,1.0,3.0,
129.0,20230801.0,87.78,0.0,0.0,1.0,19.0,1.0,3.0,
129.0,20240901.0,174.63,0.0,0.0,1.0,32.0,1.0,3.0,
129.0,20231201.0,123.15,0.0,0.0,1.0,23.0,1.0,3.0,
129.0,20221001.0,189.25,0.0,0.0,1.0,9.0,1.0,3.0,
129.0,20240101.0,174.86,0.0,0.0,1.0,24.0,1.0,3.0,
129.0,20230501.0,190.14,0.0,0.0,1.0,16.0,1.0,3.0,
129.0,20250601.0,142.35,0.0,0.0,1.0,41.0,1.0,3.0,
129.0,20230901.0,168.71,0.0,0.0,1.0,20.0,1.0,3.0,
129.0,20240401.0,148.94,0.0,0.0,1.0,27.0,1.0,3.0,
129.0,20231101.0,175.79,0.0,0.0,1.0,22.0,1.0,3.0,
129.0,20250201.0,181.03,0.0,0.0,1.0,37.0,1.0,3.0,
129.0,20230601.0,166.09,0.0,0.0,1.0,17.0,1.0,3.0,
129.0,20250401.0,126.59,0.0,0.0,1.0,39.0,1.0,3.0,
129.0,20221201.0,134.85,0.0,0.0,1.0,11.0,1.0,3.0,
129.0,20220301.0,212.07,0.0,0.0,1.0,1.0,1.0,3.0,
129.0,20221101.0,164.25,0.0,0.0,1.0,10.0,1.0,3.0,
129.0,20220201.0,179.79,0.0,0.0,1.0,1.0,1.0,3.0,
129.0,20240101.0,178.56,0.0,0.0,1.0,24.0,1.0,3.0,
129.0,20240501.0,174.19,0.0,0.0,1.0,28.0,1.0,3.0,
129.0,20220101.0,186.37,0.0,0.0,1.0,0.0,1.0,3.0,
129.0,20220901.0,179.23,0.0,0.0,1.0,8.0,1.0,3.0,
130.0,20250101.0,199.26,0.0,0.0,1.0,36.0,1.0,12.0,
130.0,20250101.0,121.24,0.0,0.0,1.0,36.0,1.0,12.0,
130.0,20231001.0,208.77,0.0,0.0,1.0,21.0,1.0,12.0,
130.0,20220101.0,168.16,0.0,0.0,1.0,0.0,1.0,12.0,
130.0,20230401.0,135.26,0.0,0.0,1.0,15.0,1.0,12.0,
130.0,20230301.0,184.33,0.0,0.0,1.0,14.0,1.0,12.0,
130.0,20250501.0,188.13,0.0,0.0,1.0,40.0,1.0,12.0,
130.0,20230101.0,216.63,0.0,0.0,1.0,12.0,1.0,12.0,
130.0,20240801.0,106.27,0.0,0.0,1.0,31.0,1.0,12.0,
130.0,20241101.0,188.94,0.0,0.0,1.0,34.0,1.0,12.0,
130.0,20220501.0,184.73,0.0,0.0,1.0,4.0,1.0,12.0,
130.0,20241001.0,205.55,0.0,0.0,1.0,33.0,1.0,12.0,
130.0,20240601.0,168.1,0.0,0.0,1.0,29.0,1.0,12.0,
130.0,20250301.0,120.24,0.0,0.0,1.0,38.0,1.0,12.0,
130.0,20230201.0,185.37,0.0,0.0,1.0,13.0,1.0,12.0,
130.0,20240201.0,182.76,0.0,0.0,1.0,25.0,1.0,12.0,
130.0,20230101.0,179.23,0.0,0.0,1.0,12.0,1.0,12.0,
130.0,20240301.0,140.05,0.0,0.0,1.0,26.0,1.0,12.0,
130.0,20220401.0,144.81,0.0,0.0,1.0,3.0,1.0,12.0,
130.0,20220601.0,171.16,0.0,0.0,1.0,5.0,1.0,12.0,
130.0,20241201.0,143.19,0.0,0.0,1.0,35.0,1.0,12.0,
130.0,20230801.0,86.09,0.0,0.0,1.0,19.0,1.0,12.0,
130.0,20240901.0,166.05,0.0,0.0,1.0,32.0,1.0,12.0,
130.0,20231201.0,177.16,0.0,0.0,1.0,23.0,1.0,12.0,
130.0,20221001.0,188.49,0.0,0.0,1.0,9.0,1.0,12.0,
130.0,20240101.0,179.17,0.0,0.0,1.0,24.0,1.0,12.0,
130.0,20230501.0,210.44,0.0,0.0,1.0,16.0,1.0,12.0,
130.0,20250601.0,175.17,0.0,0.0,1.0,41.0,1.0,12.0,
130.0,20230901.0,183.95,0.0,0.0,1.0,20.0,1.0,12.0,
130.0,20240401.0,153.04,0.0,0.0,1.0,27.0,1.0,12.0,
130.0,20231101.0,207.24,0.0,0.0,1.0,22.0,1.0,12.0,
130.0,20250201.0,179.57,0.0,0.0,1.0,37.0,1.0,12.0,
130.0,20230601.0,170.45,0.0,0.0,1.0,17.0,1.0,12.0,
130.0,20250401.0,190.78,0.0,0.0,1.0,39.0,1.0,12.0,
130.0,20221201.0,165.65,0.0,0.0,1.0,11.0,1.0,12.0,
130.0,20220301.0,205.46,0.0,0.0,1.0,1.0,1.0,12.0,
130.0,20221101.0,189.93,0.0,0.0,1.0,10.0,1.0,12.0,
130.0,20220201.0,178.15,0.0,0.0,1.0,1.0,1.0,12.0,
130.0,20240101.0,195.23,0.0,0.0,1.0,24.0,1.0,12.0,
130.0,20240501.0,198.18,0.0,0.0,1.0,28.0,1.0,12.0,
130.0,20220101.0,194.9,0.0,0.0,1.0,0.0,1.0,12.0,
130.0,20220901.0,187.62,0.0,0.0,1.0,8.0,1.0,12.0,
131.0,20250101.0,189.2,0.0,0.0,1.0,36.0,1.0,3.0,
131.0,20250101.0,108.3,0.0,0.0,1.0,36.0,1.0,3.0,
131.0,20231001.0,198.38,0.0,0.0,1.0,21.0,1.0,3.0,
131.0,20220101.0,169.8,0.0,0.0,1.0,0.0,1.0,3.0,
131.0,20230401.0,124.76,0.0,0.0,1.0,15.0,1.0,3.0,
131.0,20230301.0,170.75,0.0,0.0,1.0,14.0,1.0,3.0,
131.0,20250501.0,186.42,0.0,0.0,1.0,40.0,1.0,3.0,
131.0,20230101.0,197.62,0.0,0.0,1.0,12.0,1.0,3.0,
131.0,20240801.0,78.98,0.0,0.0,1.0,31.0,1.0,3.0,
131.0,20241101.0,191.36,0.0,0.0,1.0,34.0,1.0,3.0,
131.0,20220501.0,179.57,0.0,0.0,1.0,4.0,1.0,3.0,
131.0,20241001.0,201.68,0.0,0.0,1.0,33.0,1.0,3.0,
131.0,20240601.0,180.6,0.0,0.0,1.0,29.0,1.0,3.0,
131.0,20250301.0,113.01,0.0,0.0,1.0,38.0,1.0,3.0,
131.0,20230201.0,179.05,0.0,0.0,1.0,13.0,1.0,3.0,
131.0,20240201.0,188.05,0.0,0.0,1.0,25.0,1.0,3.0,
131.0,20230101.0,182.28,0.0,0.0,1.0,12.0,1.0,3.0,
131.0,20240301.0,132.22,0.0,0.0,1.0,26.0,1.0,3.0,
131.0,20220401.0,126.06,0.0,0.0,1.0,3.0,1.0,3.0,
131.0,20220601.0,187.95,0.0,0.0,1.0,5.0,1.0,3.0,
131.0,20241201.0,156.68,0.0,0.0,1.0,35.0,1.0,3.0,
131.0,20230801.0,80.56,0.0,0.0,1.0,19.0,1.0,3.0,
131.0,20240901.0,180.39,0.0,0.0,1.0,32.0,1.0,3.0,
131.0,20231201.0,132.93,0.0,0.0,1.0,23.0,1.0,3.0,
131.0,20221001.0,160.49,0.0,0.0,1.0,9.0,1.0,3.0,
131.0,20240101.0,204.58,0.0,0.0,1.0,24.0,1.0,3.0,
131.0,20230501.0,197.67,0.0,0.0,1.0,16.0,1.0,3.0,
131.0,20250601.0,185.34,0.0,0.0,1.0,41.0,1.0,3.0,
131.0,20230901.0,188.57,0.0,0.0,1.0,20.0,1.0,3.0,
131.0,20240401.0,155.76,0.0,0.0,1.0,27.0,1.0,3.0,
131.0,20231101.0,198.75,0.0,0.0,1.0,22.0,1.0,3.0,
131.0,20250201.0,161.29,0.0,0.0,1.0,37.0,1.0,3.0,
131.0,20230601.0,174.32,0.0,0.0,1.0,17.0,1.0,3.0,
131.0,20250401.0,188.54,0.0,0.0,1.0,39.0,1.0,3.0,
131.0,20221201.0,129.41,0.0,0.0,1.0,11.0,1.0,3.0,
131.0,20220301.0,195.35,0.0,0.0,1.0,1.0,1.0,3.0,
131.0,20221101.0,194.02,0.0,0.0,1.0,10.0,1.0,3.0,
131.0,20220201.0,179.45,0.0,0.0,1.0,1.0,1.0,3.0,
131.0,20240101.0,195.27,0.0,0.0,1.0,24.0,1.0,3.0,
131.0,20240501.0,180.77,0.0,0.0,1.0,28.0,1.0,3.0,
131.0,20220101.0,185.76,0.0,0.0,1.0,0.0,1.0,3.0,
131.0,20220901.0,160.95,0.0,0.0,1.0,8.0,1.0,3.0,
132.0,20250101.0,157.73,0.0,0.0,1.0,36.0,1.0,3.0,
132.0,20250101.0,139.09,0.0,0.0,1.0,36.0,1.0,3.0,
132.0,20231001.0,194.98,0.0,0.0,1.0,21.0,1.0,3.0,
132.0,20220101.0,166.53,0.0,0.0,1.0,0.0,1.0,3.0,
132.0,20230401.0,133.6,0.0,0.0,1.0,15.0,1.0,3.0,
132.0,20230301.0,170.29,0.0,0.0,1.0,14.0,1.0,3.0,
132.0,20250501.0,147.15,0.0,0.0,1.0,40.0,1.0,3.0,
132.0,20230101.0,192.39,0.0,0.0,1.0,12.0,1.0,3.0,
132.0,20240801.0,35.68,0.0,0.0,1.0,31.0,1.0,3.0,
132.0,20241101.0,148.56,0.0,0.0,1.0,34.0,1.0,3.0,
132.0,20220501.0,189.68,0.0,0.0,1.0,4.0,1.0,3.0,
132.0,20241001.0,158.81,0.0,0.0,1.0,33.0,1.0,3.0,
132.0,20240601.0,0.0,0.0,0.0,1.0,29.0,1.0,3.0,
132.0,20250301.0,137.49,0.0,0.0,1.0,38.0,1.0,3.0,
132.0,20230201.0,182.38,0.0,0.0,1.0,13.0,1.0,3.0,
132.0,20240201.0,186.6,0.0,0.0,1.0,25.0,1.0,3.0,
132.0,20230101.0,175.44,0.0,0.0,1.0,12.0,1.0,3.0,
132.0,20240301.0,138.84,0.0,0.0,1.0,26.0,1.0,3.0,
132.0,20220401.0,133.77,0.0,0.0,1.0,3.0,1.0,3.0,
132.0,20220601.0,193.63,0.0,0.0,1.0,5.0,1.0,3.0,
132.0,20241201.0,118.14,0.0,0.0,1.0,35.0,1.0,3.0,
132.0,20230801.0,79.54,0.0,0.0,1.0,19.0,1.0,3.0,
132.0,20240901.0,148.91,0.0,0.0,1.0,32.0,1.0,3.0,
132.0,20231201.0,101.29,0.0,0.0,1.0,23.0,1.0,3.0,
132.0,20221001.0,187.71,0.0,0.0,1.0,9.0,1.0,3.0,
132.0,20240101.0,0.0,0.0,0.0,1.0,24.0,1.0,3.0,
132.0,20230501.0,208.98,0.0,0.0,1.0,16.0,1.0,3.0,
132.0,20250601.0,145.1,0.0,0.0,1.0,41.0,1.0,3.0,
132.0,20230901.0,171.65,0.0,0.0,1.0,20.0,1.0,3.0,
132.0,20240401.0,109.8,0.0,0.0,1.0,27.0,1.0,3.0,
132.0,20231101.0,122.12,0.0,0.0,1.0,22.0,1.0,3.0,
132.0,20250201.0,124.97,0.0,0.0,1.0,37.0,1.0,3.0,
132.0,20230601.0,170.71,0.0,0.0,1.0,17.0,1.0,3.0,
132.0,20250401.0,148.87,0.0,0.0,1.0,39.0,1.0,3.0,
132.0,20221201.0,137.96,0.0,0.0,1.0,11.0,1.0,3.0,
132.0,20220301.0,200.85,0.0,0.0,1.0,1.0,1.0,3.0,
132.0,20221101.0,199.03,0.0,0.0,1.0,10.0,1.0,3.0,
132.0,20220201.0,155.38,0.0,0.0,1.0,1.0,1.0,3.0,
132.0,20240101.0,200.47,0.0,0.0,1.0,24.0,1.0,3.0,
132.0,20240501.0,41.87,0.0,0.0,1.0,28.0,1.0,3.0,
132.0,20220101.0,182.21,0.0,0.0,1.0,0.0,1.0,3.0,
132.0,20220901.0,208.47,0.0,0.0,1.0,8.0,1.0,3.0,
489.0,20220101.0,126.01,0.0,0.0,1.0,0.0,1.0,3.0,
489.0,20230401.0,105.92,0.0,0.0,1.0,15.0,1.0,3.0,
489.0,20230301.0,162.45,0.0,0.0,1.0,14.0,1.0,3.0,
489.0,20230101.0,198.88,0.0,0.0,1.0,12.0,1.0,3.0,
489.0,20220501.0,148.93,0.0,0.0,1.0,4.0,1.0,3.0,
489.0,20230201.0,125.73,0.0,0.0,1.0,13.0,1.0,3.0,
489.0,20230101.0,0.0,0.0,0.0,1.0,12.0,1.0,3.0,
489.0,20220401.0,131.13,0.0,0.0,1.0,3.0,1.0,3.0,
489.0,20220601.0,153.37,0.0,0.0,1.0,5.0,1.0,3.0,
489.0,20230801.0,0.0,0.0,0.0,1.0,19.0,1.0,3.0,
489.0,20221001.0,131.58,0.0,0.0,1.0,9.0,1.0,3.0,
489.0,20230501.0,181.85,0.0,0.0,1.0,16.0,1.0,3.0,
489.0,20230901.0,0.0,0.0,0.0,1.0,20.0,1.0,3.0,
489.0,20230601.0,79.91,0.0,0.0,1.0,17.0,1.0,3.0,
489.0,20221201.0,116.99,0.0,0.0,1.0,11.0,1.0,3.0,
489.0,20220301.0,24.93,0.0,0.0,1.0,1.0,1.0,3.0,
489.0,20221101.0,139.79,0.0,0.0,1.0,10.0,1.0,3.0,
489.0,20220201.0,0.0,0.0,0.0,1.0,1.0,1.0,3.0,
489.0,20220101.0,0.0,0.0,0.0,1.0,0.0,1.0,3.0,
489.0,20220901.0,123.22,0.0,0.0,1.0,8.0,1.0,3.0,
412.0,20231001.0,0.0,0.0,0.0,1.0,21.0,1.0,3.0,
412.0,20220101.0,137.38,0.0,0.0,1.0,0.0,1.0,3.0,
412.0,20230401.0,49.49,0.0,0.0,1.0,15.0,1.0,3.0,
412.0,20230301.0,146.97,0.0,0.0,1.0,14.0,1.0,3.0,
412.0,20230101.0,184.05,0.0,0.0,1.0,12.0,1.0,3.0,
412.0,20220501.0,170.65,0.0,0.0,1.0,4.0,1.0,3.0,
412.0,20230201.0,162.1,0.0,0.0,1.0,13.0,1.0,3.0,
412.0,20230101.0,0.0,0.0,0.0,1.0,12.0,1.0,3.0,
412.0,20220401.0,124.04,0.0,0.0,1.0,3.0,1.0,3.0,
412.0,20220601.0,162.35,0.0,0.0,1.0,5.0,1.0,3.0,
412.0,20230801.0,0.0,0.0,0.0,1.0,19.0,1.0,3.0,
412.0,20221001.0,177.12,0.0,0.0,1.0,9.0,1.0,3.0,
412.0,20230501.0,0.0,0.0,0.0,1.0,16.0,1.0,3.0,
412.0,20230901.0,0.0,0.0,0.0,1.0,20.0,1.0,3.0,
412.0,20230601.0,0.0,0.0,0.0,1.0,17.0,1.0,3.0,
412.0,20221201.0,115.73,0.0,0.0,1.0,11.0,1.0,3.0,
412.0,20220301.0,132.22,0.0,0.0,1.0,1.0,1.0,3.0,
412.0,20221101.0,155.0,0.0,0.0,1.0,10.0,1.0,3.0,
412.0,20220201.0,157.63,0.0,0.0,1.0,1.0,1.0,3.0,
412.0,20220101.0,156.85,0.0,0.0,1.0,0.0,1.0,3.0,
412.0,20220901.0,193.9,0.0,0.0,1.0,8.0,1.0,3.0,
133.0,20250101.0,175.4,0.0,0.0,1.0,36.0,2.0,22.0,
133.0,20250101.0,111.01,0.0,0.0,1.0,36.0,2.0,22.0,
133.0,20231001.0,186.76,0.0,0.0,1.0,21.0,2.0,22.0,
133.0,20220101.0,116.21,0.0,0.0,1.0,0.0,2.0,22.0,
133.0,20230401.0,103.93,0.0,0.0,1.0,15.0,2.0,22.0,
133.0,20230301.0,156.2,0.0,0.0,1.0,14.0,2.0,22.0,
133.0,20250501.0,159.97,0.0,0.0,1.0,40.0,2.0,22.0,
133.0,20230101.0,183.66,0.0,0.0,1.0,12.0,2.0,22.0,
133.0,20240801.0,148.09,0.0,0.0,1.0,31.0,2.0,22.0,
133.0,20241101.0,187.06,0.0,0.0,1.0,34.0,2.0,22.0,
133.0,20220501.0,159.71,0.0,0.0,1.0,4.0,2.0,22.0,
133.0,20241001.0,176.55,0.0,0.0,1.0,33.0,2.0,22.0,
133.0,20240601.0,114.96,0.0,0.0,1.0,29.0,2.0,22.0,
133.0,20250301.0,118.68,0.0,0.0,1.0,38.0,2.0,22.0,
133.0,20230201.0,153.83,0.0,0.0,1.0,13.0,2.0,22.0,
133.0,20240201.0,135.07,0.0,0.0,1.0,25.0,2.0,22.0,
133.0,20230101.0,106.79,0.0,0.0,1.0,12.0,2.0,22.0,
133.0,20240301.0,131.52,0.0,0.0,1.0,26.0,2.0,22.0,
133.0,20220401.0,128.86,0.0,0.0,1.0,3.0,2.0,22.0,
133.0,20220601.0,173.89,0.0,0.0,1.0,5.0,2.0,22.0,
133.0,20241201.0,162.21,0.0,0.0,1.0,35.0,2.0,22.0,
133.0,20230801.0,123.44,0.0,0.0,1.0,19.0,2.0,22.0,
133.0,20240901.0,174.36,0.0,0.0,1.0,32.0,2.0,22.0,
133.0,20231201.0,149.16,0.0,0.0,1.0,23.0,2.0,22.0,
133.0,20221001.0,170.22,0.0,0.0,1.0,9.0,2.0,22.0,
133.0,20240101.0,149.47,0.0,0.0,1.0,24.0,2.0,22.0,
133.0,20230501.0,184.64,0.0,0.0,1.0,16.0,2.0,22.0,
133.0,20250601.0,126.52,0.0,0.0,1.0,41.0,2.0,22.0,
133.0,20230901.0,175.51,0.0,0.0,1.0,20.0,2.0,22.0,
133.0,20240401.0,117.71,0.0,0.0,1.0,27.0,2.0,22.0,
133.0,20231101.0,192.88,0.0,0.0,1.0,22.0,2.0,22.0,
133.0,20250201.0,130.59,0.0,0.0,1.0,37.0,2.0,22.0,
133.0,20230601.0,156.56,0.0,0.0,1.0,17.0,2.0,22.0,
133.0,20250401.0,166.07,0.0,0.0,1.0,39.0,2.0,22.0,
133.0,20221201.0,119.24,0.0,0.0,1.0,11.0,2.0,22.0,
133.0,20220301.0,184.81,0.0,0.0,1.0,1.0,2.0,22.0,
133.0,20221101.0,62.92,0.0,0.0,1.0,10.0,2.0,22.0,
133.0,20220201.0,164.83,0.0,0.0,1.0,1.0,2.0,22.0,
133.0,20240101.0,180.62,0.0,0.0,1.0,24.0,2.0,22.0,
133.0,20240501.0,182.9,0.0,0.0,1.0,28.0,2.0,22.0,
133.0,20220101.0,138.17,0.0,0.0,1.0,0.0,2.0,22.0,
133.0,20220901.0,196.25,0.0,0.0,1.0,8.0,2.0,22.0,
134.0,20250101.0,192.01,0.0,0.0,1.0,36.0,1.0,3.0,
134.0,20250101.0,132.59,0.0,0.0,1.0,36.0,1.0,3.0,
134.0,20231001.0,205.29,0.0,0.0,1.0,21.0,1.0,3.0,
134.0,20220101.0,164.47,0.0,0.0,1.0,0.0,1.0,3.0,
134.0,20230401.0,140.55,0.0,0.0,1.0,15.0,1.0,3.0,
134.0,20230301.0,178.94,0.0,0.0,1.0,14.0,1.0,3.0,
134.0,20250501.0,200.79,0.0,0.0,1.0,40.0,1.0,3.0,
134.0,20230101.0,187.2,0.0,0.0,1.0,12.0,1.0,3.0,
134.0,20240801.0,95.0,0.0,0.0,1.0,31.0,1.0,3.0,
134.0,20241101.0,202.57,0.0,0.0,1.0,34.0,1.0,3.0,
134.0,20220501.0,184.49,0.0,0.0,1.0,4.0,1.0,3.0,
134.0,20241001.0,215.85,0.0,0.0,1.0,33.0,1.0,3.0,
134.0,20240601.0,170.36,0.0,0.0,1.0,29.0,1.0,3.0,
134.0,20250301.0,146.58,0.0,0.0,1.0,38.0,1.0,3.0,
134.0,20230201.0,165.38,0.0,0.0,1.0,13.0,1.0,3.0,
134.0,20240201.0,197.06,0.0,0.0,1.0,25.0,1.0,3.0,
134.0,20230101.0,190.92,0.0,0.0,1.0,12.0,1.0,3.0,
134.0,20240301.0,149.62,0.0,0.0,1.0,26.0,1.0,3.0,
134.0,20220401.0,124.11,0.0,0.0,1.0,3.0,1.0,3.0,
134.0,20220601.0,148.61,0.0,0.0,1.0,5.0,1.0,3.0,
134.0,20241201.0,162.13,0.0,0.0,1.0,35.0,1.0,3.0,
134.0,20230801.0,80.12,0.0,0.0,1.0,19.0,1.0,3.0,
134.0,20240901.0,182.07,0.0,0.0,1.0,32.0,1.0,3.0,
134.0,20231201.0,141.64,0.0,0.0,1.0,23.0,1.0,3.0,
134.0,20221001.0,186.08,0.0,0.0,1.0,9.0,1.0,3.0,
134.0,20240101.0,197.51,0.0,0.0,1.0,24.0,1.0,3.0,
134.0,20230501.0,128.65,0.0,0.0,1.0,16.0,1.0,3.0,
134.0,20250601.0,184.26,0.0,0.0,1.0,41.0,1.0,3.0,
134.0,20230901.0,192.45,0.0,0.0,1.0,20.0,1.0,3.0,
134.0,20240401.0,151.96,0.0,0.0,1.0,27.0,1.0,3.0,
134.0,20231101.0,188.65,0.0,0.0,1.0,22.0,1.0,3.0,
134.0,20250201.0,194.11,0.0,0.0,1.0,37.0,1.0,3.0,
134.0,20230601.0,169.24,0.0,0.0,1.0,17.0,1.0,3.0,
134.0,20250401.0,198.12,0.0,0.0,1.0,39.0,1.0,3.0,
134.0,20221201.0,143.58,0.0,0.0,1.0,11.0,1.0,3.0,
134.0,20220301.0,211.95,0.0,0.0,1.0,1.0,1.0,3.0,
134.0,20221101.0,190.68,0.0,0.0,1.0,10.0,1.0,3.0,
134.0,20220201.0,162.49,0.0,0.0,1.0,1.0,1.0,3.0,
134.0,20240101.0,163.9,0.0,0.0,1.0,24.0,1.0,3.0,
134.0,20240501.0,198.07,0.0,0.0,1.0,28.0,1.0,3.0,
134.0,20220101.0,111.09,0.0,0.0,1.0,0.0,1.0,3.0,
134.0,20220901.0,196.3,0.0,0.0,1.0,8.0,1.0,3.0,
135.0,20250101.0,0.0,0.0,0.0,1.0,0.0,1.0,3.0,
135.0,20250501.0,198.76,0.0,0.0,1.0,4.0,1.0,3.0,
135.0,20250301.0,148.41,0.0,0.0,1.0,1.0,1.0,3.0,
135.0,20250601.0,185.21,0.0,0.0,1.0,5.0,1.0,3.0,
135.0,20250201.0,171.24,0.0,0.0,1.0,1.0,1.0,3.0,
135.0,20250401.0,144.88,0.0,0.0,1.0,3.0,1.0,3.0,
136.0,20250101.0,188.0,0.0,0.0,1.0,36.0,1.0,3.0,
136.0,20250101.0,138.03,0.0,0.0,1.0,36.0,1.0,3.0,
136.0,20231001.0,199.6,0.0,0.0,1.0,21.0,1.0,3.0,
136.0,20220101.0,166.76,0.0,0.0,1.0,0.0,1.0,3.0,
136.0,20230401.0,134.57,0.0,0.0,1.0,15.0,1.0,3.0,
136.0,20230301.0,164.39,0.0,0.0,1.0,14.0,1.0,3.0,
136.0,20250501.0,180.98,0.0,0.0,1.0,40.0,1.0,3.0,
136.0,20230101.0,201.21,0.0,0.0,1.0,12.0,1.0,3.0,
136.0,20240801.0,81.24,0.0,0.0,1.0,31.0,1.0,3.0,
136.0,20241101.0,174.65,0.0,0.0,1.0,34.0,1.0,3.0,
136.0,20220501.0,185.76,0.0,0.0,1.0,4.0,1.0,3.0,
136.0,20241001.0,202.76,0.0,0.0,1.0,33.0,1.0,3.0,
136.0,20240601.0,184.28,0.0,0.0,1.0,29.0,1.0,3.0,
136.0,20250301.0,153.65,0.0,0.0,1.0,38.0,1.0,3.0,
136.0,20230201.0,167.46,0.0,0.0,1.0,13.0,1.0,3.0,
136.0,20240201.0,192.03,0.0,0.0,1.0,25.0,1.0,3.0,
136.0,20230101.0,190.9,0.0,0.0,1.0,12.0,1.0,3.0,
136.0,20240301.0,126.58,0.0,0.0,1.0,26.0,1.0,3.0,
136.0,20220401.0,133.27,0.0,0.0,1.0,3.0,1.0,3.0,
136.0,20220601.0,187.62,0.0,0.0,1.0,5.0,1.0,3.0,
136.0,20241201.0,138.87,0.0,0.0,1.0,35.0,1.0,3.0,
136.0,20230801.0,87.8,0.0,0.0,1.0,19.0,1.0,3.0,
136.0,20240901.0,185.72,0.0,0.0,1.0,32.0,1.0,3.0,
136.0,20231201.0,141.13,0.0,0.0,1.0,23.0,1.0,3.0,
136.0,20221001.0,173.13,0.0,0.0,1.0,9.0,1.0,3.0,
136.0,20240101.0,205.26,0.0,0.0,1.0,24.0,1.0,3.0,
136.0,20230501.0,191.25,0.0,0.0,1.0,16.0,1.0,3.0,
136.0,20250601.0,183.66,0.0,0.0,1.0,41.0,1.0,3.0,
136.0,20230901.0,144.94,0.0,0.0,1.0,20.0,1.0,3.0,
136.0,20240401.0,161.18,0.0,0.0,1.0,27.0,1.0,3.0,
136.0,20231101.0,204.14,0.0,0.0,1.0,22.0,1.0,3.0,
136.0,20250201.0,190.12,0.0,0.0,1.0,37.0,1.0,3.0,
136.0,20230601.0,173.72,0.0,0.0,1.0,17.0,1.0,3.0,
136.0,20250401.0,190.14,0.0,0.0,1.0,39.0,1.0,3.0,
136.0,20221201.0,152.13,0.0,0.0,1.0,11.0,1.0,3.0,
136.0,20220301.0,203.29,0.0,0.0,1.0,1.0,1.0,3.0,
136.0,20221101.0,196.89,0.0,0.0,1.0,10.0,1.0,3.0,
136.0,20220201.0,173.28,0.0,0.0,1.0,1.0,1.0,3.0,
136.0,20240101.0,195.94,0.0,0.0,1.0,24.0,1.0,3.0,
136.0,20240501.0,189.73,0.0,0.0,1.0,28.0,1.0,3.0,
136.0,20220101.0,182.5,0.0,0.0,1.0,0.0,1.0,3.0,
136.0,20220901.0,197.99,0.0,0.0,1.0,8.0,1.0,3.0,
137.0,20250101.0,198.0,0.0,0.0,1.0,36.0,1.0,2.0,
137.0,20250101.0,126.0,0.0,0.0,1.0,36.0,1.0,2.0,
137.0,20231001.0,198.0,0.0,0.0,1.0,21.0,1.0,2.0,
137.0,20220101.0,180.0,0.0,0.0,1.0,0.0,1.0,2.0,
137.0,20230401.0,133.5,0.0,0.0,1.0,15.0,1.0,2.0,
137.0,20230301.0,180.5,0.0,0.0,1.0,14.0,1.0,2.0,
137.0,20250501.0,189.0,0.0,0.0,1.0,40.0,1.0,2.0,
137.0,20230101.0,193.5,0.0,0.0,1.0,12.0,1.0,2.0,
137.0,20240801.0,198.0,0.0,0.0,1.0,31.0,1.0,2.0,
137.0,20241101.0,180.0,0.0,0.0,1.0,34.0,1.0,2.0,
137.0,20220501.0,189.0,0.0,0.0,1.0,4.0,1.0,2.0,
137.0,20241001.0,207.0,0.0,0.0,1.0,33.0,1.0,2.0,
137.0,20240601.0,171.0,0.0,0.0,1.0,29.0,1.0,2.0,
137.0,20250301.0,133.0,0.0,0.0,1.0,38.0,1.0,2.0,
137.0,20230201.0,180.0,0.0,0.0,1.0,13.0,1.0,2.0,
137.0,20240201.0,180.0,0.0,0.0,1.0,25.0,1.0,2.0,
137.0,20230101.0,171.0,0.0,0.0,1.0,12.0,1.0,2.0,
137.0,20240301.0,136.0,0.0,0.0,1.0,26.0,1.0,2.0,
137.0,20220401.0,139.0,0.0,0.0,1.0,3.0,1.0,2.0,
137.0,20220601.0,198.0,0.0,0.0,1.0,5.0,1.0,2.0,
137.0,20241201.0,184.5,0.0,0.0,1.0,35.0,1.0,2.0,
137.0,20230801.0,126.0,0.0,0.0,1.0,19.0,1.0,2.0,
137.0,20240901.0,189.0,0.0,0.0,1.0,32.0,1.0,2.0,
137.0,20231201.0,185.5,0.0,0.0,1.0,23.0,1.0,2.0,
137.0,20221001.0,189.0,0.0,0.0,1.0,9.0,1.0,2.0,
137.0,20240101.0,198.0,0.0,0.0,1.0,24.0,1.0,2.0,
137.0,20230501.0,198.0,0.0,0.0,1.0,16.0,1.0,2.0,
137.0,20250601.0,177.0,0.0,0.0,1.0,41.0,1.0,2.0,
137.0,20230901.0,180.0,0.0,0.0,1.0,20.0,1.0,2.0,
137.0,20240401.0,162.5,0.0,0.0,1.0,27.0,1.0,2.0,
137.0,20231101.0,198.0,0.0,0.0,1.0,22.0,1.0,2.0,
137.0,20250201.0,180.0,0.0,0.0,1.0,37.0,1.0,2.0,
137.0,20230601.0,169.0,0.0,0.0,1.0,17.0,1.0,2.0,
137.0,20250401.0,189.0,0.0,0.0,1.0,39.0,1.0,2.0,
137.0,20221201.0,193.0,0.0,0.0,1.0,11.0,1.0,2.0,
137.0,20220301.0,207.0,0.0,0.0,1.0,1.0,1.0,2.0,
137.0,20221101.0,198.0,0.0,0.0,1.0,10.0,1.0,2.0,
137.0,20220201.0,180.0,0.0,0.0,1.0,1.0,1.0,2.0,
137.0,20240501.0,198.0,0.0,0.0,1.0,28.0,1.0,2.0,
137.0,20220101.0,162.0,0.0,0.0,1.0,0.0,1.0,2.0,
137.0,20220901.0,189.0,0.0,0.0,1.0,8.0,1.0,2.0,
138.0,20250101.0,0.0,0.0,0.0,1.0,36.0,1.0,3.0,
138.0,20250101.0,108.28,0.0,0.0,1.0,36.0,1.0,3.0,
138.0,20231001.0,187.85,0.0,0.0,1.0,21.0,1.0,3.0,
138.0,20220101.0,44.13,0.0,0.0,1.0,0.0,1.0,3.0,
138.0,20230401.0,120.93,0.0,0.0,1.0,15.0,1.0,3.0,
138.0,20230301.0,152.04,0.0,0.0,1.0,14.0,1.0,3.0,
138.0,20250501.0,154.25,0.0,0.0,1.0,40.0,1.0,3.0,
138.0,20230101.0,181.58,0.0,0.0,1.0,12.0,1.0,3.0,
138.0,20240801.0,91.32,0.0,0.0,1.0,31.0,1.0,3.0,
138.0,20241101.0,0.0,0.0,0.0,1.0,34.0,1.0,3.0,
138.0,20220501.0,0.0,0.0,0.0,1.0,4.0,1.0,3.0,
138.0,20241001.0,0.0,0.0,0.0,1.0,33.0,1.0,3.0,
138.0,20240601.0,18.16,0.0,0.0,1.0,29.0,1.0,3.0,
138.0,20250301.0,124.64,0.0,0.0,1.0,38.0,1.0,3.0,
138.0,20230201.0,180.27,0.0,0.0,1.0,13.0,1.0,3.0,
138.0,20240201.0,179.21,0.0,0.0,1.0,25.0,1.0,3.0,
138.0,20230101.0,174.58,0.0,0.0,1.0,12.0,1.0,3.0,
138.0,20240301.0,151.6,0.0,0.0,1.0,26.0,1.0,3.0,
138.0,20220401.0,0.0,0.0,0.0,1.0,3.0,1.0,3.0,
138.0,20220601.0,0.0,0.0,0.0,1.0,5.0,1.0,3.0,
138.0,20241201.0,0.0,0.0,0.0,1.0,35.0,1.0,3.0,
138.0,20230801.0,54.29,0.0,0.0,1.0,19.0,1.0,3.0,
138.0,20240901.0,137.33,0.0,0.0,1.0,32.0,1.0,3.0,
138.0,20231201.0,131.97,0.0,0.0,1.0,23.0,1.0,3.0,
138.0,20221001.0,186.15,0.0,0.0,1.0,9.0,1.0,3.0,
138.0,20240101.0,165.0,0.0,0.0,1.0,24.0,1.0,3.0,
138.0,20230501.0,99.48,0.0,0.0,1.0,16.0,1.0,3.0,
138.0,20250601.0,153.9,0.0,0.0,1.0,41.0,1.0,3.0,
138.0,20230901.0,102.1,0.0,0.0,1.0,20.0,1.0,3.0,
138.0,20240401.0,141.18,0.0,0.0,1.0,27.0,1.0,3.0,
138.0,20231101.0,196.85,0.0,0.0,1.0,22.0,1.0,3.0,
138.0,20250201.0,0.0,0.0,0.0,1.0,37.0,1.0,3.0,
138.0,20230601.0,165.33,0.0,0.0,1.0,17.0,1.0,3.0,
138.0,20250401.0,145.79,0.0,0.0,1.0,39.0,1.0,3.0,
138.0,20221201.0,99.79,0.0,0.0,1.0,11.0,1.0,3.0,
138.0,20220301.0,8.98,0.0,0.0,1.0,1.0,1.0,3.0,
138.0,20221101.0,170.85,0.0,0.0,1.0,10.0,1.0,3.0,
138.0,20220201.0,181.84,0.0,0.0,1.0,1.0,1.0,3.0,
138.0,20240101.0,188.49,0.0,0.0,1.0,24.0,1.0,3.0,
138.0,20240501.0,191.32,0.0,0.0,1.0,28.0,1.0,3.0,
138.0,20220101.0,184.12,0.0,0.0,1.0,0.0,1.0,3.0,
138.0,20220901.0,198.88,0.0,0.0,1.0,8.0,1.0,3.0,
139.0,20250101.0,189.48,0.0,0.0,1.0,36.0,1.0,3.0,
139.0,20250101.0,139.01,0.0,0.0,1.0,36.0,1.0,3.0,
139.0,20231001.0,182.0,0.0,0.0,1.0,21.0,1.0,3.0,
139.0,20220101.0,173.72,0.0,0.0,1.0,0.0,1.0,3.0,
139.0,20230401.0,125.75,0.0,0.0,1.0,15.0,1.0,3.0,
139.0,20230301.0,165.8,0.0,0.0,1.0,14.0,1.0,3.0,
139.0,20250501.0,170.08,0.0,0.0,1.0,40.0,1.0,3.0,
139.0,20230101.0,205.66,0.0,0.0,1.0,12.0,1.0,3.0,
139.0,20240801.0,89.74,0.0,0.0,1.0,31.0,1.0,3.0,
139.0,20241101.0,183.63,0.0,0.0,1.0,34.0,1.0,3.0,
139.0,20220501.0,170.28,0.0,0.0,1.0,4.0,1.0,3.0,
139.0,20241001.0,207.55,0.0,0.0,1.0,33.0,1.0,3.0,
139.0,20240601.0,160.51,0.0,0.0,1.0,29.0,1.0,3.0,
139.0,20250301.0,136.73,0.0,0.0,1.0,38.0,1.0,3.0,
139.0,20230201.0,165.22,0.0,0.0,1.0,13.0,1.0,3.0,
139.0,20240201.0,192.8,0.0,0.0,1.0,25.0,1.0,3.0,
139.0,20230101.0,175.77,0.0,0.0,1.0,12.0,1.0,3.0,
139.0,20240301.0,147.76,0.0,0.0,1.0,26.0,1.0,3.0,
139.0,20220401.0,131.18,0.0,0.0,1.0,3.0,1.0,3.0,
139.0,20220601.0,182.39,0.0,0.0,1.0,5.0,1.0,3.0,
139.0,20241201.0,152.15,0.0,0.0,1.0,35.0,1.0,3.0,
139.0,20230801.0,87.82,0.0,0.0,1.0,19.0,1.0,3.0,
139.0,20240901.0,178.68,0.0,0.0,1.0,32.0,1.0,3.0,
139.0,20231201.0,144.72,0.0,0.0,1.0,23.0,1.0,3.0,
139.0,20221001.0,177.26,0.0,0.0,1.0,9.0,1.0,3.0,
139.0,20240101.0,210.95,0.0,0.0,1.0,24.0,1.0,3.0,
139.0,20230501.0,178.15,0.0,0.0,1.0,16.0,1.0,3.0,
139.0,20250601.0,182.99,0.0,0.0,1.0,41.0,1.0,3.0,
139.0,20230901.0,171.44,0.0,0.0,1.0,20.0,1.0,3.0,
139.0,20240401.0,147.76,0.0,0.0,1.0,27.0,1.0,3.0,
139.0,20231101.0,188.61,0.0,0.0,1.0,22.0,1.0,3.0,
139.0,20250201.0,176.1,0.0,0.0,1.0,37.0,1.0,3.0,
139.0,20230601.0,169.54,0.0,0.0,1.0,17.0,1.0,3.0,
139.0,20250401.0,178.28,0.0,0.0,1.0,39.0,1.0,3.0,
139.0,20221201.0,150.69,0.0,0.0,1.0,11.0,1.0,3.0,
139.0,20220301.0,189.02,0.0,0.0,1.0,1.0,1.0,3.0,
139.0,20221101.0,184.96,0.0,0.0,1.0,10.0,1.0,3.0,
139.0,20220201.0,169.08,0.0,0.0,1.0,1.0,1.0,3.0,
139.0,20240101.0,187.11,0.0,0.0,1.0,24.0,1.0,3.0,
139.0,20240501.0,181.01,0.0,0.0,1.0,28.0,1.0,3.0,
139.0,20220101.0,183.02,0.0,0.0,1.0,0.0,1.0,3.0,
139.0,20220901.0,198.54,0.0,0.0,1.0,8.0,1.0,3.0,
140.0,20250101.0,146.5,0.0,0.0,1.0,36.0,2.0,15.0,
140.0,20250101.0,100.65,0.0,0.0,1.0,36.0,2.0,15.0,
140.0,20231001.0,164.22,0.0,0.0,1.0,21.0,2.0,15.0,
140.0,20220101.0,71.88,0.0,0.0,1.0,0.0,2.0,15.0,
140.0,20230401.0,121.68,0.0,0.0,1.0,15.0,2.0,15.0,
140.0,20230301.0,180.94,0.0,0.0,1.0,14.0,2.0,15.0,
140.0,20250501.0,173.12,0.0,0.0,1.0,40.0,2.0,15.0,
140.0,20230101.0,199.23,0.0,0.0,1.0,12.0,2.0,15.0,
140.0,20240801.0,109.82,0.0,0.0,1.0,31.0,2.0,15.0,
140.0,20241101.0,154.97,0.0,0.0,1.0,34.0,2.0,15.0,
140.0,20220501.0,172.76,0.0,0.0,1.0,4.0,2.0,15.0,
140.0,20241001.0,155.32,0.0,0.0,1.0,33.0,2.0,15.0,
140.0,20240601.0,0.0,0.0,0.0,1.0,29.0,2.0,15.0,
140.0,20250301.0,122.41,0.0,0.0,1.0,38.0,2.0,15.0,
140.0,20230201.0,180.68,0.0,0.0,1.0,13.0,2.0,15.0,
140.0,20240201.0,82.39,0.0,0.0,1.0,25.0,2.0,15.0,
140.0,20230101.0,155.75,0.0,0.0,1.0,12.0,2.0,15.0,
140.0,20240301.0,60.09,0.0,0.0,1.0,26.0,2.0,15.0,
140.0,20220401.0,135.11,0.0,0.0,1.0,3.0,2.0,15.0,
140.0,20220601.0,191.23,0.0,0.0,1.0,5.0,2.0,15.0,
140.0,20241201.0,173.39,0.0,0.0,1.0,35.0,2.0,15.0,
140.0,20230801.0,99.89,0.0,0.0,1.0,19.0,2.0,15.0,
140.0,20240901.0,155.34,0.0,0.0,1.0,32.0,2.0,15.0,
140.0,20231201.0,128.33,0.0,0.0,1.0,23.0,2.0,15.0,
140.0,20221001.0,178.38,0.0,0.0,1.0,9.0,2.0,15.0,
140.0,20240101.0,127.27,0.0,0.0,1.0,24.0,2.0,15.0,
140.0,20230501.0,190.74,0.0,0.0,1.0,16.0,2.0,15.0,
140.0,20250601.0,155.56,0.0,0.0,1.0,41.0,2.0,15.0,
140.0,20230901.0,155.47,0.0,0.0,1.0,20.0,2.0,15.0,
140.0,20240401.0,63.4,0.0,0.0,1.0,27.0,2.0,15.0,
140.0,20231101.0,136.84,0.0,0.0,1.0,22.0,2.0,15.0,
140.0,20250201.0,164.56,0.0,0.0,1.0,37.0,2.0,15.0,
140.0,20230601.0,145.52,0.0,0.0,1.0,17.0,2.0,15.0,
140.0,20250401.0,182.83,0.0,0.0,1.0,39.0,2.0,15.0,
140.0,20221201.0,175.54,0.0,0.0,1.0,11.0,2.0,15.0,
140.0,20220301.0,191.14,0.0,0.0,1.0,1.0,2.0,15.0,
140.0,20221101.0,183.14,0.0,0.0,1.0,10.0,2.0,15.0,
140.0,20220201.0,182.38,0.0,0.0,1.0,1.0,2.0,15.0,
140.0,20240101.0,164.86,0.0,0.0,1.0,24.0,2.0,15.0,
140.0,20240501.0,0.0,0.0,0.0,1.0,28.0,2.0,15.0,
140.0,20220101.0,145.46,0.0,0.0,1.0,0.0,2.0,15.0,
140.0,20220901.0,163.21,0.0,0.0,1.0,8.0,2.0,15.0,
413.0,20231001.0,113.22,0.0,0.0,1.0,21.0,1.0,3.0,
413.0,20220101.0,174.15,0.0,0.0,1.0,0.0,1.0,3.0,
413.0,20230401.0,120.23,0.0,0.0,1.0,15.0,1.0,3.0,
413.0,20230301.0,160.63,0.0,0.0,1.0,14.0,1.0,3.0,
413.0,20230101.0,162.86,0.0,0.0,1.0,12.0,1.0,3.0,
413.0,20220501.0,176.38,0.0,0.0,1.0,4.0,1.0,3.0,
413.0,20230201.0,78.49,0.0,0.0,1.0,13.0,1.0,3.0,
413.0,20230101.0,187.44,0.0,0.0,1.0,12.0,1.0,3.0,
413.0,20220401.0,129.75,0.0,0.0,1.0,3.0,1.0,3.0,
413.0,20220601.0,170.06,0.0,0.0,1.0,5.0,1.0,3.0,
413.0,20230801.0,54.35,0.0,0.0,1.0,19.0,1.0,3.0,
413.0,20231201.0,106.77,0.0,0.0,1.0,23.0,1.0,3.0,
413.0,20221001.0,151.12,0.0,0.0,1.0,9.0,1.0,3.0,
413.0,20230501.0,176.2,0.0,0.0,1.0,16.0,1.0,3.0,
413.0,20230901.0,126.14,0.0,0.0,1.0,20.0,1.0,3.0,
413.0,20231101.0,60.1,0.0,0.0,1.0,22.0,1.0,3.0,
413.0,20230601.0,162.59,0.0,0.0,1.0,17.0,1.0,3.0,
413.0,20221201.0,92.67,0.0,0.0,1.0,11.0,1.0,3.0,
413.0,20220301.0,202.58,0.0,0.0,1.0,1.0,1.0,3.0,
413.0,20221101.0,148.73,0.0,0.0,1.0,10.0,1.0,3.0,
413.0,20220201.0,174.88,0.0,0.0,1.0,1.0,1.0,3.0,
413.0,20240101.0,0.0,0.0,0.0,1.0,24.0,1.0,3.0,
413.0,20220101.0,127.74,0.0,0.0,1.0,0.0,1.0,3.0,
413.0,20220901.0,146.95,0.0,0.0,1.0,8.0,1.0,3.0,
141.0,20250101.0,152.32,0.0,0.0,1.0,36.0,1.0,3.0,
141.0,20250101.0,145.83,0.0,0.0,1.0,36.0,1.0,3.0,
141.0,20231001.0,175.48,0.0,0.0,1.0,21.0,1.0,3.0,
141.0,20220101.0,155.85,0.0,0.0,1.0,0.0,1.0,3.0,
141.0,20230401.0,81.57,0.0,0.0,1.0,15.0,1.0,3.0,
141.0,20230301.0,161.89,0.0,0.0,1.0,14.0,1.0,3.0,
141.0,20250501.0,209.84,0.0,0.0,1.0,40.0,1.0,3.0,
141.0,20230101.0,157.82,0.0,0.0,1.0,12.0,1.0,3.0,
141.0,20240801.0,136.38,0.0,0.0,1.0,31.0,1.0,3.0,
141.0,20241101.0,164.09,0.0,0.0,1.0,34.0,1.0,3.0,
141.0,20220501.0,173.37,0.0,0.0,1.0,4.0,1.0,3.0,
141.0,20241001.0,204.15,0.0,0.0,1.0,33.0,1.0,3.0,
141.0,20240601.0,155.5,0.0,0.0,1.0,29.0,1.0,3.0,
141.0,20250301.0,143.76,0.0,0.0,1.0,38.0,1.0,3.0,
141.0,20230201.0,163.55,0.0,0.0,1.0,13.0,1.0,3.0,
141.0,20240201.0,176.84,0.0,0.0,1.0,25.0,1.0,3.0,
141.0,20230101.0,162.62,0.0,0.0,1.0,12.0,1.0,3.0,
141.0,20240301.0,88.31,0.0,0.0,1.0,26.0,1.0,3.0,
141.0,20220401.0,116.94,0.0,0.0,1.0,3.0,1.0,3.0,
141.0,20220601.0,169.53,0.0,0.0,1.0,5.0,1.0,3.0,
141.0,20241201.0,168.24,0.0,0.0,1.0,35.0,1.0,3.0,
141.0,20230801.0,97.69,0.0,0.0,1.0,19.0,1.0,3.0,
141.0,20240901.0,164.28,0.0,0.0,1.0,32.0,1.0,3.0,
141.0,20231201.0,150.0,0.0,0.0,1.0,23.0,1.0,3.0,
141.0,20221001.0,137.23,0.0,0.0,1.0,9.0,1.0,3.0,
141.0,20240101.0,178.05,0.0,0.0,1.0,24.0,1.0,3.0,
141.0,20230501.0,177.96,0.0,0.0,1.0,16.0,1.0,3.0,
141.0,20250601.0,152.88,0.0,0.0,1.0,41.0,1.0,3.0,
141.0,20230901.0,160.12,0.0,0.0,1.0,20.0,1.0,3.0,
141.0,20240401.0,146.74,0.0,0.0,1.0,27.0,1.0,3.0,
141.0,20231101.0,172.09,0.0,0.0,1.0,22.0,1.0,3.0,
141.0,20250201.0,180.62,0.0,0.0,1.0,37.0,1.0,3.0,
141.0,20230601.0,157.96,0.0,0.0,1.0,17.0,1.0,3.0,
141.0,20250401.0,199.01,0.0,0.0,1.0,39.0,1.0,3.0,
141.0,20221201.0,135.62,0.0,0.0,1.0,11.0,1.0,3.0,
141.0,20220301.0,196.43,0.0,0.0,1.0,1.0,1.0,3.0,
141.0,20221101.0,158.53,0.0,0.0,1.0,10.0,1.0,3.0,
141.0,20220201.0,162.75,0.0,0.0,1.0,1.0,1.0,3.0,
141.0,20240101.0,172.08,0.0,0.0,1.0,24.0,1.0,3.0,
141.0,20240501.0,142.59,0.0,0.0,1.0,28.0,1.0,3.0,
141.0,20220101.0,148.65,0.0,0.0,1.0,0.0,1.0,3.0,
141.0,20220901.0,184.45,0.0,0.0,1.0,8.0,1.0,3.0,
142.0,20250101.0,97.92,0.0,0.0,1.0,36.0,1.0,3.0,
142.0,20250101.0,0.0,0.0,0.0,1.0,36.0,1.0,3.0,
142.0,20231001.0,185.85,0.0,0.0,1.0,21.0,1.0,3.0,
142.0,20220101.0,121.25,0.0,0.0,1.0,0.0,1.0,3.0,
142.0,20230401.0,123.47,0.0,0.0,1.0,15.0,1.0,3.0,
142.0,20230301.0,160.88,0.0,0.0,1.0,14.0,1.0,3.0,
142.0,20250501.0,171.76,0.0,0.0,1.0,40.0,1.0,3.0,
142.0,20230101.0,160.3,0.0,0.0,1.0,12.0,1.0,3.0,
142.0,20240801.0,59.29,0.0,0.0,1.0,31.0,1.0,3.0,
142.0,20241101.0,179.13,0.0,0.0,1.0,34.0,1.0,3.0,
142.0,20220501.0,149.95,0.0,0.0,1.0,4.0,1.0,3.0,
142.0,20241001.0,207.72,0.0,0.0,1.0,33.0,1.0,3.0,
142.0,20240601.0,159.19,0.0,0.0,1.0,29.0,1.0,3.0,
142.0,20250301.0,126.17,0.0,0.0,1.0,38.0,1.0,3.0,
142.0,20230201.0,160.98,0.0,0.0,1.0,13.0,1.0,3.0,
142.0,20240201.0,189.17,0.0,0.0,1.0,25.0,1.0,3.0,
142.0,20230101.0,184.61,0.0,0.0,1.0,12.0,1.0,3.0,
142.0,20240301.0,135.87,0.0,0.0,1.0,26.0,1.0,3.0,
142.0,20220401.0,124.23,0.0,0.0,1.0,3.0,1.0,3.0,
142.0,20220601.0,157.52,0.0,0.0,1.0,5.0,1.0,3.0,
142.0,20241201.0,148.72,0.0,0.0,1.0,35.0,1.0,3.0,
142.0,20230801.0,81.74,0.0,0.0,1.0,19.0,1.0,3.0,
142.0,20240901.0,181.69,0.0,0.0,1.0,32.0,1.0,3.0,
142.0,20231201.0,132.93,0.0,0.0,1.0,23.0,1.0,3.0,
142.0,20221001.0,164.65,0.0,0.0,1.0,9.0,1.0,3.0,
142.0,20240101.0,203.49,0.0,0.0,1.0,24.0,1.0,3.0,
142.0,20230501.0,197.01,0.0,0.0,1.0,16.0,1.0,3.0,
142.0,20250601.0,60.17,0.0,0.0,1.0,41.0,1.0,3.0,
142.0,20230901.0,174.64,0.0,0.0,1.0,20.0,1.0,3.0,
142.0,20240401.0,153.89,0.0,0.0,1.0,27.0,1.0,3.0,
142.0,20231101.0,190.46,0.0,0.0,1.0,22.0,1.0,3.0,
142.0,20250201.0,171.34,0.0,0.0,1.0,37.0,1.0,3.0,
142.0,20230601.0,176.77,0.0,0.0,1.0,17.0,1.0,3.0,
142.0,20250401.0,169.82,0.0,0.0,1.0,39.0,1.0,3.0,
142.0,20221201.0,103.42,0.0,0.0,1.0,11.0,1.0,3.0,
142.0,20220301.0,182.43,0.0,0.0,1.0,1.0,1.0,3.0,
142.0,20221101.0,189.08,0.0,0.0,1.0,10.0,1.0,3.0,
142.0,20220201.0,159.78,0.0,0.0,1.0,1.0,1.0,3.0,
142.0,20240101.0,190.04,0.0,0.0,1.0,24.0,1.0,3.0,
142.0,20240501.0,197.85,0.0,0.0,1.0,28.0,1.0,3.0,
142.0,20220101.0,146.28,0.0,0.0,1.0,0.0,1.0,3.0,
142.0,20220901.0,195.83,0.0,0.0,1.0,8.0,1.0,3.0,
143.0,20250101.0,190.06,0.0,0.0,1.0,36.0,1.0,2.0,
143.0,20250101.0,96.06,0.0,0.0,1.0,36.0,1.0,2.0,
143.0,20231001.0,214.59,0.0,0.0,1.0,21.0,1.0,2.0,
143.0,20220101.0,172.38,0.0,0.0,1.0,0.0,1.0,2.0,
143.0,20230401.0,142.79,0.0,0.0,1.0,15.0,1.0,2.0,
143.0,20230301.0,201.68,0.0,0.0,1.0,14.0,1.0,2.0,
143.0,20250501.0,196.17,0.0,0.0,1.0,40.0,1.0,2.0,
143.0,20230101.0,209.26,0.0,0.0,1.0,12.0,1.0,2.0,
143.0,20240801.0,136.28,0.0,0.0,1.0,31.0,1.0,2.0,
143.0,20241101.0,195.76,0.0,0.0,1.0,34.0,1.0,2.0,
143.0,20220501.0,207.58,0.0,0.0,1.0,4.0,1.0,2.0,
143.0,20241001.0,207.32,0.0,0.0,1.0,33.0,1.0,2.0,
143.0,20240601.0,163.7,0.0,0.0,1.0,29.0,1.0,2.0,
143.0,20250301.0,86.65,0.0,0.0,1.0,38.0,1.0,2.0,
143.0,20230201.0,191.75,0.0,0.0,1.0,13.0,1.0,2.0,
143.0,20240201.0,180.78,0.0,0.0,1.0,25.0,1.0,2.0,
143.0,20230101.0,193.38,0.0,0.0,1.0,12.0,1.0,2.0,
143.0,20240301.0,160.27,0.0,0.0,1.0,26.0,1.0,2.0,
143.0,20220401.0,161.88,0.0,0.0,1.0,3.0,1.0,2.0,
143.0,20220601.0,204.06,0.0,0.0,1.0,5.0,1.0,2.0,
143.0,20241201.0,186.16,0.0,0.0,1.0,35.0,1.0,2.0,
143.0,20230801.0,149.78,0.0,0.0,1.0,19.0,1.0,2.0,
143.0,20240901.0,186.4,0.0,0.0,1.0,32.0,1.0,2.0,
143.0,20231201.0,191.07,0.0,0.0,1.0,23.0,1.0,2.0,
143.0,20221001.0,216.72,0.0,0.0,1.0,9.0,1.0,2.0,
143.0,20240101.0,191.73,0.0,0.0,1.0,24.0,1.0,2.0,
143.0,20230501.0,224.53,0.0,0.0,1.0,16.0,1.0,2.0,
143.0,20250601.0,183.8,0.0,0.0,1.0,41.0,1.0,2.0,
143.0,20230901.0,207.0,0.0,0.0,1.0,20.0,1.0,2.0,
143.0,20240401.0,171.48,0.0,0.0,1.0,27.0,1.0,2.0,
143.0,20231101.0,221.63,0.0,0.0,1.0,22.0,1.0,2.0,
143.0,20250201.0,184.68,0.0,0.0,1.0,37.0,1.0,2.0,
143.0,20230601.0,186.84,0.0,0.0,1.0,17.0,1.0,2.0,
143.0,20250401.0,184.02,0.0,0.0,1.0,39.0,1.0,2.0,
143.0,20221201.0,188.67,0.0,0.0,1.0,11.0,1.0,2.0,
143.0,20220301.0,229.02,0.0,0.0,1.0,1.0,1.0,2.0,
143.0,20221101.0,205.43,0.0,0.0,1.0,10.0,1.0,2.0,
143.0,20220201.0,200.04,0.0,0.0,1.0,1.0,1.0,2.0,
143.0,20240101.0,201.17,0.0,0.0,1.0,24.0,1.0,2.0,
143.0,20240501.0,202.91,0.0,0.0,1.0,28.0,1.0,2.0,
143.0,20220101.0,201.4,0.0,0.0,1.0,0.0,1.0,2.0,
143.0,20220901.0,229.88,0.0,0.0,1.0,8.0,1.0,2.0,
144.0,20250101.0,135.04,0.0,0.0,1.0,36.0,1.0,3.0,
144.0,20250101.0,132.98,0.0,0.0,1.0,36.0,1.0,3.0,
144.0,20231001.0,189.49,0.0,0.0,1.0,21.0,1.0,3.0,
144.0,20220101.0,145.82,0.0,0.0,1.0,0.0,1.0,3.0,
144.0,20230401.0,114.1,0.0,0.0,1.0,15.0,1.0,3.0,
144.0,20230301.0,177.16,0.0,0.0,1.0,14.0,1.0,3.0,
144.0,20250501.0,130.62,0.0,0.0,1.0,40.0,1.0,3.0,
144.0,20230101.0,179.17,0.0,0.0,1.0,12.0,1.0,3.0,
144.0,20240801.0,110.38,0.0,0.0,1.0,31.0,1.0,3.0,
144.0,20241101.0,182.31,0.0,0.0,1.0,34.0,1.0,3.0,
144.0,20220501.0,135.53,0.0,0.0,1.0,4.0,1.0,3.0,
144.0,20241001.0,214.55,0.0,0.0,1.0,33.0,1.0,3.0,
144.0,20240601.0,124.79,0.0,0.0,1.0,29.0,1.0,3.0,
144.0,20250301.0,117.17,0.0,0.0,1.0,38.0,1.0,3.0,
144.0,20230201.0,182.3,0.0,0.0,1.0,13.0,1.0,3.0,
144.0,20240201.0,155.04,0.0,0.0,1.0,25.0,1.0,3.0,
144.0,20230101.0,165.7,0.0,0.0,1.0,12.0,1.0,3.0,
144.0,20240301.0,130.9,0.0,0.0,1.0,26.0,1.0,3.0,
144.0,20220401.0,112.96,0.0,0.0,1.0,3.0,1.0,3.0,
144.0,20220601.0,171.17,0.0,0.0,1.0,5.0,1.0,3.0,
144.0,20241201.0,71.22,0.0,0.0,1.0,35.0,1.0,3.0,
144.0,20230801.0,79.73,0.0,0.0,1.0,19.0,1.0,3.0,
144.0,20240901.0,174.08,0.0,0.0,1.0,32.0,1.0,3.0,
144.0,20231201.0,153.81,0.0,0.0,1.0,23.0,1.0,3.0,
144.0,20221001.0,177.55,0.0,0.0,1.0,9.0,1.0,3.0,
144.0,20240101.0,118.95,0.0,0.0,1.0,24.0,1.0,3.0,
144.0,20230501.0,195.87,0.0,0.0,1.0,16.0,1.0,3.0,
144.0,20250601.0,174.39,0.0,0.0,1.0,41.0,1.0,3.0,
144.0,20230901.0,179.65,0.0,0.0,1.0,20.0,1.0,3.0,
144.0,20240401.0,71.98,0.0,0.0,1.0,27.0,1.0,3.0,
144.0,20231101.0,116.1,0.0,0.0,1.0,22.0,1.0,3.0,
144.0,20250201.0,177.48,0.0,0.0,1.0,37.0,1.0,3.0,
144.0,20230601.0,157.66,0.0,0.0,1.0,17.0,1.0,3.0,
144.0,20250401.0,193.63,0.0,0.0,1.0,39.0,1.0,3.0,
144.0,20221201.0,107.59,0.0,0.0,1.0,11.0,1.0,3.0,
144.0,20220301.0,157.46,0.0,0.0,1.0,1.0,1.0,3.0,
144.0,20221101.0,189.28,0.0,0.0,1.0,10.0,1.0,3.0,
144.0,20220201.0,175.58,0.0,0.0,1.0,1.0,1.0,3.0,
144.0,20240101.0,193.04,0.0,0.0,1.0,24.0,1.0,3.0,
144.0,20240501.0,189.1,0.0,0.0,1.0,28.0,1.0,3.0,
144.0,20220101.0,146.44,0.0,0.0,1.0,0.0,1.0,3.0,
144.0,20220901.0,178.7,0.0,0.0,1.0,8.0,1.0,3.0,
414.0,20231001.0,197.46,0.0,0.0,1.0,21.0,1.0,3.0,
414.0,20220101.0,161.34,0.0,0.0,1.0,0.0,1.0,3.0,
414.0,20230401.0,99.31,0.0,0.0,1.0,15.0,1.0,3.0,
414.0,20230301.0,167.66,0.0,0.0,1.0,14.0,1.0,3.0,
414.0,20230101.0,177.89,0.0,0.0,1.0,12.0,1.0,3.0,
414.0,20240801.0,24.65,0.0,0.0,1.0,31.0,1.0,3.0,
414.0,20220501.0,170.93,0.0,0.0,1.0,4.0,1.0,3.0,
414.0,20240601.0,186.19,0.0,0.0,1.0,29.0,1.0,3.0,
414.0,20230201.0,186.58,0.0,0.0,1.0,13.0,1.0,3.0,
414.0,20240201.0,179.56,0.0,0.0,1.0,25.0,1.0,3.0,
414.0,20230101.0,192.67,0.0,0.0,1.0,12.0,1.0,3.0,
414.0,20240301.0,148.9,0.0,0.0,1.0,26.0,1.0,3.0,
414.0,20220401.0,135.09,0.0,0.0,1.0,3.0,1.0,3.0,
414.0,20220601.0,185.13,0.0,0.0,1.0,5.0,1.0,3.0,
414.0,20230801.0,81.08,0.0,0.0,1.0,19.0,1.0,3.0,
414.0,20231201.0,132.19,0.0,0.0,1.0,23.0,1.0,3.0,
414.0,20221001.0,175.54,0.0,0.0,1.0,9.0,1.0,3.0,
414.0,20240101.0,206.15,0.0,0.0,1.0,24.0,1.0,3.0,
414.0,20230501.0,193.57,0.0,0.0,1.0,16.0,1.0,3.0,
414.0,20230901.0,174.23,0.0,0.0,1.0,20.0,1.0,3.0,
414.0,20240401.0,160.14,0.0,0.0,1.0,27.0,1.0,3.0,
414.0,20231101.0,192.82,0.0,0.0,1.0,22.0,1.0,3.0,
414.0,20230601.0,168.65,0.0,0.0,1.0,17.0,1.0,3.0,
414.0,20221201.0,110.22,0.0,0.0,1.0,11.0,1.0,3.0,
414.0,20220301.0,214.29,0.0,0.0,1.0,1.0,1.0,3.0,
414.0,20221101.0,189.01,0.0,0.0,1.0,10.0,1.0,3.0,
414.0,20220201.0,175.77,0.0,0.0,1.0,1.0,1.0,3.0,
414.0,20240101.0,189.39,0.0,0.0,1.0,24.0,1.0,3.0,
414.0,20240501.0,184.19,0.0,0.0,1.0,28.0,1.0,3.0,
414.0,20220101.0,188.58,0.0,0.0,1.0,0.0,1.0,3.0,
414.0,20220901.0,181.92,0.0,0.0,1.0,8.0,1.0,3.0,
145.0,20250101.0,165.62,0.0,0.0,1.0,36.0,1.0,22.0,
145.0,20250101.0,119.02,0.0,0.0,1.0,36.0,1.0,22.0,
145.0,20231001.0,188.27,0.0,0.0,1.0,21.0,1.0,22.0,
145.0,20220101.0,160.77,0.0,0.0,1.0,0.0,1.0,22.0,
145.0,20230401.0,112.31,0.0,0.0,1.0,15.0,1.0,22.0,
145.0,20230301.0,173.25,0.0,0.0,1.0,14.0,1.0,22.0,
145.0,20250501.0,181.45,0.0,0.0,1.0,40.0,1.0,22.0,
145.0,20230101.0,183.96,0.0,0.0,1.0,12.0,1.0,22.0,
145.0,20240801.0,111.22,0.0,0.0,1.0,31.0,1.0,22.0,
145.0,20241101.0,172.47,0.0,0.0,1.0,34.0,1.0,22.0,
145.0,20220501.0,139.69,0.0,0.0,1.0,4.0,1.0,22.0,
145.0,20241001.0,193.71,0.0,0.0,1.0,33.0,1.0,22.0,
145.0,20240601.0,147.1,0.0,0.0,1.0,29.0,1.0,22.0,
145.0,20250301.0,108.15,0.0,0.0,1.0,38.0,1.0,22.0,
145.0,20230201.0,173.61,0.0,0.0,1.0,13.0,1.0,22.0,
145.0,20240201.0,175.25,0.0,0.0,1.0,25.0,1.0,22.0,
145.0,20230101.0,123.71,0.0,0.0,1.0,12.0,1.0,22.0,
145.0,20240301.0,139.01,0.0,0.0,1.0,26.0,1.0,22.0,
145.0,20220401.0,114.07,0.0,0.0,1.0,3.0,1.0,22.0,
145.0,20220601.0,191.75,0.0,0.0,1.0,5.0,1.0,22.0,
145.0,20241201.0,175.87,0.0,0.0,1.0,35.0,1.0,22.0,
145.0,20230801.0,65.14,0.0,0.0,1.0,19.0,1.0,22.0,
145.0,20240901.0,181.35,0.0,0.0,1.0,32.0,1.0,22.0,
145.0,20231201.0,204.79,0.0,0.0,1.0,23.0,1.0,22.0,
145.0,20221001.0,137.42,0.0,0.0,1.0,9.0,1.0,22.0,
145.0,20240101.0,173.35,0.0,0.0,1.0,24.0,1.0,22.0,
145.0,20230501.0,185.8,0.0,0.0,1.0,16.0,1.0,22.0,
145.0,20250601.0,144.28,0.0,0.0,1.0,41.0,1.0,22.0,
145.0,20230901.0,168.05,0.0,0.0,1.0,20.0,1.0,22.0,
145.0,20240401.0,141.47,0.0,0.0,1.0,27.0,1.0,22.0,
145.0,20231101.0,177.58,0.0,0.0,1.0,22.0,1.0,22.0,
145.0,20250201.0,179.44,0.0,0.0,1.0,37.0,1.0,22.0,
145.0,20230601.0,157.43,0.0,0.0,1.0,17.0,1.0,22.0,
145.0,20250401.0,175.1,0.0,0.0,1.0,39.0,1.0,22.0,
145.0,20221201.0,178.35,0.0,0.0,1.0,11.0,1.0,22.0,
145.0,20220301.0,77.65,0.0,0.0,1.0,1.0,1.0,22.0,
145.0,20221101.0,204.06,0.0,0.0,1.0,10.0,1.0,22.0,
145.0,20220201.0,144.12,0.0,0.0,1.0,1.0,1.0,22.0,
145.0,20240101.0,183.07,0.0,0.0,1.0,24.0,1.0,22.0,
145.0,20240501.0,202.07,0.0,0.0,1.0,28.0,1.0,22.0,
145.0,20220101.0,161.96,0.0,0.0,1.0,0.0,1.0,22.0,
145.0,20220901.0,202.51,0.0,0.0,1.0,8.0,1.0,22.0,
490.0,20220101.0,174.97,0.0,0.0,1.0,0.0,1.0,12.0,
490.0,20230401.0,99.97,0.0,0.0,1.0,15.0,1.0,12.0,
490.0,20230301.0,166.77,0.0,0.0,1.0,14.0,1.0,12.0,
490.0,20230101.0,113.58,0.0,0.0,1.0,12.0,1.0,12.0,
490.0,20220501.0,141.82,0.0,0.0,1.0,4.0,1.0,12.0,
490.0,20230201.0,178.05,0.0,0.0,1.0,13.0,1.0,12.0,
490.0,20230101.0,156.43,0.0,0.0,1.0,12.0,1.0,12.0,
490.0,20220401.0,110.61,0.0,0.0,1.0,3.0,1.0,12.0,
490.0,20220601.0,148.21,0.0,0.0,1.0,5.0,1.0,12.0,
490.0,20230801.0,94.34,0.0,0.0,1.0,19.0,1.0,12.0,
490.0,20221001.0,151.18,0.0,0.0,1.0,9.0,1.0,12.0,
490.0,20230501.0,150.84,0.0,0.0,1.0,16.0,1.0,12.0,
490.0,20230901.0,99.94,0.0,0.0,1.0,20.0,1.0,12.0,
490.0,20230601.0,162.93,0.0,0.0,1.0,17.0,1.0,12.0,
490.0,20221201.0,125.47,0.0,0.0,1.0,11.0,1.0,12.0,
490.0,20220301.0,154.59,0.0,0.0,1.0,1.0,1.0,12.0,
490.0,20221101.0,123.23,0.0,0.0,1.0,10.0,1.0,12.0,
490.0,20220201.0,160.66,0.0,0.0,1.0,1.0,1.0,12.0,
490.0,20220101.0,88.49,0.0,0.0,1.0,0.0,1.0,12.0,
490.0,20220901.0,166.34,0.0,0.0,1.0,8.0,1.0,12.0,
146.0,20250101.0,177.39,0.0,0.0,1.0,36.0,1.0,22.0,
146.0,20250101.0,62.19,0.0,0.0,1.0,36.0,1.0,22.0,
146.0,20231001.0,187.93,0.0,0.0,1.0,21.0,1.0,22.0,
146.0,20220101.0,168.24,0.0,0.0,1.0,0.0,1.0,22.0,
146.0,20230401.0,113.16,0.0,0.0,1.0,15.0,1.0,22.0,
146.0,20230301.0,167.15,0.0,0.0,1.0,14.0,1.0,22.0,
146.0,20250501.0,151.86,0.0,0.0,1.0,40.0,1.0,22.0,
146.0,20230101.0,179.53,0.0,0.0,1.0,12.0,1.0,22.0,
146.0,20240801.0,142.94,0.0,0.0,1.0,31.0,1.0,22.0,
146.0,20241101.0,187.6,0.0,0.0,1.0,34.0,1.0,22.0,
146.0,20220501.0,171.2,0.0,0.0,1.0,4.0,1.0,22.0,
146.0,20241001.0,187.79,0.0,0.0,1.0,33.0,1.0,22.0,
146.0,20240601.0,160.56,0.0,0.0,1.0,29.0,1.0,22.0,
146.0,20250301.0,130.79,0.0,0.0,1.0,38.0,1.0,22.0,
146.0,20230201.0,162.94,0.0,0.0,1.0,13.0,1.0,22.0,
146.0,20240201.0,187.11,0.0,0.0,1.0,25.0,1.0,22.0,
146.0,20230101.0,173.38,0.0,0.0,1.0,12.0,1.0,22.0,
146.0,20240301.0,131.48,0.0,0.0,1.0,26.0,1.0,22.0,
146.0,20220401.0,119.77,0.0,0.0,1.0,3.0,1.0,22.0,
146.0,20220601.0,186.48,0.0,0.0,1.0,5.0,1.0,22.0,
146.0,20241201.0,172.12,0.0,0.0,1.0,35.0,1.0,22.0,
146.0,20230801.0,142.8,0.0,0.0,1.0,19.0,1.0,22.0,
146.0,20240901.0,180.5,0.0,0.0,1.0,32.0,1.0,22.0,
146.0,20231201.0,152.74,0.0,0.0,1.0,23.0,1.0,22.0,
146.0,20221001.0,175.57,0.0,0.0,1.0,9.0,1.0,22.0,
146.0,20240101.0,159.82,0.0,0.0,1.0,24.0,1.0,22.0,
146.0,20230501.0,199.22,0.0,0.0,1.0,16.0,1.0,22.0,
146.0,20250601.0,168.79,0.0,0.0,1.0,41.0,1.0,22.0,
146.0,20230901.0,166.91,0.0,0.0,1.0,20.0,1.0,22.0,
146.0,20240401.0,142.3,0.0,0.0,1.0,27.0,1.0,22.0,
146.0,20231101.0,176.44,0.0,0.0,1.0,22.0,1.0,22.0,
146.0,20250201.0,160.11,0.0,0.0,1.0,37.0,1.0,22.0,
146.0,20230601.0,161.4,0.0,0.0,1.0,17.0,1.0,22.0,
146.0,20250401.0,185.76,0.0,0.0,1.0,39.0,1.0,22.0,
146.0,20221201.0,183.6,0.0,0.0,1.0,11.0,1.0,22.0,
146.0,20220301.0,198.0,0.0,0.0,1.0,1.0,1.0,22.0,
146.0,20221101.0,181.58,0.0,0.0,1.0,10.0,1.0,22.0,
146.0,20220201.0,175.31,0.0,0.0,1.0,1.0,1.0,22.0,
146.0,20240101.0,187.62,0.0,0.0,1.0,24.0,1.0,22.0,
146.0,20240501.0,186.03,0.0,0.0,1.0,28.0,1.0,22.0,
146.0,20220101.0,181.93,0.0,0.0,1.0,0.0,1.0,22.0,
146.0,20220901.0,197.08,0.0,0.0,1.0,8.0,1.0,22.0,
605.0,20220201.0,27.58,0.0,0.0,1.0,1.0,5.0,22.0,
605.0,20220101.0,91.05,0.0,0.0,1.0,0.0,5.0,22.0,
147.0,20250101.0,199.57,0.0,0.0,1.0,36.0,1.0,11.0,
147.0,20250101.0,120.2,0.0,0.0,1.0,36.0,1.0,11.0,
147.0,20231001.0,193.12,0.0,0.0,1.0,21.0,1.0,11.0,
147.0,20220101.0,118.15,0.0,0.0,1.0,0.0,1.0,11.0,
147.0,20230401.0,114.69,0.0,0.0,1.0,15.0,1.0,11.0,
147.0,20230301.0,170.7,0.0,0.0,1.0,14.0,1.0,11.0,
147.0,20250501.0,173.0,0.0,0.0,1.0,40.0,1.0,11.0,
147.0,20230101.0,180.28,0.0,0.0,1.0,12.0,1.0,11.0,
147.0,20240801.0,174.99,0.0,0.0,1.0,31.0,1.0,11.0,
147.0,20241101.0,171.49,0.0,0.0,1.0,34.0,1.0,11.0,
147.0,20220501.0,173.53,0.0,0.0,1.0,4.0,1.0,11.0,
147.0,20241001.0,164.51,0.0,0.0,1.0,33.0,1.0,11.0,
147.0,20240601.0,142.92,0.0,0.0,1.0,29.0,1.0,11.0,
147.0,20250301.0,120.69,0.0,0.0,1.0,38.0,1.0,11.0,
147.0,20230201.0,154.56,0.0,0.0,1.0,13.0,1.0,11.0,
147.0,20240201.0,154.5,0.0,0.0,1.0,25.0,1.0,11.0,
147.0,20230101.0,159.98,0.0,0.0,1.0,12.0,1.0,11.0,
147.0,20240301.0,136.75,0.0,0.0,1.0,26.0,1.0,11.0,
147.0,20220401.0,116.68,0.0,0.0,1.0,3.0,1.0,11.0,
147.0,20220601.0,167.36,0.0,0.0,1.0,5.0,1.0,11.0,
147.0,20241201.0,170.63,0.0,0.0,1.0,35.0,1.0,11.0,
147.0,20230801.0,193.07,0.0,0.0,1.0,19.0,1.0,11.0,
147.0,20240901.0,173.97,0.0,0.0,1.0,32.0,1.0,11.0,
147.0,20231201.0,178.3,0.0,0.0,1.0,23.0,1.0,11.0,
147.0,20221001.0,173.0,0.0,0.0,1.0,9.0,1.0,11.0,
147.0,20240101.0,174.82,0.0,0.0,1.0,24.0,1.0,11.0,
147.0,20230501.0,186.31,0.0,0.0,1.0,16.0,1.0,11.0,
147.0,20250601.0,135.25,0.0,0.0,1.0,41.0,1.0,11.0,
147.0,20230901.0,175.93,0.0,0.0,1.0,20.0,1.0,11.0,
147.0,20240401.0,132.97,0.0,0.0,1.0,27.0,1.0,11.0,
147.0,20231101.0,193.46,0.0,0.0,1.0,22.0,1.0,11.0,
147.0,20250201.0,172.32,0.0,0.0,1.0,37.0,1.0,11.0,
147.0,20230601.0,169.47,0.0,0.0,1.0,17.0,1.0,11.0,
147.0,20250401.0,175.12,0.0,0.0,1.0,39.0,1.0,11.0,
147.0,20221201.0,188.51,0.0,0.0,1.0,11.0,1.0,11.0,
147.0,20220301.0,190.14,0.0,0.0,1.0,1.0,1.0,11.0,
147.0,20221101.0,175.1,0.0,0.0,1.0,10.0,1.0,11.0,
147.0,20220201.0,140.41,0.0,0.0,1.0,1.0,1.0,11.0,
147.0,20240101.0,189.43,0.0,0.0,1.0,24.0,1.0,11.0,
147.0,20240501.0,170.34,0.0,0.0,1.0,28.0,1.0,11.0,
147.0,20220101.0,157.06,0.0,0.0,1.0,0.0,1.0,11.0,
147.0,20220901.0,198.43,0.0,0.0,1.0,8.0,1.0,11.0,
148.0,20250101.0,160.75,0.0,0.0,1.0,36.0,1.0,10.0,
148.0,20250101.0,118.13,0.0,0.0,1.0,36.0,1.0,10.0,
148.0,20231001.0,196.34,0.0,0.0,1.0,21.0,1.0,10.0,
148.0,20220101.0,138.12,0.0,0.0,1.0,0.0,1.0,10.0,
148.0,20230401.0,133.37,0.0,0.0,1.0,15.0,1.0,10.0,
148.0,20230301.0,38.77,0.0,0.0,1.0,14.0,1.0,10.0,
148.0,20250501.0,185.48,0.0,0.0,1.0,40.0,1.0,10.0,
148.0,20230101.0,0.0,0.0,0.0,1.0,12.0,1.0,10.0,
148.0,20240801.0,137.1,0.0,0.0,1.0,31.0,1.0,10.0,
148.0,20241101.0,175.46,0.0,0.0,1.0,34.0,1.0,10.0,
148.0,20220501.0,169.27,0.0,0.0,1.0,4.0,1.0,10.0,
148.0,20241001.0,186.95,0.0,0.0,1.0,33.0,1.0,10.0,
148.0,20240601.0,0.0,0.0,0.0,1.0,29.0,1.0,10.0,
148.0,20250301.0,115.88,0.0,0.0,1.0,38.0,1.0,10.0,
148.0,20230201.0,9.1,0.0,0.0,1.0,13.0,1.0,10.0,
148.0,20240201.0,147.29,0.0,0.0,1.0,25.0,1.0,10.0,
148.0,20230101.0,143.48,0.0,0.0,1.0,12.0,1.0,10.0,
148.0,20240301.0,144.58,0.0,0.0,1.0,26.0,1.0,10.0,
148.0,20220401.0,125.86,0.0,0.0,1.0,3.0,1.0,10.0,
148.0,20220601.0,193.96,0.0,0.0,1.0,5.0,1.0,10.0,
148.0,20241201.0,165.25,0.0,0.0,1.0,35.0,1.0,10.0,
148.0,20230801.0,78.92,0.0,0.0,1.0,19.0,1.0,10.0,
148.0,20240901.0,170.51,0.0,0.0,1.0,32.0,1.0,10.0,
148.0,20231201.0,194.33,0.0,0.0,1.0,23.0,1.0,10.0,
148.0,20221001.0,181.14,0.0,0.0,1.0,9.0,1.0,10.0,
148.0,20240101.0,27.03,0.0,0.0,1.0,24.0,1.0,10.0,
148.0,20230501.0,164.49,0.0,0.0,1.0,16.0,1.0,10.0,
148.0,20250601.0,155.79,0.0,0.0,1.0,41.0,1.0,10.0,
148.0,20230901.0,183.17,0.0,0.0,1.0,20.0,1.0,10.0,
148.0,20240401.0,156.74,0.0,0.0,1.0,27.0,1.0,10.0,
148.0,20231101.0,186.15,0.0,0.0,1.0,22.0,1.0,10.0,
148.0,20250201.0,172.9,0.0,0.0,1.0,37.0,1.0,10.0,
148.0,20230601.0,160.58,0.0,0.0,1.0,17.0,1.0,10.0,
148.0,20250401.0,191.56,0.0,0.0,1.0,39.0,1.0,10.0,
148.0,20221201.0,30.33,0.0,0.0,1.0,11.0,1.0,10.0,
148.0,20220301.0,199.29,0.0,0.0,1.0,1.0,1.0,10.0,
148.0,20221101.0,201.06,0.0,0.0,1.0,10.0,1.0,10.0,
148.0,20220201.0,191.14,0.0,0.0,1.0,1.0,1.0,10.0,
148.0,20240101.0,183.75,0.0,0.0,1.0,24.0,1.0,10.0,
148.0,20240501.0,47.57,0.0,0.0,1.0,28.0,1.0,10.0,
148.0,20220101.0,186.0,0.0,0.0,1.0,0.0,1.0,10.0,
148.0,20220901.0,199.23,0.0,0.0,1.0,8.0,1.0,10.0,
149.0,20250101.0,0.0,0.0,0.0,1.0,36.0,1.0,8.0,
149.0,20231001.0,18.09,0.0,0.0,1.0,21.0,1.0,8.0,
149.0,20220101.0,170.65,0.0,0.0,1.0,0.0,1.0,8.0,
149.0,20230401.0,18.99,0.0,0.0,1.0,15.0,1.0,8.0,
149.0,20230301.0,40.74,0.0,0.0,1.0,14.0,1.0,8.0,
149.0,20250501.0,0.0,0.0,0.0,1.0,40.0,1.0,8.0,
149.0,20230101.0,67.26,0.0,0.0,1.0,12.0,1.0,8.0,
149.0,20240801.0,0.0,0.0,0.0,1.0,31.0,1.0,8.0,
149.0,20241101.0,0.0,0.0,0.0,1.0,34.0,1.0,8.0,
149.0,20220501.0,169.53,0.0,0.0,1.0,4.0,1.0,8.0,
149.0,20241001.0,0.0,0.0,0.0,1.0,33.0,1.0,8.0,
149.0,20240601.0,9.0,0.0,0.0,1.0,29.0,1.0,8.0,
149.0,20250301.0,0.0,0.0,0.0,1.0,38.0,1.0,8.0,
149.0,20230201.0,27.26,0.0,0.0,1.0,13.0,1.0,8.0,
149.0,20240201.0,0.0,0.0,0.0,1.0,25.0,1.0,8.0,
149.0,20230101.0,54.22,0.0,0.0,1.0,12.0,1.0,8.0,
149.0,20240301.0,0.0,0.0,0.0,1.0,26.0,1.0,8.0,
149.0,20220401.0,113.95,0.0,0.0,1.0,3.0,1.0,8.0,
149.0,20220601.0,188.86,0.0,0.0,1.0,5.0,1.0,8.0,
149.0,20241201.0,0.0,0.0,0.0,1.0,35.0,1.0,8.0,
149.0,20230801.0,84.38,0.0,0.0,1.0,19.0,1.0,8.0,
149.0,20240901.0,0.0,0.0,0.0,1.0,32.0,1.0,8.0,
149.0,20231201.0,0.0,0.0,0.0,1.0,23.0,1.0,8.0,
149.0,20221001.0,44.13,0.0,0.0,1.0,9.0,1.0,8.0,
149.0,20240101.0,0.0,0.0,0.0,1.0,24.0,1.0,8.0,
149.0,20230501.0,44.82,0.0,0.0,1.0,16.0,1.0,8.0,
149.0,20250601.0,0.0,0.0,0.0,1.0,41.0,1.0,8.0,
149.0,20230901.0,92.36,0.0,0.0,1.0,20.0,1.0,8.0,
149.0,20240401.0,0.0,0.0,0.0,1.0,27.0,1.0,8.0,
149.0,20231101.0,8.93,0.0,0.0,1.0,22.0,1.0,8.0,
149.0,20250201.0,0.0,0.0,0.0,1.0,37.0,1.0,8.0,
149.0,20230601.0,103.41,0.0,0.0,1.0,17.0,1.0,8.0,
149.0,20250401.0,0.0,0.0,0.0,1.0,39.0,1.0,8.0,
149.0,20221201.0,154.87,0.0,0.0,1.0,11.0,1.0,8.0,
149.0,20220301.0,198.67,0.0,0.0,1.0,1.0,1.0,8.0,
149.0,20221101.0,65.51,0.0,0.0,1.0,10.0,1.0,8.0,
149.0,20220201.0,168.01,0.0,0.0,1.0,1.0,1.0,8.0,
149.0,20240501.0,0.0,0.0,0.0,1.0,28.0,1.0,8.0,
149.0,20220101.0,143.06,0.0,0.0,1.0,0.0,1.0,8.0,
149.0,20220901.0,98.12,0.0,0.0,1.0,8.0,1.0,8.0,
150.0,20250101.0,184.5,0.0,0.0,1.0,36.0,1.0,22.0,
150.0,20250101.0,113.52,0.0,0.0,1.0,36.0,1.0,22.0,
150.0,20231001.0,190.76,0.0,0.0,1.0,21.0,1.0,22.0,
150.0,20220101.0,134.26,0.0,0.0,1.0,0.0,1.0,22.0,
150.0,20230401.0,138.33,0.0,0.0,1.0,15.0,1.0,22.0,
150.0,20230301.0,174.01,0.0,0.0,1.0,14.0,1.0,22.0,
150.0,20250501.0,50.51,0.0,0.0,1.0,40.0,1.0,22.0,
150.0,20230101.0,189.88,0.0,0.0,1.0,12.0,1.0,22.0,
150.0,20240801.0,176.27,0.0,0.0,1.0,31.0,1.0,22.0,
150.0,20241101.0,189.61,0.0,0.0,1.0,34.0,1.0,22.0,
150.0,20220501.0,171.25,0.0,0.0,1.0,4.0,1.0,22.0,
150.0,20241001.0,200.92,0.0,0.0,1.0,33.0,1.0,22.0,
150.0,20240601.0,178.69,0.0,0.0,1.0,29.0,1.0,22.0,
150.0,20250301.0,0.0,0.0,0.0,1.0,38.0,1.0,22.0,
150.0,20230201.0,153.97,0.0,0.0,1.0,13.0,1.0,22.0,
150.0,20240201.0,170.83,0.0,0.0,1.0,25.0,1.0,22.0,
150.0,20230101.0,171.85,0.0,0.0,1.0,12.0,1.0,22.0,
150.0,20240301.0,147.85,0.0,0.0,1.0,26.0,1.0,22.0,
150.0,20220401.0,133.88,0.0,0.0,1.0,3.0,1.0,22.0,
150.0,20220601.0,171.21,0.0,0.0,1.0,5.0,1.0,22.0,
150.0,20241201.0,179.95,0.0,0.0,1.0,35.0,1.0,22.0,
150.0,20230801.0,183.37,0.0,0.0,1.0,19.0,1.0,22.0,
150.0,20240901.0,138.41,0.0,0.0,1.0,32.0,1.0,22.0,
150.0,20231201.0,162.34,0.0,0.0,1.0,23.0,1.0,22.0,
150.0,20221001.0,180.03,0.0,0.0,1.0,9.0,1.0,22.0,
150.0,20240101.0,205.28,0.0,0.0,1.0,24.0,1.0,22.0,
150.0,20230501.0,155.04,0.0,0.0,1.0,16.0,1.0,22.0,
150.0,20250601.0,129.34,0.0,0.0,1.0,41.0,1.0,22.0,
150.0,20230901.0,184.49,0.0,0.0,1.0,20.0,1.0,22.0,
150.0,20240401.0,161.99,0.0,0.0,1.0,27.0,1.0,22.0,
150.0,20231101.0,184.44,0.0,0.0,1.0,22.0,1.0,22.0,
150.0,20250201.0,175.77,0.0,0.0,1.0,37.0,1.0,22.0,
150.0,20230601.0,144.03,0.0,0.0,1.0,17.0,1.0,22.0,
150.0,20250401.0,0.0,0.0,0.0,1.0,39.0,1.0,22.0,
150.0,20221201.0,162.29,0.0,0.0,1.0,11.0,1.0,22.0,
150.0,20220301.0,173.55,0.0,0.0,1.0,1.0,1.0,22.0,
150.0,20221101.0,191.58,0.0,0.0,1.0,10.0,1.0,22.0,
150.0,20220201.0,173.38,0.0,0.0,1.0,1.0,1.0,22.0,
150.0,20240101.0,182.46,0.0,0.0,1.0,24.0,1.0,22.0,
150.0,20240501.0,185.11,0.0,0.0,1.0,28.0,1.0,22.0,
150.0,20220101.0,163.63,0.0,0.0,1.0,0.0,1.0,22.0,
150.0,20220901.0,181.95,0.0,0.0,1.0,8.0,1.0,22.0,
491.0,20220101.0,137.86,0.0,0.0,1.0,0.0,1.0,22.0,
491.0,20230401.0,137.07,0.0,0.0,1.0,15.0,1.0,22.0,
491.0,20230301.0,145.41,0.0,0.0,1.0,14.0,1.0,22.0,
491.0,20230101.0,198.4,0.0,0.0,1.0,12.0,1.0,22.0,
491.0,20220501.0,157.79,0.0,0.0,1.0,4.0,1.0,22.0,
491.0,20230201.0,156.4,0.0,0.0,1.0,13.0,1.0,22.0,
491.0,20230101.0,0.0,0.0,0.0,1.0,12.0,1.0,22.0,
491.0,20220401.0,133.82,0.0,0.0,1.0,3.0,1.0,22.0,
491.0,20220601.0,182.2,0.0,0.0,1.0,5.0,1.0,22.0,
491.0,20221001.0,173.64,0.0,0.0,1.0,9.0,1.0,22.0,
491.0,20230501.0,192.82,0.0,0.0,1.0,16.0,1.0,22.0,
491.0,20230901.0,0.0,0.0,0.0,1.0,20.0,1.0,22.0,
491.0,20230601.0,160.38,0.0,0.0,1.0,17.0,1.0,22.0,
491.0,20221201.0,151.65,0.0,0.0,1.0,11.0,1.0,22.0,
491.0,20220301.0,66.35,0.0,0.0,1.0,1.0,1.0,22.0,
491.0,20221101.0,143.35,0.0,0.0,1.0,10.0,1.0,22.0,
491.0,20220201.0,178.13,0.0,0.0,1.0,1.0,1.0,22.0,
491.0,20220101.0,184.55,0.0,0.0,1.0,0.0,1.0,22.0,
491.0,20220901.0,180.18,0.0,0.0,1.0,8.0,1.0,22.0,
576.0,20220501.0,27.62,0.0,0.0,1.0,4.0,1.0,22.0,
576.0,20220401.0,120.08,0.0,0.0,1.0,3.0,1.0,22.0,
576.0,20220301.0,201.2,0.0,0.0,1.0,1.0,1.0,22.0,
576.0,20220201.0,174.58,0.0,0.0,1.0,1.0,1.0,22.0,
576.0,20220101.0,182.92,0.0,0.0,1.0,0.0,1.0,22.0,
151.0,20250101.0,203.68,0.0,0.0,1.0,36.0,1.0,2.0,
151.0,20250101.0,90.24,0.0,0.0,1.0,36.0,1.0,2.0,
151.0,20231001.0,204.82,0.0,0.0,1.0,21.0,1.0,2.0,
151.0,20220101.0,129.41,0.0,0.0,1.0,0.0,1.0,2.0,
151.0,20230401.0,145.19,0.0,0.0,1.0,15.0,1.0,2.0,
151.0,20230301.0,188.86,0.0,0.0,1.0,14.0,1.0,2.0,
151.0,20250501.0,199.01,0.0,0.0,1.0,40.0,1.0,2.0,
151.0,20230101.0,211.29,0.0,0.0,1.0,12.0,1.0,2.0,
151.0,20240801.0,201.44,0.0,0.0,1.0,31.0,1.0,2.0,
151.0,20241101.0,195.41,0.0,0.0,1.0,34.0,1.0,2.0,
151.0,20220501.0,193.11,0.0,0.0,1.0,4.0,1.0,2.0,
151.0,20241001.0,202.69,0.0,0.0,1.0,33.0,1.0,2.0,
151.0,20240601.0,156.79,0.0,0.0,1.0,29.0,1.0,2.0,
151.0,20250301.0,140.56,0.0,0.0,1.0,38.0,1.0,2.0,
151.0,20230201.0,198.3,0.0,0.0,1.0,13.0,1.0,2.0,
151.0,20240201.0,199.43,0.0,0.0,1.0,25.0,1.0,2.0,
151.0,20230101.0,136.55,0.0,0.0,1.0,12.0,1.0,2.0,
151.0,20240301.0,155.76,0.0,0.0,1.0,26.0,1.0,2.0,
151.0,20220401.0,164.73,0.0,0.0,1.0,3.0,1.0,2.0,
151.0,20220601.0,208.68,0.0,0.0,1.0,5.0,1.0,2.0,
151.0,20241201.0,166.22,0.0,0.0,1.0,35.0,1.0,2.0,
151.0,20230801.0,218.37,0.0,0.0,1.0,19.0,1.0,2.0,
151.0,20240901.0,199.2,0.0,0.0,1.0,32.0,1.0,2.0,
151.0,20231201.0,186.26,0.0,0.0,1.0,23.0,1.0,2.0,
151.0,20221001.0,199.1,0.0,0.0,1.0,9.0,1.0,2.0,
151.0,20240101.0,126.89,0.0,0.0,1.0,24.0,1.0,2.0,
151.0,20230501.0,220.34,0.0,0.0,1.0,16.0,1.0,2.0,
151.0,20250601.0,172.3,0.0,0.0,1.0,41.0,1.0,2.0,
151.0,20230901.0,184.42,0.0,0.0,1.0,20.0,1.0,2.0,
151.0,20240401.0,159.17,0.0,0.0,1.0,27.0,1.0,2.0,
151.0,20231101.0,200.33,0.0,0.0,1.0,22.0,1.0,2.0,
151.0,20250201.0,178.01,0.0,0.0,1.0,37.0,1.0,2.0,
151.0,20230601.0,182.65,0.0,0.0,1.0,17.0,1.0,2.0,
151.0,20250401.0,190.43,0.0,0.0,1.0,39.0,1.0,2.0,
151.0,20221201.0,202.5,0.0,0.0,1.0,11.0,1.0,2.0,
151.0,20220301.0,204.09,0.0,0.0,1.0,1.0,1.0,2.0,
151.0,20221101.0,209.49,0.0,0.0,1.0,10.0,1.0,2.0,
151.0,20220201.0,184.24,0.0,0.0,1.0,1.0,1.0,2.0,
151.0,20240101.0,190.23,0.0,0.0,1.0,24.0,1.0,2.0,
151.0,20240501.0,194.5,0.0,0.0,1.0,28.0,1.0,2.0,
151.0,20220101.0,180.8,0.0,0.0,1.0,0.0,1.0,2.0,
151.0,20220901.0,216.8,0.0,0.0,1.0,8.0,1.0,2.0,
152.0,20250101.0,192.67,0.0,0.0,1.0,36.0,1.0,1.0,
152.0,20250101.0,136.97,0.0,0.0,1.0,36.0,1.0,1.0,
152.0,20231001.0,191.99,0.0,0.0,1.0,21.0,1.0,1.0,
152.0,20220101.0,165.68,0.0,0.0,1.0,0.0,1.0,1.0,
152.0,20230401.0,133.52,0.0,0.0,1.0,15.0,1.0,1.0,
152.0,20230301.0,183.73,0.0,0.0,1.0,14.0,1.0,1.0,
152.0,20250501.0,200.51,0.0,0.0,1.0,40.0,1.0,1.0,
152.0,20230101.0,191.59,0.0,0.0,1.0,12.0,1.0,1.0,
152.0,20240801.0,105.94,0.0,0.0,1.0,31.0,1.0,1.0,
152.0,20241101.0,200.12,0.0,0.0,1.0,34.0,1.0,1.0,
152.0,20220501.0,167.81,0.0,0.0,1.0,4.0,1.0,1.0,
152.0,20241001.0,226.82,0.0,0.0,1.0,33.0,1.0,1.0,
152.0,20240601.0,182.52,0.0,0.0,1.0,29.0,1.0,1.0,
152.0,20250301.0,149.11,0.0,0.0,1.0,38.0,1.0,1.0,
152.0,20230201.0,181.93,0.0,0.0,1.0,13.0,1.0,1.0,
152.0,20240201.0,208.82,0.0,0.0,1.0,25.0,1.0,1.0,
152.0,20230101.0,193.25,0.0,0.0,1.0,12.0,1.0,1.0,
152.0,20240301.0,140.47,0.0,0.0,1.0,26.0,1.0,1.0,
152.0,20220401.0,126.3,0.0,0.0,1.0,3.0,1.0,1.0,
152.0,20220601.0,186.15,0.0,0.0,1.0,5.0,1.0,1.0,
152.0,20241201.0,163.92,0.0,0.0,1.0,35.0,1.0,1.0,
152.0,20230801.0,82.58,0.0,0.0,1.0,19.0,1.0,1.0,
152.0,20240901.0,200.66,0.0,0.0,1.0,32.0,1.0,1.0,
152.0,20231201.0,129.6,0.0,0.0,1.0,23.0,1.0,1.0,
152.0,20221001.0,177.24,0.0,0.0,1.0,9.0,1.0,1.0,
152.0,20240101.0,209.6,0.0,0.0,1.0,24.0,1.0,1.0,
152.0,20230501.0,191.22,0.0,0.0,1.0,16.0,1.0,1.0,
152.0,20250601.0,179.84,0.0,0.0,1.0,41.0,1.0,1.0,
152.0,20230901.0,191.78,0.0,0.0,1.0,20.0,1.0,1.0,
152.0,20240401.0,164.04,0.0,0.0,1.0,27.0,1.0,1.0,
152.0,20231101.0,201.11,0.0,0.0,1.0,22.0,1.0,1.0,
152.0,20250201.0,199.02,0.0,0.0,1.0,37.0,1.0,1.0,
152.0,20230601.0,178.39,0.0,0.0,1.0,17.0,1.0,1.0,
152.0,20250401.0,200.41,0.0,0.0,1.0,39.0,1.0,1.0,
152.0,20221201.0,137.41,0.0,0.0,1.0,11.0,1.0,1.0,
152.0,20220301.0,178.63,0.0,0.0,1.0,1.0,1.0,1.0,
152.0,20221101.0,172.29,0.0,0.0,1.0,10.0,1.0,1.0,
152.0,20220201.0,89.46,0.0,0.0,1.0,1.0,1.0,1.0,
152.0,20240101.0,201.15,0.0,0.0,1.0,24.0,1.0,1.0,
152.0,20240501.0,203.06,0.0,0.0,1.0,28.0,1.0,1.0,
152.0,20220101.0,0.0,0.0,0.0,1.0,0.0,1.0,1.0,
152.0,20220901.0,192.77,0.0,0.0,1.0,8.0,1.0,1.0,
153.0,20250101.0,190.65,0.0,0.0,1.0,36.0,1.0,3.0,
153.0,20250101.0,143.13,0.0,0.0,1.0,36.0,1.0,3.0,
153.0,20231001.0,205.18,0.0,0.0,1.0,21.0,1.0,3.0,
153.0,20220101.0,179.13,0.0,0.0,1.0,0.0,1.0,3.0,
153.0,20230401.0,131.7,0.0,0.0,1.0,15.0,1.0,3.0,
153.0,20230301.0,179.75,0.0,0.0,1.0,14.0,1.0,3.0,
153.0,20250501.0,207.95,0.0,0.0,1.0,40.0,1.0,3.0,
153.0,20230101.0,187.54,0.0,0.0,1.0,12.0,1.0,3.0,
153.0,20240801.0,90.37,0.0,0.0,1.0,31.0,1.0,3.0,
153.0,20241101.0,199.11,0.0,0.0,1.0,34.0,1.0,3.0,
153.0,20220501.0,185.92,0.0,0.0,1.0,4.0,1.0,3.0,
153.0,20241001.0,214.51,0.0,0.0,1.0,33.0,1.0,3.0,
153.0,20240601.0,173.25,0.0,0.0,1.0,29.0,1.0,3.0,
153.0,20250301.0,155.14,0.0,0.0,1.0,38.0,1.0,3.0,
153.0,20230201.0,160.74,0.0,0.0,1.0,13.0,1.0,3.0,
153.0,20240201.0,206.38,0.0,0.0,1.0,25.0,1.0,3.0,
153.0,20230101.0,177.32,0.0,0.0,1.0,12.0,1.0,3.0,
153.0,20240301.0,142.68,0.0,0.0,1.0,26.0,1.0,3.0,
153.0,20220401.0,138.56,0.0,0.0,1.0,3.0,1.0,3.0,
153.0,20220601.0,180.84,0.0,0.0,1.0,5.0,1.0,3.0,
153.0,20241201.0,165.06,0.0,0.0,1.0,35.0,1.0,3.0,
153.0,20230801.0,81.83,0.0,0.0,1.0,19.0,1.0,3.0,
153.0,20240901.0,199.43,0.0,0.0,1.0,32.0,1.0,3.0,
153.0,20231201.0,139.22,0.0,0.0,1.0,23.0,1.0,3.0,
153.0,20221001.0,186.21,0.0,0.0,1.0,9.0,1.0,3.0,
153.0,20240101.0,200.27,0.0,0.0,1.0,24.0,1.0,3.0,
153.0,20230501.0,190.46,0.0,0.0,1.0,16.0,1.0,3.0,
153.0,20250601.0,186.89,0.0,0.0,1.0,41.0,1.0,3.0,
153.0,20230901.0,190.4,0.0,0.0,1.0,20.0,1.0,3.0,
153.0,20240401.0,163.61,0.0,0.0,1.0,27.0,1.0,3.0,
153.0,20231101.0,191.02,0.0,0.0,1.0,22.0,1.0,3.0,
153.0,20250201.0,188.02,0.0,0.0,1.0,37.0,1.0,3.0,
153.0,20230601.0,169.4,0.0,0.0,1.0,17.0,1.0,3.0,
153.0,20250401.0,199.33,0.0,0.0,1.0,39.0,1.0,3.0,
153.0,20221201.0,126.24,0.0,0.0,1.0,11.0,1.0,3.0,
153.0,20220301.0,204.45,0.0,0.0,1.0,1.0,1.0,3.0,
153.0,20221101.0,195.18,0.0,0.0,1.0,10.0,1.0,3.0,
153.0,20220201.0,179.96,0.0,0.0,1.0,1.0,1.0,3.0,
153.0,20240101.0,196.95,0.0,0.0,1.0,24.0,1.0,3.0,
153.0,20240501.0,200.39,0.0,0.0,1.0,28.0,1.0,3.0,
153.0,20220101.0,151.94,0.0,0.0,1.0,0.0,1.0,3.0,
153.0,20220901.0,198.92,0.0,0.0,1.0,8.0,1.0,3.0,
154.0,20250101.0,194.59,0.0,0.0,1.0,36.0,1.0,3.0,
154.0,20250101.0,125.22,0.0,0.0,1.0,36.0,1.0,3.0,
154.0,20231001.0,169.01,0.0,0.0,1.0,21.0,1.0,3.0,
154.0,20220101.0,133.47,0.0,0.0,1.0,0.0,1.0,3.0,
154.0,20230401.0,0.0,0.0,0.0,1.0,15.0,1.0,3.0,
154.0,20230301.0,26.9,0.0,0.0,1.0,14.0,1.0,3.0,
154.0,20250501.0,200.34,0.0,0.0,1.0,40.0,1.0,3.0,
154.0,20230101.0,169.4,0.0,0.0,1.0,12.0,1.0,3.0,
154.0,20240801.0,107.04,0.0,0.0,1.0,31.0,1.0,3.0,
154.0,20241101.0,180.31,0.0,0.0,1.0,34.0,1.0,3.0,
154.0,20220501.0,167.26,0.0,0.0,1.0,4.0,1.0,3.0,
154.0,20241001.0,209.18,0.0,0.0,1.0,33.0,1.0,3.0,
154.0,20240601.0,168.58,0.0,0.0,1.0,29.0,1.0,3.0,
154.0,20250301.0,131.75,0.0,0.0,1.0,38.0,1.0,3.0,
154.0,20230201.0,160.93,0.0,0.0,1.0,13.0,1.0,3.0,
154.0,20240201.0,176.07,0.0,0.0,1.0,25.0,1.0,3.0,
154.0,20230101.0,150.59,0.0,0.0,1.0,12.0,1.0,3.0,
154.0,20240301.0,142.05,0.0,0.0,1.0,26.0,1.0,3.0,
154.0,20220401.0,134.19,0.0,0.0,1.0,3.0,1.0,3.0,
154.0,20220601.0,158.77,0.0,0.0,1.0,5.0,1.0,3.0,
154.0,20241201.0,152.98,0.0,0.0,1.0,35.0,1.0,3.0,
154.0,20230801.0,112.08,0.0,0.0,1.0,19.0,1.0,3.0,
154.0,20240901.0,179.66,0.0,0.0,1.0,32.0,1.0,3.0,
154.0,20231201.0,144.0,0.0,0.0,1.0,23.0,1.0,3.0,
154.0,20221001.0,167.84,0.0,0.0,1.0,9.0,1.0,3.0,
154.0,20240101.0,184.85,0.0,0.0,1.0,24.0,1.0,3.0,
154.0,20230501.0,0.0,0.0,0.0,1.0,16.0,1.0,3.0,
154.0,20250601.0,169.66,0.0,0.0,1.0,41.0,1.0,3.0,
154.0,20230901.0,148.08,0.0,0.0,1.0,20.0,1.0,3.0,
154.0,20240401.0,163.32,0.0,0.0,1.0,27.0,1.0,3.0,
154.0,20231101.0,125.11,0.0,0.0,1.0,22.0,1.0,3.0,
154.0,20250201.0,163.6,0.0,0.0,1.0,37.0,1.0,3.0,
154.0,20230601.0,0.0,0.0,0.0,1.0,17.0,1.0,3.0,
154.0,20250401.0,198.25,0.0,0.0,1.0,39.0,1.0,3.0,
154.0,20221201.0,146.98,0.0,0.0,1.0,11.0,1.0,3.0,
154.0,20220301.0,200.22,0.0,0.0,1.0,1.0,1.0,3.0,
154.0,20221101.0,174.04,0.0,0.0,1.0,10.0,1.0,3.0,
154.0,20220201.0,163.38,0.0,0.0,1.0,1.0,1.0,3.0,
154.0,20240101.0,176.99,0.0,0.0,1.0,24.0,1.0,3.0,
154.0,20240501.0,186.9,0.0,0.0,1.0,28.0,1.0,3.0,
154.0,20220101.0,131.64,0.0,0.0,1.0,0.0,1.0,3.0,
154.0,20220901.0,157.36,0.0,0.0,1.0,8.0,1.0,3.0,
155.0,20250101.0,186.4,0.0,0.0,1.0,36.0,1.0,1.0,
155.0,20250101.0,114.53,0.0,0.0,1.0,36.0,1.0,1.0,
155.0,20231001.0,197.23,0.0,0.0,1.0,21.0,1.0,1.0,
155.0,20220101.0,141.24,0.0,0.0,1.0,0.0,1.0,1.0,
155.0,20230401.0,131.62,0.0,0.0,1.0,15.0,1.0,1.0,
155.0,20230301.0,173.3,0.0,0.0,1.0,14.0,1.0,1.0,
155.0,20250501.0,183.01,0.0,0.0,1.0,40.0,1.0,1.0,
155.0,20230101.0,186.14,0.0,0.0,1.0,12.0,1.0,1.0,
155.0,20240801.0,89.16,0.0,0.0,1.0,31.0,1.0,1.0,
155.0,20241101.0,98.19,0.0,0.0,1.0,34.0,1.0,1.0,
155.0,20220501.0,187.2,0.0,0.0,1.0,4.0,1.0,1.0,
155.0,20241001.0,172.98,0.0,0.0,1.0,33.0,1.0,1.0,
155.0,20240601.0,170.21,0.0,0.0,1.0,29.0,1.0,1.0,
155.0,20250301.0,104.63,0.0,0.0,1.0,38.0,1.0,1.0,
155.0,20230201.0,175.82,0.0,0.0,1.0,13.0,1.0,1.0,
155.0,20240201.0,188.32,0.0,0.0,1.0,25.0,1.0,1.0,
155.0,20230101.0,168.1,0.0,0.0,1.0,12.0,1.0,1.0,
155.0,20240301.0,96.04,0.0,0.0,1.0,26.0,1.0,1.0,
155.0,20220401.0,137.12,0.0,0.0,1.0,3.0,1.0,1.0,
155.0,20220601.0,196.7,0.0,0.0,1.0,5.0,1.0,1.0,
155.0,20241201.0,158.38,0.0,0.0,1.0,35.0,1.0,1.0,
155.0,20230801.0,80.73,0.0,0.0,1.0,19.0,1.0,1.0,
155.0,20240901.0,188.22,0.0,0.0,1.0,32.0,1.0,1.0,
155.0,20231201.0,159.69,0.0,0.0,1.0,23.0,1.0,1.0,
155.0,20221001.0,186.25,0.0,0.0,1.0,9.0,1.0,1.0,
155.0,20240101.0,152.98,0.0,0.0,1.0,24.0,1.0,1.0,
155.0,20230501.0,195.5,0.0,0.0,1.0,16.0,1.0,1.0,
155.0,20250601.0,181.59,0.0,0.0,1.0,41.0,1.0,1.0,
155.0,20230901.0,176.15,0.0,0.0,1.0,20.0,1.0,1.0,
155.0,20240401.0,155.73,0.0,0.0,1.0,27.0,1.0,1.0,
155.0,20231101.0,198.26,0.0,0.0,1.0,22.0,1.0,1.0,
155.0,20250201.0,171.78,0.0,0.0,1.0,37.0,1.0,1.0,
155.0,20230601.0,167.08,0.0,0.0,1.0,17.0,1.0,1.0,
155.0,20250401.0,17.86,0.0,0.0,1.0,39.0,1.0,1.0,
155.0,20221201.0,142.64,0.0,0.0,1.0,11.0,1.0,1.0,
155.0,20220301.0,201.71,0.0,0.0,1.0,1.0,1.0,1.0,
155.0,20221101.0,193.93,0.0,0.0,1.0,10.0,1.0,1.0,
155.0,20220201.0,178.04,0.0,0.0,1.0,1.0,1.0,1.0,
155.0,20240101.0,196.09,0.0,0.0,1.0,24.0,1.0,1.0,
155.0,20240501.0,175.21,0.0,0.0,1.0,28.0,1.0,1.0,
155.0,20220101.0,178.53,0.0,0.0,1.0,0.0,1.0,1.0,
155.0,20220901.0,203.96,0.0,0.0,1.0,8.0,1.0,1.0,
156.0,20250101.0,183.8,0.0,0.0,1.0,36.0,1.0,3.0,
156.0,20250101.0,147.63,0.0,0.0,1.0,36.0,1.0,3.0,
156.0,20231001.0,218.03,0.0,0.0,1.0,21.0,1.0,3.0,
156.0,20220101.0,206.37,0.0,0.0,1.0,0.0,1.0,3.0,
156.0,20230401.0,8.92,0.0,0.0,1.0,15.0,1.0,3.0,
156.0,20230301.0,113.55,0.0,0.0,1.0,14.0,1.0,3.0,
156.0,20250501.0,224.47,0.0,0.0,1.0,40.0,1.0,3.0,
156.0,20230101.0,163.84,0.0,0.0,1.0,12.0,1.0,3.0,
156.0,20240801.0,97.55,0.0,0.0,1.0,31.0,1.0,3.0,
156.0,20241101.0,196.87,0.0,0.0,1.0,34.0,1.0,3.0,
156.0,20220501.0,170.64,0.0,0.0,1.0,4.0,1.0,3.0,
156.0,20241001.0,227.36,0.0,0.0,1.0,33.0,1.0,3.0,
156.0,20240601.0,17.88,0.0,0.0,1.0,29.0,1.0,3.0,
156.0,20250301.0,153.17,0.0,0.0,1.0,38.0,1.0,3.0,
156.0,20230201.0,172.07,0.0,0.0,1.0,13.0,1.0,3.0,
156.0,20240201.0,128.15,0.0,0.0,1.0,25.0,1.0,3.0,
156.0,20230101.0,191.82,0.0,0.0,1.0,12.0,1.0,3.0,
156.0,20240301.0,144.54,0.0,0.0,1.0,26.0,1.0,3.0,
156.0,20220401.0,132.42,0.0,0.0,1.0,3.0,1.0,3.0,
156.0,20220601.0,186.53,0.0,0.0,1.0,5.0,1.0,3.0,
156.0,20241201.0,101.49,0.0,0.0,1.0,35.0,1.0,3.0,
156.0,20230801.0,90.26,0.0,0.0,1.0,19.0,1.0,3.0,
156.0,20240901.0,173.58,0.0,0.0,1.0,32.0,1.0,3.0,
156.0,20231201.0,119.2,0.0,0.0,1.0,23.0,1.0,3.0,
156.0,20221001.0,196.8,0.0,0.0,1.0,9.0,1.0,3.0,
156.0,20240101.0,231.94,0.0,0.0,1.0,24.0,1.0,3.0,
156.0,20230501.0,161.48,0.0,0.0,1.0,16.0,1.0,3.0,
156.0,20250601.0,191.05,0.0,0.0,1.0,41.0,1.0,3.0,
156.0,20230901.0,198.83,0.0,0.0,1.0,20.0,1.0,3.0,
156.0,20240401.0,132.99,0.0,0.0,1.0,27.0,1.0,3.0,
156.0,20231101.0,177.23,0.0,0.0,1.0,22.0,1.0,3.0,
156.0,20250201.0,170.21,0.0,0.0,1.0,37.0,1.0,3.0,
156.0,20230601.0,152.63,0.0,0.0,1.0,17.0,1.0,3.0,
156.0,20250401.0,237.65,0.0,0.0,1.0,39.0,1.0,3.0,
156.0,20221201.0,124.03,0.0,0.0,1.0,11.0,1.0,3.0,
156.0,20220301.0,108.18,0.0,0.0,1.0,1.0,1.0,3.0,
156.0,20221101.0,189.31,0.0,0.0,1.0,10.0,1.0,3.0,
156.0,20220201.0,165.73,0.0,0.0,1.0,1.0,1.0,3.0,
156.0,20240101.0,173.5,0.0,0.0,1.0,24.0,1.0,3.0,
156.0,20240501.0,17.84,0.0,0.0,1.0,28.0,1.0,3.0,
156.0,20220101.0,165.72,0.0,0.0,1.0,0.0,1.0,3.0,
156.0,20220901.0,204.19,0.0,0.0,1.0,8.0,1.0,3.0,
157.0,20250101.0,186.29,0.0,0.0,1.0,36.0,1.0,11.0,
157.0,20250101.0,143.15,0.0,0.0,1.0,36.0,1.0,11.0,
157.0,20231001.0,186.49,0.0,0.0,1.0,21.0,1.0,11.0,
157.0,20220101.0,164.28,0.0,0.0,1.0,0.0,1.0,11.0,
157.0,20230401.0,116.52,0.0,0.0,1.0,15.0,1.0,11.0,
157.0,20230301.0,169.48,0.0,0.0,1.0,14.0,1.0,11.0,
157.0,20250501.0,173.5,0.0,0.0,1.0,40.0,1.0,11.0,
157.0,20230101.0,179.67,0.0,0.0,1.0,12.0,1.0,11.0,
157.0,20240801.0,168.89,0.0,0.0,1.0,31.0,1.0,11.0,
157.0,20241101.0,182.93,0.0,0.0,1.0,34.0,1.0,11.0,
157.0,20220501.0,174.99,0.0,0.0,1.0,4.0,1.0,11.0,
157.0,20241001.0,191.8,0.0,0.0,1.0,33.0,1.0,11.0,
157.0,20240601.0,155.2,0.0,0.0,1.0,29.0,1.0,11.0,
157.0,20250301.0,127.71,0.0,0.0,1.0,38.0,1.0,11.0,
157.0,20230201.0,150.8,0.0,0.0,1.0,13.0,1.0,11.0,
157.0,20240201.0,148.64,0.0,0.0,1.0,25.0,1.0,11.0,
157.0,20230101.0,131.57,0.0,0.0,1.0,12.0,1.0,11.0,
157.0,20240301.0,128.17,0.0,0.0,1.0,26.0,1.0,11.0,
157.0,20220401.0,135.3,0.0,0.0,1.0,3.0,1.0,11.0,
157.0,20220601.0,164.29,0.0,0.0,1.0,5.0,1.0,11.0,
157.0,20241201.0,162.56,0.0,0.0,1.0,35.0,1.0,11.0,
157.0,20230801.0,168.63,0.0,0.0,1.0,19.0,1.0,11.0,
157.0,20240901.0,199.45,0.0,0.0,1.0,32.0,1.0,11.0,
157.0,20231201.0,186.41,0.0,0.0,1.0,23.0,1.0,11.0,
157.0,20221001.0,168.94,0.0,0.0,1.0,9.0,1.0,11.0,
157.0,20240101.0,166.44,0.0,0.0,1.0,24.0,1.0,11.0,
157.0,20230501.0,170.74,0.0,0.0,1.0,16.0,1.0,11.0,
157.0,20250601.0,144.96,0.0,0.0,1.0,41.0,1.0,11.0,
157.0,20230901.0,157.18,0.0,0.0,1.0,20.0,1.0,11.0,
157.0,20240401.0,134.06,0.0,0.0,1.0,27.0,1.0,11.0,
157.0,20231101.0,180.18,0.0,0.0,1.0,22.0,1.0,11.0,
157.0,20250201.0,156.65,0.0,0.0,1.0,37.0,1.0,11.0,
157.0,20230601.0,165.94,0.0,0.0,1.0,17.0,1.0,11.0,
157.0,20250401.0,164.29,0.0,0.0,1.0,39.0,1.0,11.0,
157.0,20221201.0,203.71,0.0,0.0,1.0,11.0,1.0,11.0,
157.0,20220301.0,191.8,0.0,0.0,1.0,1.0,1.0,11.0,
157.0,20221101.0,183.45,0.0,0.0,1.0,10.0,1.0,11.0,
157.0,20220201.0,181.98,0.0,0.0,1.0,1.0,1.0,11.0,
157.0,20240101.0,178.69,0.0,0.0,1.0,24.0,1.0,11.0,
157.0,20240501.0,187.13,0.0,0.0,1.0,28.0,1.0,11.0,
157.0,20220101.0,167.48,0.0,0.0,1.0,0.0,1.0,11.0,
157.0,20220901.0,190.85,0.0,0.0,1.0,8.0,1.0,11.0,
415.0,20231001.0,198.0,0.0,0.0,1.0,21.0,3.0,14.0,
415.0,20220101.0,180.0,0.0,0.0,1.0,0.0,3.0,14.0,
415.0,20230401.0,129.5,0.0,0.0,1.0,15.0,3.0,14.0,
415.0,20230301.0,180.5,0.0,0.0,1.0,14.0,3.0,14.0,
415.0,20230101.0,189.0,0.0,0.0,1.0,12.0,3.0,14.0,
415.0,20220501.0,180.0,0.0,0.0,1.0,4.0,3.0,14.0,
415.0,20240601.0,144.0,0.0,0.0,1.0,29.0,3.0,14.0,
415.0,20230201.0,171.0,0.0,0.0,1.0,13.0,3.0,14.0,
415.0,20240201.0,189.0,0.0,0.0,1.0,25.0,3.0,14.0,
415.0,20230101.0,162.0,0.0,0.0,1.0,12.0,3.0,14.0,
415.0,20240301.0,138.5,0.0,0.0,1.0,26.0,3.0,14.0,
415.0,20220401.0,142.0,0.0,0.0,1.0,3.0,3.0,14.0,
415.0,20220601.0,198.0,0.0,0.0,1.0,5.0,3.0,14.0,
415.0,20230801.0,162.0,0.0,0.0,1.0,19.0,3.0,14.0,
415.0,20231201.0,135.0,0.0,0.0,1.0,23.0,3.0,14.0,
415.0,20221001.0,189.0,0.0,0.0,1.0,9.0,3.0,14.0,
415.0,20240101.0,126.0,0.0,0.0,1.0,24.0,3.0,14.0,
415.0,20230501.0,198.0,0.0,0.0,1.0,16.0,3.0,14.0,
415.0,20230901.0,180.0,0.0,0.0,1.0,20.0,3.0,14.0,
415.0,20240401.0,140.5,0.0,0.0,1.0,27.0,3.0,14.0,
415.0,20231101.0,198.0,0.0,0.0,1.0,22.0,3.0,14.0,
415.0,20230601.0,169.0,0.0,0.0,1.0,17.0,3.0,14.0,
415.0,20221201.0,117.0,0.0,0.0,1.0,11.0,3.0,14.0,
415.0,20220301.0,207.0,0.0,0.0,1.0,1.0,3.0,14.0,
415.0,20221101.0,198.0,0.0,0.0,1.0,10.0,3.0,14.0,
415.0,20220201.0,171.0,0.0,0.0,1.0,1.0,3.0,14.0,
415.0,20240101.0,162.0,0.0,0.0,1.0,24.0,3.0,14.0,
415.0,20240501.0,135.0,0.0,0.0,1.0,28.0,3.0,14.0,
415.0,20220101.0,144.0,0.0,0.0,1.0,0.0,3.0,14.0,
415.0,20220901.0,180.0,0.0,0.0,1.0,8.0,3.0,14.0,
158.0,20250101.0,180.0,0.0,0.0,1.0,36.0,3.0,13.0,
158.0,20250101.0,126.0,0.0,0.0,1.0,36.0,3.0,13.0,
158.0,20231001.0,189.0,0.0,0.0,1.0,21.0,3.0,13.0,
158.0,20220101.0,180.0,0.0,0.0,1.0,0.0,3.0,13.0,
158.0,20230401.0,129.5,0.0,0.0,1.0,15.0,3.0,13.0,
158.0,20230301.0,180.5,0.0,0.0,1.0,14.0,3.0,13.0,
158.0,20250501.0,180.0,0.0,0.0,1.0,40.0,3.0,13.0,
158.0,20230101.0,180.0,0.0,0.0,1.0,12.0,3.0,13.0,
158.0,20240801.0,108.0,0.0,0.0,1.0,31.0,3.0,13.0,
158.0,20241101.0,189.0,0.0,0.0,1.0,34.0,3.0,13.0,
158.0,20220501.0,180.0,0.0,0.0,1.0,4.0,3.0,13.0,
158.0,20241001.0,207.0,0.0,0.0,1.0,33.0,3.0,13.0,
158.0,20240601.0,171.0,0.0,0.0,1.0,29.0,3.0,13.0,
158.0,20250301.0,133.0,0.0,0.0,1.0,38.0,3.0,13.0,
158.0,20230201.0,180.0,0.0,0.0,1.0,13.0,3.0,13.0,
158.0,20240201.0,180.0,0.0,0.0,1.0,25.0,3.0,13.0,
158.0,20240301.0,145.0,0.0,0.0,1.0,26.0,3.0,13.0,
158.0,20220401.0,149.0,0.0,0.0,1.0,3.0,3.0,13.0,
158.0,20220601.0,135.0,0.0,0.0,1.0,5.0,3.0,13.0,
158.0,20241201.0,126.0,0.0,0.0,1.0,35.0,3.0,13.0,
158.0,20230801.0,126.0,0.0,0.0,1.0,19.0,3.0,13.0,
158.0,20240901.0,189.0,0.0,0.0,1.0,32.0,3.0,13.0,
158.0,20231201.0,144.0,0.0,0.0,1.0,23.0,3.0,13.0,
158.0,20221001.0,180.0,0.0,0.0,1.0,9.0,3.0,13.0,
158.0,20240101.0,189.0,0.0,0.0,1.0,24.0,3.0,13.0,
158.0,20230501.0,171.0,0.0,0.0,1.0,16.0,3.0,13.0,
158.0,20250601.0,177.0,0.0,0.0,1.0,41.0,3.0,13.0,
158.0,20230901.0,180.0,0.0,0.0,1.0,20.0,3.0,13.0,
158.0,20240401.0,140.5,0.0,0.0,1.0,27.0,3.0,13.0,
158.0,20231101.0,198.0,0.0,0.0,1.0,22.0,3.0,13.0,
158.0,20250201.0,180.0,0.0,0.0,1.0,37.0,3.0,13.0,
158.0,20230601.0,169.0,0.0,0.0,1.0,17.0,3.0,13.0,
158.0,20250401.0,189.0,0.0,0.0,1.0,39.0,3.0,13.0,
158.0,20221201.0,126.0,0.0,0.0,1.0,11.0,3.0,13.0,
158.0,20220301.0,207.0,0.0,0.0,1.0,1.0,3.0,13.0,
158.0,20221101.0,198.0,0.0,0.0,1.0,10.0,3.0,13.0,
158.0,20220201.0,180.0,0.0,0.0,1.0,1.0,3.0,13.0,
158.0,20240101.0,162.0,0.0,0.0,1.0,24.0,3.0,13.0,
158.0,20240501.0,171.0,0.0,0.0,1.0,28.0,3.0,13.0,
158.0,20220101.0,153.0,0.0,0.0,1.0,0.0,3.0,13.0,
158.0,20220901.0,180.0,0.0,0.0,1.0,8.0,3.0,13.0,
159.0,20250101.0,162.71,0.0,0.0,1.0,36.0,2.0,22.0,
159.0,20250101.0,115.28,0.0,0.0,1.0,36.0,2.0,22.0,
159.0,20231001.0,169.71,0.0,0.0,1.0,21.0,2.0,22.0,
159.0,20220101.0,166.7,0.0,0.0,1.0,0.0,2.0,22.0,
159.0,20230401.0,131.93,0.0,0.0,1.0,15.0,2.0,22.0,
159.0,20230301.0,158.36,0.0,0.0,1.0,14.0,2.0,22.0,
159.0,20250501.0,179.32,0.0,0.0,1.0,40.0,2.0,22.0,
159.0,20230101.0,180.87,0.0,0.0,1.0,12.0,2.0,22.0,
159.0,20240801.0,151.85,0.0,0.0,1.0,31.0,2.0,22.0,
159.0,20241101.0,203.36,0.0,0.0,1.0,34.0,2.0,22.0,
159.0,20220501.0,161.73,0.0,0.0,1.0,4.0,2.0,22.0,
159.0,20241001.0,170.66,0.0,0.0,1.0,33.0,2.0,22.0,
159.0,20240601.0,160.79,0.0,0.0,1.0,29.0,2.0,22.0,
159.0,20250301.0,116.04,0.0,0.0,1.0,38.0,2.0,22.0,
159.0,20230201.0,92.71,0.0,0.0,1.0,13.0,2.0,22.0,
159.0,20240201.0,167.48,0.0,0.0,1.0,25.0,2.0,22.0,
159.0,20230101.0,173.32,0.0,0.0,1.0,12.0,2.0,22.0,
159.0,20240301.0,134.01,0.0,0.0,1.0,26.0,2.0,22.0,
159.0,20220401.0,139.15,0.0,0.0,1.0,3.0,2.0,22.0,
159.0,20220601.0,172.75,0.0,0.0,1.0,5.0,2.0,22.0,
159.0,20241201.0,120.53,0.0,0.0,1.0,35.0,2.0,22.0,
159.0,20230801.0,117.5,0.0,0.0,1.0,19.0,2.0,22.0,
159.0,20240901.0,134.07,0.0,0.0,1.0,32.0,2.0,22.0,
159.0,20231201.0,194.91,0.0,0.0,1.0,23.0,2.0,22.0,
159.0,20221001.0,161.38,0.0,0.0,1.0,9.0,2.0,22.0,
159.0,20240101.0,197.79,0.0,0.0,1.0,24.0,2.0,22.0,
159.0,20230501.0,178.18,0.0,0.0,1.0,16.0,2.0,22.0,
159.0,20250601.0,170.86,0.0,0.0,1.0,41.0,2.0,22.0,
159.0,20230901.0,131.86,0.0,0.0,1.0,20.0,2.0,22.0,
159.0,20240401.0,117.68,0.0,0.0,1.0,27.0,2.0,22.0,
159.0,20231101.0,169.37,0.0,0.0,1.0,22.0,2.0,22.0,
159.0,20250201.0,142.47,0.0,0.0,1.0,37.0,2.0,22.0,
159.0,20230601.0,175.39,0.0,0.0,1.0,17.0,2.0,22.0,
159.0,20250401.0,166.99,0.0,0.0,1.0,39.0,2.0,22.0,
159.0,20221201.0,180.61,0.0,0.0,1.0,11.0,2.0,22.0,
159.0,20220301.0,164.51,0.0,0.0,1.0,1.0,2.0,22.0,
159.0,20221101.0,192.41,0.0,0.0,1.0,10.0,2.0,22.0,
159.0,20220201.0,158.96,0.0,0.0,1.0,1.0,2.0,22.0,
159.0,20240101.0,185.58,0.0,0.0,1.0,24.0,2.0,22.0,
159.0,20240501.0,119.19,0.0,0.0,1.0,28.0,2.0,22.0,
159.0,20220101.0,173.26,0.0,0.0,1.0,0.0,2.0,22.0,
159.0,20220901.0,193.01,0.0,0.0,1.0,8.0,2.0,22.0,
611.0,20220101.0,67.45,0.0,0.0,1.0,0.0,2.0,22.0,
492.0,20220101.0,160.45,0.0,0.0,1.0,0.0,1.0,2.0,
492.0,20230401.0,133.12,0.0,0.0,1.0,15.0,1.0,2.0,
492.0,20230301.0,182.16,0.0,0.0,1.0,14.0,1.0,2.0,
492.0,20230101.0,194.31,0.0,0.0,1.0,12.0,1.0,2.0,
492.0,20220501.0,183.17,0.0,0.0,1.0,4.0,1.0,2.0,
492.0,20230201.0,176.25,0.0,0.0,1.0,13.0,1.0,2.0,
492.0,20230101.0,167.25,0.0,0.0,1.0,12.0,1.0,2.0,
492.0,20220401.0,137.45,0.0,0.0,1.0,3.0,1.0,2.0,
492.0,20220601.0,197.04,0.0,0.0,1.0,5.0,1.0,2.0,
492.0,20230801.0,62.35,0.0,0.0,1.0,19.0,1.0,2.0,
492.0,20221001.0,189.41,0.0,0.0,1.0,9.0,1.0,2.0,
492.0,20230501.0,207.36,0.0,0.0,1.0,16.0,1.0,2.0,
492.0,20230901.0,0.0,0.0,0.0,1.0,20.0,1.0,2.0,
492.0,20230601.0,178.21,0.0,0.0,1.0,17.0,1.0,2.0,
492.0,20221201.0,187.83,0.0,0.0,1.0,11.0,1.0,2.0,
492.0,20220301.0,210.29,0.0,0.0,1.0,1.0,1.0,2.0,
492.0,20221101.0,207.67,0.0,0.0,1.0,10.0,1.0,2.0,
492.0,20220201.0,177.04,0.0,0.0,1.0,1.0,1.0,2.0,
492.0,20220101.0,138.77,0.0,0.0,1.0,0.0,1.0,2.0,
492.0,20220901.0,203.72,0.0,0.0,1.0,8.0,1.0,2.0,
160.0,20250101.0,181.43,0.0,0.0,1.0,36.0,1.0,3.0,
160.0,20250101.0,108.36,0.0,0.0,1.0,36.0,1.0,3.0,
160.0,20231001.0,196.89,0.0,0.0,1.0,21.0,1.0,3.0,
160.0,20220101.0,133.23,0.0,0.0,1.0,0.0,1.0,3.0,
160.0,20230401.0,128.25,0.0,0.0,1.0,15.0,1.0,3.0,
160.0,20230301.0,169.24,0.0,0.0,1.0,14.0,1.0,3.0,
160.0,20250501.0,197.06,0.0,0.0,1.0,40.0,1.0,3.0,
160.0,20230101.0,176.49,0.0,0.0,1.0,12.0,1.0,3.0,
160.0,20240801.0,71.19,0.0,0.0,1.0,31.0,1.0,3.0,
160.0,20241101.0,206.24,0.0,0.0,1.0,34.0,1.0,3.0,
160.0,20220501.0,177.03,0.0,0.0,1.0,4.0,1.0,3.0,
160.0,20241001.0,197.45,0.0,0.0,1.0,33.0,1.0,3.0,
160.0,20240601.0,182.05,0.0,0.0,1.0,29.0,1.0,3.0,
160.0,20250301.0,140.49,0.0,0.0,1.0,38.0,1.0,3.0,
160.0,20230201.0,152.06,0.0,0.0,1.0,13.0,1.0,3.0,
160.0,20240201.0,170.81,0.0,0.0,1.0,25.0,1.0,3.0,
160.0,20230101.0,172.79,0.0,0.0,1.0,12.0,1.0,3.0,
160.0,20240301.0,135.79,0.0,0.0,1.0,26.0,1.0,3.0,
160.0,20220401.0,105.04,0.0,0.0,1.0,3.0,1.0,3.0,
160.0,20220601.0,189.17,0.0,0.0,1.0,5.0,1.0,3.0,
160.0,20241201.0,112.63,0.0,0.0,1.0,35.0,1.0,3.0,
160.0,20230801.0,63.15,0.0,0.0,1.0,19.0,1.0,3.0,
160.0,20240901.0,199.33,0.0,0.0,1.0,32.0,1.0,3.0,
160.0,20231201.0,124.97,0.0,0.0,1.0,23.0,1.0,3.0,
160.0,20221001.0,157.85,0.0,0.0,1.0,9.0,1.0,3.0,
160.0,20240101.0,196.62,0.0,0.0,1.0,24.0,1.0,3.0,
160.0,20230501.0,169.65,0.0,0.0,1.0,16.0,1.0,3.0,
160.0,20250601.0,179.04,0.0,0.0,1.0,41.0,1.0,3.0,
160.0,20230901.0,179.5,0.0,0.0,1.0,20.0,1.0,3.0,
160.0,20240401.0,76.98,0.0,0.0,1.0,27.0,1.0,3.0,
160.0,20231101.0,190.27,0.0,0.0,1.0,22.0,1.0,3.0,
160.0,20250201.0,195.31,0.0,0.0,1.0,37.0,1.0,3.0,
160.0,20230601.0,159.88,0.0,0.0,1.0,17.0,1.0,3.0,
160.0,20250401.0,198.05,0.0,0.0,1.0,39.0,1.0,3.0,
160.0,20221201.0,127.93,0.0,0.0,1.0,11.0,1.0,3.0,
160.0,20220301.0,142.0,0.0,0.0,1.0,1.0,1.0,3.0,
160.0,20221101.0,178.16,0.0,0.0,1.0,10.0,1.0,3.0,
160.0,20220201.0,187.41,0.0,0.0,1.0,1.0,1.0,3.0,
160.0,20240101.0,187.63,0.0,0.0,1.0,24.0,1.0,3.0,
160.0,20240501.0,191.08,0.0,0.0,1.0,28.0,1.0,3.0,
160.0,20220101.0,135.05,0.0,0.0,1.0,0.0,1.0,3.0,
160.0,20220901.0,197.36,0.0,0.0,1.0,8.0,1.0,3.0,
416.0,20231001.0,188.48,0.0,0.0,1.0,21.0,1.0,22.0,
416.0,20220101.0,172.13,0.0,0.0,1.0,0.0,1.0,22.0,
416.0,20230401.0,137.81,0.0,0.0,1.0,15.0,1.0,22.0,
416.0,20230301.0,188.0,0.0,0.0,1.0,14.0,1.0,22.0,
416.0,20230101.0,203.92,0.0,0.0,1.0,12.0,1.0,22.0,
416.0,20240801.0,91.15,0.0,0.0,1.0,31.0,1.0,22.0,
416.0,20241101.0,91.46,0.0,0.0,1.0,34.0,1.0,22.0,
416.0,20220501.0,167.01,0.0,0.0,1.0,4.0,1.0,22.0,
416.0,20241001.0,162.39,0.0,0.0,1.0,33.0,1.0,22.0,
416.0,20240601.0,176.46,0.0,0.0,1.0,29.0,1.0,22.0,
416.0,20230201.0,174.57,0.0,0.0,1.0,13.0,1.0,22.0,
416.0,20240201.0,176.15,0.0,0.0,1.0,25.0,1.0,22.0,
416.0,20230101.0,195.01,0.0,0.0,1.0,12.0,1.0,22.0,
416.0,20240301.0,139.74,0.0,0.0,1.0,26.0,1.0,22.0,
416.0,20220401.0,145.12,0.0,0.0,1.0,3.0,1.0,22.0,
416.0,20220601.0,199.84,0.0,0.0,1.0,5.0,1.0,22.0,
416.0,20230801.0,102.34,0.0,0.0,1.0,19.0,1.0,22.0,
416.0,20240901.0,180.1,0.0,0.0,1.0,32.0,1.0,22.0,
416.0,20231201.0,163.37,0.0,0.0,1.0,23.0,1.0,22.0,
416.0,20221001.0,183.14,0.0,0.0,1.0,9.0,1.0,22.0,
416.0,20240101.0,182.79,0.0,0.0,1.0,24.0,1.0,22.0,
416.0,20230501.0,202.71,0.0,0.0,1.0,16.0,1.0,22.0,
416.0,20230901.0,185.79,0.0,0.0,1.0,20.0,1.0,22.0,
416.0,20240401.0,136.84,0.0,0.0,1.0,27.0,1.0,22.0,
416.0,20231101.0,185.69,0.0,0.0,1.0,22.0,1.0,22.0,
416.0,20230601.0,182.94,0.0,0.0,1.0,17.0,1.0,22.0,
416.0,20221201.0,148.02,0.0,0.0,1.0,11.0,1.0,22.0,
416.0,20220301.0,204.71,0.0,0.0,1.0,1.0,1.0,22.0,
416.0,20221101.0,204.21,0.0,0.0,1.0,10.0,1.0,22.0,
416.0,20220201.0,194.91,0.0,0.0,1.0,1.0,1.0,22.0,
416.0,20240101.0,198.62,0.0,0.0,1.0,24.0,1.0,22.0,
416.0,20240501.0,187.26,0.0,0.0,1.0,28.0,1.0,22.0,
416.0,20220101.0,195.17,0.0,0.0,1.0,0.0,1.0,22.0,
416.0,20220901.0,185.02,0.0,0.0,1.0,8.0,1.0,22.0,
161.0,20250101.0,198.0,0.0,0.0,1.0,36.0,2.0,16.0,
161.0,20250101.0,126.0,0.0,0.0,1.0,36.0,2.0,16.0,
161.0,20231001.0,189.0,0.0,0.0,1.0,21.0,2.0,16.0,
161.0,20220101.0,180.0,0.0,0.0,1.0,0.0,2.0,16.0,
161.0,20230401.0,133.5,0.0,0.0,1.0,15.0,2.0,16.0,
161.0,20230301.0,180.5,0.0,0.0,1.0,14.0,2.0,16.0,
161.0,20250501.0,189.0,0.0,0.0,1.0,40.0,2.0,16.0,
161.0,20230101.0,198.0,0.0,0.0,1.0,12.0,2.0,16.0,
161.0,20240801.0,162.0,0.0,0.0,1.0,31.0,2.0,16.0,
161.0,20241101.0,189.0,0.0,0.0,1.0,34.0,2.0,16.0,
161.0,20220501.0,189.0,0.0,0.0,1.0,4.0,2.0,16.0,
161.0,20241001.0,207.0,0.0,0.0,1.0,33.0,2.0,16.0,
161.0,20240601.0,144.0,0.0,0.0,1.0,29.0,2.0,16.0,
161.0,20250301.0,133.0,0.0,0.0,1.0,38.0,2.0,16.0,
161.0,20230201.0,180.0,0.0,0.0,1.0,13.0,2.0,16.0,
161.0,20240201.0,189.0,0.0,0.0,1.0,25.0,2.0,16.0,
161.0,20230101.0,153.0,0.0,0.0,1.0,12.0,2.0,16.0,
161.0,20240301.0,132.0,0.0,0.0,1.0,26.0,2.0,16.0,
161.0,20220401.0,139.0,0.0,0.0,1.0,3.0,2.0,16.0,
161.0,20220601.0,198.0,0.0,0.0,1.0,5.0,2.0,16.0,
161.0,20241201.0,184.5,0.0,0.0,1.0,35.0,2.0,16.0,
161.0,20230801.0,171.0,0.0,0.0,1.0,19.0,2.0,16.0,
161.0,20240901.0,189.0,0.0,0.0,1.0,32.0,2.0,16.0,
161.0,20231201.0,185.5,0.0,0.0,1.0,23.0,2.0,16.0,
161.0,20221001.0,189.0,0.0,0.0,1.0,9.0,2.0,16.0,
161.0,20240101.0,162.0,0.0,0.0,1.0,24.0,2.0,16.0,
161.0,20230501.0,198.0,0.0,0.0,1.0,16.0,2.0,16.0,
161.0,20250601.0,177.0,0.0,0.0,1.0,41.0,2.0,16.0,
161.0,20230901.0,175.5,0.0,0.0,1.0,20.0,2.0,16.0,
161.0,20240401.0,162.5,0.0,0.0,1.0,27.0,2.0,16.0,
161.0,20231101.0,198.0,0.0,0.0,1.0,22.0,2.0,16.0,
161.0,20250201.0,180.0,0.0,0.0,1.0,37.0,2.0,16.0,
161.0,20230601.0,169.0,0.0,0.0,1.0,17.0,2.0,16.0,
161.0,20250401.0,189.0,0.0,0.0,1.0,39.0,2.0,16.0,
161.0,20221201.0,193.0,0.0,0.0,1.0,11.0,2.0,16.0,
161.0,20220301.0,207.0,0.0,0.0,1.0,1.0,2.0,16.0,
161.0,20221101.0,198.0,0.0,0.0,1.0,10.0,2.0,16.0,
161.0,20220201.0,180.0,0.0,0.0,1.0,1.0,2.0,16.0,
161.0,20240101.0,198.0,0.0,0.0,1.0,24.0,2.0,16.0,
161.0,20240501.0,198.0,0.0,0.0,1.0,28.0,2.0,16.0,
161.0,20220101.0,189.0,0.0,0.0,1.0,0.0,2.0,16.0,
161.0,20220901.0,198.0,0.0,0.0,1.0,8.0,2.0,16.0,
162.0,20250101.0,198.0,0.0,0.0,1.0,36.0,5.0,22.0,
162.0,20250101.0,126.0,0.0,0.0,1.0,36.0,5.0,22.0,
162.0,20231001.0,183.43,0.0,0.0,1.0,21.0,5.0,22.0,
162.0,20220101.0,146.04,0.0,0.0,1.0,0.0,5.0,22.0,
162.0,20230401.0,113.08,0.0,0.0,1.0,15.0,5.0,22.0,
162.0,20230301.0,116.96,0.0,0.0,1.0,14.0,5.0,22.0,
162.0,20250501.0,153.08,0.0,0.0,1.0,40.0,5.0,22.0,
162.0,20230101.0,194.95,0.0,0.0,1.0,12.0,5.0,22.0,
162.0,20240801.0,151.03,0.0,0.0,1.0,31.0,5.0,22.0,
162.0,20241101.0,164.53,0.0,0.0,1.0,34.0,5.0,22.0,
162.0,20220501.0,0.0,0.0,0.0,1.0,4.0,5.0,22.0,
162.0,20241001.0,198.25,0.0,0.0,1.0,33.0,5.0,22.0,
162.0,20240601.0,162.4,0.0,0.0,1.0,29.0,5.0,22.0,
162.0,20250301.0,133.32,0.0,0.0,1.0,38.0,5.0,22.0,
162.0,20230201.0,164.36,0.0,0.0,1.0,13.0,5.0,22.0,
162.0,20240201.0,0.0,0.0,0.0,1.0,25.0,5.0,22.0,
162.0,20230101.0,46.08,0.0,0.0,1.0,12.0,5.0,22.0,
162.0,20240301.0,0.0,0.0,0.0,1.0,26.0,5.0,22.0,
162.0,20220401.0,13.6,0.0,0.0,1.0,3.0,5.0,22.0,
162.0,20220601.0,27.57,0.0,0.0,1.0,5.0,5.0,22.0,
162.0,20241201.0,164.67,0.0,0.0,1.0,35.0,5.0,22.0,
162.0,20230801.0,131.89,0.0,0.0,1.0,19.0,5.0,22.0,
162.0,20240901.0,189.0,0.0,0.0,1.0,32.0,5.0,22.0,
162.0,20231201.0,191.95,0.0,0.0,1.0,23.0,5.0,22.0,
162.0,20221001.0,175.36,0.0,0.0,1.0,9.0,5.0,22.0,
162.0,20240101.0,172.86,0.0,0.0,1.0,24.0,5.0,22.0,
162.0,20230501.0,188.32,0.0,0.0,1.0,16.0,5.0,22.0,
162.0,20250601.0,168.0,0.0,0.0,1.0,41.0,5.0,22.0,
162.0,20230901.0,183.05,0.0,0.0,1.0,20.0,5.0,22.0,
162.0,20240401.0,97.8,0.0,0.0,1.0,27.0,5.0,22.0,
162.0,20231101.0,181.71,0.0,0.0,1.0,22.0,5.0,22.0,
162.0,20250201.0,162.25,0.0,0.0,1.0,37.0,5.0,22.0,
162.0,20230601.0,167.29,0.0,0.0,1.0,17.0,5.0,22.0,
162.0,20250401.0,180.0,0.0,0.0,1.0,39.0,5.0,22.0,
162.0,20221201.0,137.32,0.0,0.0,1.0,11.0,5.0,22.0,
162.0,20220301.0,172.25,0.0,0.0,1.0,1.0,5.0,22.0,
162.0,20221101.0,172.68,0.0,0.0,1.0,10.0,5.0,22.0,
162.0,20220201.0,161.12,0.0,0.0,1.0,1.0,5.0,22.0,
162.0,20240101.0,153.62,0.0,0.0,1.0,24.0,5.0,22.0,
162.0,20240501.0,169.12,0.0,0.0,1.0,28.0,5.0,22.0,
162.0,20220101.0,182.74,0.0,0.0,1.0,0.0,5.0,22.0,
162.0,20220901.0,186.28,0.0,0.0,1.0,8.0,5.0,22.0,
163.0,20250101.0,134.87,0.0,0.0,1.0,36.0,2.0,22.0,
163.0,20250101.0,113.18,0.0,0.0,1.0,36.0,2.0,22.0,
163.0,20231001.0,180.0,0.0,0.0,1.0,21.0,2.0,22.0,
163.0,20220101.0,135.0,0.0,0.0,1.0,0.0,2.0,22.0,
163.0,20230401.0,56.0,0.0,0.0,1.0,15.0,2.0,22.0,
163.0,20230301.0,112.0,0.0,0.0,1.0,14.0,2.0,22.0,
163.0,20250501.0,190.51,0.0,0.0,1.0,40.0,2.0,22.0,
163.0,20230101.0,198.0,0.0,0.0,1.0,12.0,2.0,22.0,
163.0,20240801.0,175.67,0.0,0.0,1.0,31.0,2.0,22.0,
163.0,20241101.0,170.9,0.0,0.0,1.0,34.0,2.0,22.0,
163.0,20220501.0,180.0,0.0,0.0,1.0,4.0,2.0,22.0,
163.0,20241001.0,164.47,0.0,0.0,1.0,33.0,2.0,22.0,
163.0,20240601.0,143.45,0.0,0.0,1.0,29.0,2.0,22.0,
163.0,20250301.0,130.13,0.0,0.0,1.0,38.0,2.0,22.0,
163.0,20230201.0,180.0,0.0,0.0,1.0,13.0,2.0,22.0,
163.0,20240201.0,189.0,0.0,0.0,1.0,25.0,2.0,22.0,
163.0,20230101.0,162.0,0.0,0.0,1.0,12.0,2.0,22.0,
163.0,20240301.0,138.08,0.0,0.0,1.0,26.0,2.0,22.0,
163.0,20220401.0,149.0,0.0,0.0,1.0,3.0,2.0,22.0,
163.0,20220601.0,198.0,0.0,0.0,1.0,5.0,2.0,22.0,
163.0,20241201.0,167.42,0.0,0.0,1.0,35.0,2.0,22.0,
163.0,20230801.0,207.0,0.0,0.0,1.0,19.0,2.0,22.0,
163.0,20240901.0,152.31,0.0,0.0,1.0,32.0,2.0,22.0,
163.0,20231201.0,185.5,0.0,0.0,1.0,23.0,2.0,22.0,
163.0,20221001.0,189.0,0.0,0.0,1.0,9.0,2.0,22.0,
163.0,20240101.0,193.03,0.0,0.0,1.0,24.0,2.0,22.0,
163.0,20230501.0,99.0,0.0,0.0,1.0,16.0,2.0,22.0,
163.0,20250601.0,127.69,0.0,0.0,1.0,41.0,2.0,22.0,
163.0,20230901.0,126.0,0.0,0.0,1.0,20.0,2.0,22.0,
163.0,20240401.0,144.89,0.0,0.0,1.0,27.0,2.0,22.0,
163.0,20231101.0,189.0,0.0,0.0,1.0,22.0,2.0,22.0,
163.0,20250201.0,145.53,0.0,0.0,1.0,37.0,2.0,22.0,
163.0,20230601.0,54.0,0.0,0.0,1.0,17.0,2.0,22.0,
163.0,20250401.0,176.18,0.0,0.0,1.0,39.0,2.0,22.0,
163.0,20221201.0,193.0,0.0,0.0,1.0,11.0,2.0,22.0,
163.0,20220301.0,207.0,0.0,0.0,1.0,1.0,2.0,22.0,
163.0,20221101.0,198.0,0.0,0.0,1.0,10.0,2.0,22.0,
163.0,20220201.0,180.0,0.0,0.0,1.0,1.0,2.0,22.0,
163.0,20240101.0,198.0,0.0,0.0,1.0,24.0,2.0,22.0,
163.0,20240501.0,209.14,0.0,0.0,1.0,28.0,2.0,22.0,
163.0,20220101.0,189.0,0.0,0.0,1.0,0.0,2.0,22.0,
163.0,20220901.0,198.0,0.0,0.0,1.0,8.0,2.0,22.0,
577.0,20220501.0,0.0,0.0,0.0,1.0,4.0,3.0,14.0,
577.0,20220401.0,30.0,0.0,0.0,1.0,3.0,3.0,14.0,
577.0,20220301.0,207.0,0.0,0.0,1.0,1.0,3.0,14.0,
577.0,20220201.0,180.0,0.0,0.0,1.0,1.0,3.0,14.0,
577.0,20220101.0,180.0,0.0,0.0,1.0,0.0,3.0,14.0,
164.0,20250101.0,115.08,0.0,0.0,1.0,36.0,2.0,22.0,
164.0,20250101.0,27.43,0.0,0.0,1.0,36.0,2.0,22.0,
164.0,20231001.0,183.62,0.0,0.0,1.0,21.0,2.0,22.0,
164.0,20220101.0,103.82,0.0,0.0,1.0,0.0,2.0,22.0,
164.0,20230401.0,123.95,0.0,0.0,1.0,15.0,2.0,22.0,
164.0,20230301.0,151.48,0.0,0.0,1.0,14.0,2.0,22.0,
164.0,20250501.0,45.09,0.0,0.0,1.0,40.0,2.0,22.0,
164.0,20230101.0,191.22,0.0,0.0,1.0,12.0,2.0,22.0,
164.0,20240801.0,98.6,0.0,0.0,1.0,31.0,2.0,22.0,
164.0,20241101.0,53.18,0.0,0.0,1.0,34.0,2.0,22.0,
164.0,20220501.0,164.29,0.0,0.0,1.0,4.0,2.0,22.0,
164.0,20241001.0,53.17,0.0,0.0,1.0,33.0,2.0,22.0,
164.0,20240601.0,88.33,0.0,0.0,1.0,29.0,2.0,22.0,
164.0,20250301.0,81.14,0.0,0.0,1.0,38.0,2.0,22.0,
164.0,20230201.0,174.93,0.0,0.0,1.0,13.0,2.0,22.0,
164.0,20240201.0,174.73,0.0,0.0,1.0,25.0,2.0,22.0,
164.0,20230101.0,140.76,0.0,0.0,1.0,12.0,2.0,22.0,
164.0,20240301.0,94.41,0.0,0.0,1.0,26.0,2.0,22.0,
164.0,20220401.0,126.16,0.0,0.0,1.0,3.0,2.0,22.0,
164.0,20220601.0,171.47,0.0,0.0,1.0,5.0,2.0,22.0,
164.0,20241201.0,163.78,0.0,0.0,1.0,35.0,2.0,22.0,
164.0,20230801.0,52.06,0.0,0.0,1.0,19.0,2.0,22.0,
164.0,20240901.0,57.9,0.0,0.0,1.0,32.0,2.0,22.0,
164.0,20231201.0,191.32,0.0,0.0,1.0,23.0,2.0,22.0,
164.0,20221001.0,132.29,0.0,0.0,1.0,9.0,2.0,22.0,
164.0,20240101.0,115.48,0.0,0.0,1.0,24.0,2.0,22.0,
164.0,20230501.0,160.52,0.0,0.0,1.0,16.0,2.0,22.0,
164.0,20250601.0,34.0,0.0,0.0,1.0,41.0,2.0,22.0,
164.0,20230901.0,155.82,0.0,0.0,1.0,20.0,2.0,22.0,
164.0,20240401.0,138.34,0.0,0.0,1.0,27.0,2.0,22.0,
164.0,20231101.0,176.03,0.0,0.0,1.0,22.0,2.0,22.0,
164.0,20250201.0,116.83,0.0,0.0,1.0,37.0,2.0,22.0,
164.0,20230601.0,105.8,0.0,0.0,1.0,17.0,2.0,22.0,
164.0,20250401.0,99.88,0.0,0.0,1.0,39.0,2.0,22.0,
164.0,20221201.0,164.28,0.0,0.0,1.0,11.0,2.0,22.0,
164.0,20220301.0,195.48,0.0,0.0,1.0,1.0,2.0,22.0,
164.0,20221101.0,175.13,0.0,0.0,1.0,10.0,2.0,22.0,
164.0,20220201.0,180.53,0.0,0.0,1.0,1.0,2.0,22.0,
164.0,20240101.0,195.58,0.0,0.0,1.0,24.0,2.0,22.0,
164.0,20240501.0,140.83,0.0,0.0,1.0,28.0,2.0,22.0,
164.0,20220101.0,143.78,0.0,0.0,1.0,0.0,2.0,22.0,
164.0,20220901.0,181.5,0.0,0.0,1.0,8.0,2.0,22.0,
493.0,20220101.0,174.04,0.0,0.0,1.0,0.0,1.0,22.0,
493.0,20230101.0,0.0,0.0,0.0,1.0,12.0,1.0,22.0,
493.0,20220501.0,215.9,0.0,0.0,1.0,4.0,1.0,22.0,
493.0,20220401.0,155.59,0.0,0.0,1.0,3.0,1.0,22.0,
493.0,20220601.0,195.63,0.0,0.0,1.0,5.0,1.0,22.0,
493.0,20221001.0,183.51,0.0,0.0,1.0,9.0,1.0,22.0,
493.0,20221201.0,152.85,0.0,0.0,1.0,11.0,1.0,22.0,
493.0,20220301.0,216.24,0.0,0.0,1.0,1.0,1.0,22.0,
493.0,20221101.0,198.63,0.0,0.0,1.0,10.0,1.0,22.0,
493.0,20220201.0,198.0,0.0,0.0,1.0,1.0,1.0,22.0,
493.0,20220101.0,205.21,0.0,0.0,1.0,0.0,1.0,22.0,
493.0,20220901.0,220.6,0.0,0.0,1.0,8.0,1.0,22.0,
165.0,20250101.0,198.0,0.0,0.0,1.0,36.0,2.0,5.0,
165.0,20250101.0,126.0,0.0,0.0,1.0,36.0,2.0,5.0,
165.0,20231001.0,189.0,0.0,0.0,1.0,21.0,2.0,5.0,
165.0,20220101.0,99.0,0.0,0.0,1.0,0.0,2.0,5.0,
165.0,20230401.0,129.5,0.0,0.0,1.0,15.0,2.0,5.0,
165.0,20230301.0,165.0,0.0,0.0,1.0,14.0,2.0,5.0,
165.0,20250501.0,153.0,0.0,0.0,1.0,40.0,2.0,5.0,
165.0,20230101.0,198.0,0.0,0.0,1.0,12.0,2.0,5.0,
165.0,20240801.0,198.0,0.0,0.0,1.0,31.0,2.0,5.0,
165.0,20241101.0,189.0,0.0,0.0,1.0,34.0,2.0,5.0,
165.0,20220501.0,180.0,0.0,0.0,1.0,4.0,2.0,5.0,
165.0,20241001.0,207.0,0.0,0.0,1.0,33.0,2.0,5.0,
165.0,20240601.0,171.0,0.0,0.0,1.0,29.0,2.0,5.0,
165.0,20250301.0,133.0,0.0,0.0,1.0,38.0,2.0,5.0,
165.0,20230201.0,157.5,0.0,0.0,1.0,13.0,2.0,5.0,
165.0,20240201.0,171.0,0.0,0.0,1.0,25.0,2.0,5.0,
165.0,20230101.0,126.0,0.0,0.0,1.0,12.0,2.0,5.0,
165.0,20240301.0,145.0,0.0,0.0,1.0,26.0,2.0,5.0,
165.0,20220401.0,132.5,0.0,0.0,1.0,3.0,2.0,5.0,
165.0,20220601.0,198.0,0.0,0.0,1.0,5.0,2.0,5.0,
165.0,20241201.0,157.5,0.0,0.0,1.0,35.0,2.0,5.0,
165.0,20230801.0,207.0,0.0,0.0,1.0,19.0,2.0,5.0,
165.0,20240901.0,180.0,0.0,0.0,1.0,32.0,2.0,5.0,
165.0,20231201.0,162.0,0.0,0.0,1.0,23.0,2.0,5.0,
165.0,20221001.0,175.5,0.0,0.0,1.0,9.0,2.0,5.0,
165.0,20240101.0,135.0,0.0,0.0,1.0,24.0,2.0,5.0,
165.0,20230501.0,162.0,0.0,0.0,1.0,16.0,2.0,5.0,
165.0,20250601.0,162.0,0.0,0.0,1.0,41.0,2.0,5.0,
165.0,20230901.0,180.0,0.0,0.0,1.0,20.0,2.0,5.0,
165.0,20240401.0,149.5,0.0,0.0,1.0,27.0,2.0,5.0,
165.0,20231101.0,198.0,0.0,0.0,1.0,22.0,2.0,5.0,
165.0,20250201.0,162.0,0.0,0.0,1.0,37.0,2.0,5.0,
165.0,20230601.0,162.0,0.0,0.0,1.0,17.0,2.0,5.0,
165.0,20250401.0,144.0,0.0,0.0,1.0,39.0,2.0,5.0,
165.0,20221201.0,184.0,0.0,0.0,1.0,11.0,2.0,5.0,
165.0,20220301.0,198.0,0.0,0.0,1.0,1.0,2.0,5.0,
165.0,20221101.0,184.5,0.0,0.0,1.0,10.0,2.0,5.0,
165.0,20220201.0,180.0,0.0,0.0,1.0,1.0,2.0,5.0,
165.0,20240101.0,198.0,0.0,0.0,1.0,24.0,2.0,5.0,
165.0,20240501.0,198.0,0.0,0.0,1.0,28.0,2.0,5.0,
165.0,20220101.0,189.0,0.0,0.0,1.0,0.0,2.0,5.0,
165.0,20220901.0,198.0,0.0,0.0,1.0,8.0,2.0,5.0,
417.0,20231001.0,198.0,0.0,0.0,1.0,21.0,3.0,14.0,
417.0,20220101.0,171.0,0.0,0.0,1.0,0.0,3.0,14.0,
417.0,20230401.0,129.5,0.0,0.0,1.0,15.0,3.0,14.0,
417.0,20230301.0,180.5,0.0,0.0,1.0,14.0,3.0,14.0,
417.0,20230101.0,180.0,0.0,0.0,1.0,12.0,3.0,14.0,
417.0,20240801.0,0.0,0.0,0.0,1.0,31.0,3.0,14.0,
417.0,20241101.0,108.0,0.0,0.0,1.0,34.0,3.0,14.0,
417.0,20220501.0,180.0,0.0,0.0,1.0,4.0,3.0,14.0,
417.0,20241001.0,189.0,0.0,0.0,1.0,33.0,3.0,14.0,
417.0,20240601.0,108.0,0.0,0.0,1.0,29.0,3.0,14.0,
417.0,20230201.0,171.0,0.0,0.0,1.0,13.0,3.0,14.0,
417.0,20240201.0,189.0,0.0,0.0,1.0,25.0,3.0,14.0,
417.0,20230101.0,162.0,0.0,0.0,1.0,12.0,3.0,14.0,
417.0,20240301.0,136.0,0.0,0.0,1.0,26.0,3.0,14.0,
417.0,20220401.0,149.0,0.0,0.0,1.0,3.0,3.0,14.0,
417.0,20220601.0,189.0,0.0,0.0,1.0,5.0,3.0,14.0,
417.0,20230801.0,162.0,0.0,0.0,1.0,19.0,3.0,14.0,
417.0,20240901.0,99.0,0.0,0.0,1.0,32.0,3.0,14.0,
417.0,20231201.0,144.0,0.0,0.0,1.0,23.0,3.0,14.0,
417.0,20221001.0,180.0,0.0,0.0,1.0,9.0,3.0,14.0,
417.0,20240101.0,0.0,0.0,0.0,1.0,24.0,3.0,14.0,
417.0,20230501.0,189.0,0.0,0.0,1.0,16.0,3.0,14.0,
417.0,20230901.0,180.0,0.0,0.0,1.0,20.0,3.0,14.0,
417.0,20240401.0,140.5,0.0,0.0,1.0,27.0,3.0,14.0,
417.0,20231101.0,189.0,0.0,0.0,1.0,22.0,3.0,14.0,
417.0,20230601.0,169.0,0.0,0.0,1.0,17.0,3.0,14.0,
417.0,20221201.0,153.0,0.0,0.0,1.0,11.0,3.0,14.0,
417.0,20220301.0,207.0,0.0,0.0,1.0,1.0,3.0,14.0,
417.0,20221101.0,198.0,0.0,0.0,1.0,10.0,3.0,14.0,
417.0,20220201.0,144.0,0.0,0.0,1.0,1.0,3.0,14.0,
417.0,20240101.0,126.0,0.0,0.0,1.0,24.0,3.0,14.0,
417.0,20240501.0,198.0,0.0,0.0,1.0,28.0,3.0,14.0,
417.0,20220101.0,162.0,0.0,0.0,1.0,0.0,3.0,14.0,
417.0,20220901.0,198.0,0.0,0.0,1.0,8.0,3.0,14.0,
166.0,20250101.0,133.05,0.0,0.0,1.0,36.0,1.0,11.0,
166.0,20250101.0,91.74,0.0,0.0,1.0,36.0,1.0,11.0,
166.0,20231001.0,132.15,0.0,0.0,1.0,21.0,1.0,11.0,
166.0,20220101.0,119.04,0.0,0.0,1.0,0.0,1.0,11.0,
166.0,20230401.0,101.79,0.0,0.0,1.0,15.0,1.0,11.0,
166.0,20230301.0,207.85,0.0,0.0,1.0,14.0,1.0,11.0,
166.0,20250501.0,172.91,0.0,0.0,1.0,40.0,1.0,11.0,
166.0,20230101.0,110.29,0.0,0.0,1.0,12.0,1.0,11.0,
166.0,20240801.0,69.17,0.0,0.0,1.0,31.0,1.0,11.0,
166.0,20241101.0,87.61,0.0,0.0,1.0,34.0,1.0,11.0,
166.0,20220501.0,132.93,0.0,0.0,1.0,4.0,1.0,11.0,
166.0,20241001.0,142.73,0.0,0.0,1.0,33.0,1.0,11.0,
166.0,20240601.0,173.02,0.0,0.0,1.0,29.0,1.0,11.0,
166.0,20250301.0,96.14,0.0,0.0,1.0,38.0,1.0,11.0,
166.0,20230201.0,135.46,0.0,0.0,1.0,13.0,1.0,11.0,
166.0,20240201.0,154.01,0.0,0.0,1.0,25.0,1.0,11.0,
166.0,20230101.0,142.46,0.0,0.0,1.0,12.0,1.0,11.0,
166.0,20240301.0,80.2,0.0,0.0,1.0,26.0,1.0,11.0,
166.0,20220401.0,110.7,0.0,0.0,1.0,3.0,1.0,11.0,
166.0,20220601.0,175.78,0.0,0.0,1.0,5.0,1.0,11.0,
166.0,20241201.0,88.02,0.0,0.0,1.0,35.0,1.0,11.0,
166.0,20230801.0,87.0,0.0,0.0,1.0,19.0,1.0,11.0,
166.0,20240901.0,161.14,0.0,0.0,1.0,32.0,1.0,11.0,
166.0,20231201.0,42.39,0.0,0.0,1.0,23.0,1.0,11.0,
166.0,20221001.0,124.16,0.0,0.0,1.0,9.0,1.0,11.0,
166.0,20240101.0,154.58,0.0,0.0,1.0,24.0,1.0,11.0,
166.0,20230501.0,173.15,0.0,0.0,1.0,16.0,1.0,11.0,
166.0,20250601.0,96.29,0.0,0.0,1.0,41.0,1.0,11.0,
166.0,20230901.0,109.81,0.0,0.0,1.0,20.0,1.0,11.0,
166.0,20240401.0,140.92,0.0,0.0,1.0,27.0,1.0,11.0,
166.0,20231101.0,137.98,0.0,0.0,1.0,22.0,1.0,11.0,
166.0,20250201.0,134.95,0.0,0.0,1.0,37.0,1.0,11.0,
166.0,20230601.0,123.65,0.0,0.0,1.0,17.0,1.0,11.0,
166.0,20250401.0,120.04,0.0,0.0,1.0,39.0,1.0,11.0,
166.0,20221201.0,132.98,0.0,0.0,1.0,11.0,1.0,11.0,
166.0,20220301.0,152.57,0.0,0.0,1.0,1.0,1.0,11.0,
166.0,20221101.0,168.9,0.0,0.0,1.0,10.0,1.0,11.0,
166.0,20220201.0,135.39,0.0,0.0,1.0,1.0,1.0,11.0,
166.0,20240101.0,147.25,0.0,0.0,1.0,24.0,1.0,11.0,
166.0,20240501.0,193.45,0.0,0.0,1.0,28.0,1.0,11.0,
166.0,20220101.0,139.97,0.0,0.0,1.0,0.0,1.0,11.0,
166.0,20220901.0,226.6,0.0,0.0,1.0,8.0,1.0,11.0,
418.0,20231001.0,0.0,0.0,0.0,1.0,21.0,3.0,17.0,
418.0,20220101.0,180.0,0.0,0.0,1.0,0.0,3.0,17.0,
418.0,20230401.0,129.5,0.0,0.0,1.0,15.0,3.0,17.0,
418.0,20230301.0,180.5,0.0,0.0,1.0,14.0,3.0,17.0,
418.0,20230101.0,198.0,0.0,0.0,1.0,12.0,3.0,17.0,
418.0,20220501.0,180.0,0.0,0.0,1.0,4.0,3.0,17.0,
418.0,20230201.0,180.0,0.0,0.0,1.0,13.0,3.0,17.0,
418.0,20230101.0,126.0,0.0,0.0,1.0,12.0,3.0,17.0,
418.0,20220401.0,142.0,0.0,0.0,1.0,3.0,3.0,17.0,
418.0,20220601.0,198.0,0.0,0.0,1.0,5.0,3.0,17.0,
418.0,20230801.0,162.0,0.0,0.0,1.0,19.0,3.0,17.0,
418.0,20221001.0,189.0,0.0,0.0,1.0,9.0,3.0,17.0,
418.0,20230501.0,198.0,0.0,0.0,1.0,16.0,3.0,17.0,
418.0,20230901.0,180.0,0.0,0.0,1.0,20.0,3.0,17.0,
418.0,20230601.0,169.0,0.0,0.0,1.0,17.0,3.0,17.0,
418.0,20221201.0,144.0,0.0,0.0,1.0,11.0,3.0,17.0,
418.0,20220301.0,207.0,0.0,0.0,1.0,1.0,3.0,17.0,
418.0,20221101.0,198.0,0.0,0.0,1.0,10.0,3.0,17.0,
418.0,20220201.0,180.0,0.0,0.0,1.0,1.0,3.0,17.0,
418.0,20220901.0,198.0,0.0,0.0,1.0,8.0,3.0,17.0,
167.0,20250101.0,171.0,0.0,0.0,1.0,36.0,3.0,13.0,
167.0,20231001.0,198.0,0.0,0.0,1.0,21.0,3.0,13.0,
167.0,20220101.0,126.0,0.0,0.0,1.0,0.0,3.0,13.0,
167.0,20230401.0,123.0,0.0,0.0,1.0,15.0,3.0,13.0,
167.0,20230301.0,180.5,0.0,0.0,1.0,14.0,3.0,13.0,
167.0,20230101.0,198.0,0.0,0.0,1.0,12.0,3.0,13.0,
167.0,20240801.0,135.0,0.0,0.0,1.0,31.0,3.0,13.0,
167.0,20241101.0,189.0,0.0,0.0,1.0,34.0,3.0,13.0,
167.0,20220501.0,180.0,0.0,0.0,1.0,4.0,3.0,13.0,
167.0,20241001.0,207.0,0.0,0.0,1.0,33.0,3.0,13.0,
167.0,20240601.0,171.0,0.0,0.0,1.0,29.0,3.0,13.0,
167.0,20250301.0,0.0,0.0,0.0,1.0,38.0,3.0,13.0,
167.0,20230201.0,153.0,0.0,0.0,1.0,13.0,3.0,13.0,
167.0,20240201.0,189.0,0.0,0.0,1.0,25.0,3.0,13.0,
167.0,20230101.0,135.0,0.0,0.0,1.0,12.0,3.0,13.0,
167.0,20240301.0,145.0,0.0,0.0,1.0,26.0,3.0,13.0,
167.0,20220401.0,142.0,0.0,0.0,1.0,3.0,3.0,13.0,
167.0,20220601.0,198.0,0.0,0.0,1.0,5.0,3.0,13.0,
167.0,20241201.0,126.0,0.0,0.0,1.0,35.0,3.0,13.0,
167.0,20230801.0,162.0,0.0,0.0,1.0,19.0,3.0,13.0,
167.0,20240901.0,189.0,0.0,0.0,1.0,32.0,3.0,13.0,
167.0,20231201.0,144.0,0.0,0.0,1.0,23.0,3.0,13.0,
167.0,20221001.0,189.0,0.0,0.0,1.0,9.0,3.0,13.0,
167.0,20240101.0,117.0,0.0,0.0,1.0,24.0,3.0,13.0,
167.0,20230501.0,198.0,0.0,0.0,1.0,16.0,3.0,13.0,
167.0,20230901.0,180.0,0.0,0.0,1.0,20.0,3.0,13.0,
167.0,20240401.0,131.5,0.0,0.0,1.0,27.0,3.0,13.0,
167.0,20231101.0,198.0,0.0,0.0,1.0,22.0,3.0,13.0,
167.0,20250201.0,126.0,0.0,0.0,1.0,37.0,3.0,13.0,
167.0,20230601.0,124.0,0.0,0.0,1.0,17.0,3.0,13.0,
167.0,20221201.0,135.0,0.0,0.0,1.0,11.0,3.0,13.0,
167.0,20220301.0,216.0,0.0,0.0,1.0,1.0,3.0,13.0,
167.0,20221101.0,189.0,0.0,0.0,1.0,10.0,3.0,13.0,
167.0,20220201.0,162.0,0.0,0.0,1.0,1.0,3.0,13.0,
167.0,20240101.0,162.0,0.0,0.0,1.0,24.0,3.0,13.0,
167.0,20240501.0,180.0,0.0,0.0,1.0,28.0,3.0,13.0,
167.0,20220101.0,189.0,0.0,0.0,1.0,0.0,3.0,13.0,
167.0,20220901.0,198.0,0.0,0.0,1.0,8.0,3.0,13.0,
168.0,20250101.0,180.0,0.0,0.0,1.0,36.0,3.0,13.0,
168.0,20250101.0,126.0,0.0,0.0,1.0,36.0,3.0,13.0,
168.0,20231001.0,180.0,0.0,0.0,1.0,21.0,3.0,13.0,
168.0,20220101.0,162.0,0.0,0.0,1.0,0.0,3.0,13.0,
168.0,20230401.0,129.5,0.0,0.0,1.0,15.0,3.0,13.0,
168.0,20230301.0,180.5,0.0,0.0,1.0,14.0,3.0,13.0,
168.0,20250501.0,180.0,0.0,0.0,1.0,40.0,3.0,13.0,
168.0,20230101.0,206.0,0.0,0.0,1.0,12.0,3.0,13.0,
168.0,20240801.0,144.0,0.0,0.0,1.0,31.0,3.0,13.0,
168.0,20241101.0,189.0,0.0,0.0,1.0,34.0,3.0,13.0,
168.0,20220501.0,180.0,0.0,0.0,1.0,4.0,3.0,13.0,
168.0,20241001.0,198.0,0.0,0.0,1.0,33.0,3.0,13.0,
168.0,20240601.0,171.0,0.0,0.0,1.0,29.0,3.0,13.0,
168.0,20250301.0,133.0,0.0,0.0,1.0,38.0,3.0,13.0,
168.0,20230201.0,180.0,0.0,0.0,1.0,13.0,3.0,13.0,
168.0,20240201.0,189.0,0.0,0.0,1.0,25.0,3.0,13.0,
168.0,20230101.0,180.0,0.0,0.0,1.0,12.0,3.0,13.0,
168.0,20240301.0,145.0,0.0,0.0,1.0,26.0,3.0,13.0,
168.0,20220401.0,135.0,0.0,0.0,1.0,3.0,3.0,13.0,
168.0,20220601.0,198.0,0.0,0.0,1.0,5.0,3.0,13.0,
168.0,20241201.0,126.0,0.0,0.0,1.0,35.0,3.0,13.0,
168.0,20230801.0,126.0,0.0,0.0,1.0,19.0,3.0,13.0,
168.0,20240901.0,189.0,0.0,0.0,1.0,32.0,3.0,13.0,
168.0,20231201.0,144.0,0.0,0.0,1.0,23.0,3.0,13.0,
168.0,20221001.0,180.0,0.0,0.0,1.0,9.0,3.0,13.0,
168.0,20240101.0,189.0,0.0,0.0,1.0,24.0,3.0,13.0,
168.0,20230501.0,198.0,0.0,0.0,1.0,16.0,3.0,13.0,
168.0,20250601.0,177.0,0.0,0.0,1.0,41.0,3.0,13.0,
168.0,20230901.0,180.0,0.0,0.0,1.0,20.0,3.0,13.0,
168.0,20240401.0,140.5,0.0,0.0,1.0,27.0,3.0,13.0,
168.0,20231101.0,198.0,0.0,0.0,1.0,22.0,3.0,13.0,
168.0,20250201.0,180.0,0.0,0.0,1.0,37.0,3.0,13.0,
168.0,20230601.0,160.0,0.0,0.0,1.0,17.0,3.0,13.0,
168.0,20250401.0,180.0,0.0,0.0,1.0,39.0,3.0,13.0,
168.0,20221201.0,153.0,0.0,0.0,1.0,11.0,3.0,13.0,
168.0,20220301.0,207.0,0.0,0.0,1.0,1.0,3.0,13.0,
168.0,20221101.0,198.0,0.0,0.0,1.0,10.0,3.0,13.0,
168.0,20220201.0,180.0,0.0,0.0,1.0,1.0,3.0,13.0,
168.0,20240101.0,162.0,0.0,0.0,1.0,24.0,3.0,13.0,
168.0,20240501.0,162.0,0.0,0.0,1.0,28.0,3.0,13.0,
168.0,20220101.0,189.0,0.0,0.0,1.0,0.0,3.0,13.0,
168.0,20220901.0,198.0,0.0,0.0,1.0,8.0,3.0,13.0,
169.0,20250101.0,183.65,0.0,0.0,1.0,36.0,2.0,22.0,
169.0,20250101.0,119.31,0.0,0.0,1.0,36.0,2.0,22.0,
169.0,20231001.0,201.08,0.0,0.0,1.0,21.0,2.0,22.0,
169.0,20220101.0,162.51,0.0,0.0,1.0,0.0,2.0,22.0,
169.0,20230401.0,129.73,0.0,0.0,1.0,15.0,2.0,22.0,
169.0,20230301.0,180.73,0.0,0.0,1.0,14.0,2.0,22.0,
169.0,20250501.0,191.89,0.0,0.0,1.0,40.0,2.0,22.0,
169.0,20230101.0,190.18,0.0,0.0,1.0,12.0,2.0,22.0,
169.0,20240801.0,110.2,0.0,0.0,1.0,31.0,2.0,22.0,
169.0,20241101.0,191.94,0.0,0.0,1.0,34.0,2.0,22.0,
169.0,20220501.0,182.38,0.0,0.0,1.0,4.0,2.0,22.0,
169.0,20241001.0,210.44,0.0,0.0,1.0,33.0,2.0,22.0,
169.0,20240601.0,156.5,0.0,0.0,1.0,29.0,2.0,22.0,
169.0,20250301.0,137.22,0.0,0.0,1.0,38.0,2.0,22.0,
169.0,20230201.0,179.7,0.0,0.0,1.0,13.0,2.0,22.0,
169.0,20240201.0,184.17,0.0,0.0,1.0,25.0,2.0,22.0,
169.0,20230101.0,174.0,0.0,0.0,1.0,12.0,2.0,22.0,
169.0,20240301.0,130.51,0.0,0.0,1.0,26.0,2.0,22.0,
169.0,20220401.0,141.98,0.0,0.0,1.0,3.0,2.0,22.0,
169.0,20220601.0,195.74,0.0,0.0,1.0,5.0,2.0,22.0,
169.0,20241201.0,169.17,0.0,0.0,1.0,35.0,2.0,22.0,
169.0,20230801.0,145.14,0.0,0.0,1.0,19.0,2.0,22.0,
169.0,20240901.0,183.1,0.0,0.0,1.0,32.0,2.0,22.0,
169.0,20231201.0,189.06,0.0,0.0,1.0,23.0,2.0,22.0,
169.0,20221001.0,187.72,0.0,0.0,1.0,9.0,2.0,22.0,
169.0,20240101.0,190.88,0.0,0.0,1.0,24.0,2.0,22.0,
169.0,20230501.0,190.83,0.0,0.0,1.0,16.0,2.0,22.0,
169.0,20250601.0,171.12,0.0,0.0,1.0,41.0,2.0,22.0,
169.0,20230901.0,182.86,0.0,0.0,1.0,20.0,2.0,22.0,
169.0,20240401.0,153.28,0.0,0.0,1.0,27.0,2.0,22.0,
169.0,20231101.0,183.11,0.0,0.0,1.0,22.0,2.0,22.0,
169.0,20250201.0,183.56,0.0,0.0,1.0,37.0,2.0,22.0,
169.0,20230601.0,161.83,0.0,0.0,1.0,17.0,2.0,22.0,
169.0,20250401.0,192.44,0.0,0.0,1.0,39.0,2.0,22.0,
169.0,20221201.0,187.2,0.0,0.0,1.0,11.0,2.0,22.0,
169.0,20220301.0,189.26,0.0,0.0,1.0,1.0,2.0,22.0,
169.0,20221101.0,199.02,0.0,0.0,1.0,10.0,2.0,22.0,
169.0,20220201.0,182.42,0.0,0.0,1.0,1.0,2.0,22.0,
169.0,20240101.0,201.9,0.0,0.0,1.0,24.0,2.0,22.0,
169.0,20240501.0,193.29,0.0,0.0,1.0,28.0,2.0,22.0,
169.0,20220101.0,187.18,0.0,0.0,1.0,0.0,2.0,22.0,
169.0,20220901.0,191.26,0.0,0.0,1.0,8.0,2.0,22.0,
494.0,20220101.0,171.0,0.0,0.0,1.0,0.0,3.0,14.0,
494.0,20220501.0,180.0,0.0,0.0,1.0,4.0,3.0,14.0,
494.0,20220401.0,149.0,0.0,0.0,1.0,3.0,3.0,14.0,
494.0,20220601.0,198.0,0.0,0.0,1.0,5.0,3.0,14.0,
494.0,20221001.0,189.0,0.0,0.0,1.0,9.0,3.0,14.0,
494.0,20221201.0,63.0,0.0,0.0,1.0,11.0,3.0,14.0,
494.0,20220301.0,207.0,0.0,0.0,1.0,1.0,3.0,14.0,
494.0,20221101.0,198.0,0.0,0.0,1.0,10.0,3.0,14.0,
494.0,20220201.0,180.0,0.0,0.0,1.0,1.0,3.0,14.0,
494.0,20220101.0,144.0,0.0,0.0,1.0,0.0,3.0,14.0,
494.0,20220901.0,189.0,0.0,0.0,1.0,8.0,3.0,14.0,
170.0,20250101.0,184.03,0.0,0.0,1.0,36.0,1.0,11.0,
170.0,20250101.0,129.51,0.0,0.0,1.0,36.0,1.0,11.0,
170.0,20231001.0,188.0,0.0,0.0,1.0,21.0,1.0,11.0,
170.0,20220101.0,140.58,0.0,0.0,1.0,0.0,1.0,11.0,
170.0,20230401.0,124.06,0.0,0.0,1.0,15.0,1.0,11.0,
170.0,20230301.0,184.61,0.0,0.0,1.0,14.0,1.0,11.0,
170.0,20250501.0,193.74,0.0,0.0,1.0,40.0,1.0,11.0,
170.0,20230101.0,179.12,0.0,0.0,1.0,12.0,1.0,11.0,
170.0,20240801.0,184.25,0.0,0.0,1.0,31.0,1.0,11.0,
170.0,20241101.0,182.66,0.0,0.0,1.0,34.0,1.0,11.0,
170.0,20220501.0,194.7,0.0,0.0,1.0,4.0,1.0,11.0,
170.0,20241001.0,197.47,0.0,0.0,1.0,33.0,1.0,11.0,
170.0,20240601.0,147.9,0.0,0.0,1.0,29.0,1.0,11.0,
170.0,20250301.0,135.67,0.0,0.0,1.0,38.0,1.0,11.0,
170.0,20230201.0,184.83,0.0,0.0,1.0,13.0,1.0,11.0,
170.0,20240201.0,133.58,0.0,0.0,1.0,25.0,1.0,11.0,
170.0,20230101.0,129.32,0.0,0.0,1.0,12.0,1.0,11.0,
170.0,20240301.0,146.69,0.0,0.0,1.0,26.0,1.0,11.0,
170.0,20220401.0,130.21,0.0,0.0,1.0,3.0,1.0,11.0,
170.0,20220601.0,195.5,0.0,0.0,1.0,5.0,1.0,11.0,
170.0,20241201.0,144.31,0.0,0.0,1.0,35.0,1.0,11.0,
170.0,20230801.0,200.73,0.0,0.0,1.0,19.0,1.0,11.0,
170.0,20240901.0,184.19,0.0,0.0,1.0,32.0,1.0,11.0,
170.0,20231201.0,170.77,0.0,0.0,1.0,23.0,1.0,11.0,
170.0,20221001.0,189.78,0.0,0.0,1.0,9.0,1.0,11.0,
170.0,20240101.0,184.51,0.0,0.0,1.0,24.0,1.0,11.0,
170.0,20230501.0,179.14,0.0,0.0,1.0,16.0,1.0,11.0,
170.0,20250601.0,138.66,0.0,0.0,1.0,41.0,1.0,11.0,
170.0,20230901.0,149.85,0.0,0.0,1.0,20.0,1.0,11.0,
170.0,20240401.0,158.8,0.0,0.0,1.0,27.0,1.0,11.0,
170.0,20231101.0,180.69,0.0,0.0,1.0,22.0,1.0,11.0,
170.0,20250201.0,173.4,0.0,0.0,1.0,37.0,1.0,11.0,
170.0,20230601.0,132.98,0.0,0.0,1.0,17.0,1.0,11.0,
170.0,20250401.0,185.29,0.0,0.0,1.0,39.0,1.0,11.0,
170.0,20221201.0,175.4,0.0,0.0,1.0,11.0,1.0,11.0,
170.0,20220301.0,192.54,0.0,0.0,1.0,1.0,1.0,11.0,
170.0,20221101.0,202.76,0.0,0.0,1.0,10.0,1.0,11.0,
170.0,20220201.0,184.07,0.0,0.0,1.0,1.0,1.0,11.0,
170.0,20240101.0,189.2,0.0,0.0,1.0,24.0,1.0,11.0,
170.0,20240501.0,196.27,0.0,0.0,1.0,28.0,1.0,11.0,
170.0,20220101.0,184.7,0.0,0.0,1.0,0.0,1.0,11.0,
170.0,20220901.0,184.01,0.0,0.0,1.0,8.0,1.0,11.0,
171.0,20250101.0,186.02,0.0,0.0,1.0,36.0,1.0,10.0,
171.0,20250101.0,112.46,0.0,0.0,1.0,36.0,1.0,10.0,
171.0,20231001.0,211.44,0.0,0.0,1.0,21.0,1.0,10.0,
171.0,20220101.0,172.44,0.0,0.0,1.0,0.0,1.0,10.0,
171.0,20230401.0,135.12,0.0,0.0,1.0,15.0,1.0,10.0,
171.0,20230301.0,192.2,0.0,0.0,1.0,14.0,1.0,10.0,
171.0,20250501.0,195.07,0.0,0.0,1.0,40.0,1.0,10.0,
171.0,20230101.0,214.32,0.0,0.0,1.0,12.0,1.0,10.0,
171.0,20240801.0,129.39,0.0,0.0,1.0,31.0,1.0,10.0,
171.0,20241101.0,166.95,0.0,0.0,1.0,34.0,1.0,10.0,
171.0,20220501.0,204.29,0.0,0.0,1.0,4.0,1.0,10.0,
171.0,20241001.0,214.05,0.0,0.0,1.0,33.0,1.0,10.0,
171.0,20240601.0,157.17,0.0,0.0,1.0,29.0,1.0,10.0,
171.0,20250301.0,142.71,0.0,0.0,1.0,38.0,1.0,10.0,
171.0,20230201.0,191.65,0.0,0.0,1.0,13.0,1.0,10.0,
171.0,20240201.0,184.89,0.0,0.0,1.0,25.0,1.0,10.0,
171.0,20230101.0,221.42,0.0,0.0,1.0,12.0,1.0,10.0,
171.0,20240301.0,152.42,0.0,0.0,1.0,26.0,1.0,10.0,
171.0,20220401.0,169.89,0.0,0.0,1.0,3.0,1.0,10.0,
171.0,20220601.0,168.46,0.0,0.0,1.0,5.0,1.0,10.0,
171.0,20241201.0,163.47,0.0,0.0,1.0,35.0,1.0,10.0,
171.0,20230801.0,98.16,0.0,0.0,1.0,19.0,1.0,10.0,
171.0,20240901.0,169.28,0.0,0.0,1.0,32.0,1.0,10.0,
171.0,20231201.0,175.08,0.0,0.0,1.0,23.0,1.0,10.0,
171.0,20221001.0,201.96,0.0,0.0,1.0,9.0,1.0,10.0,
171.0,20240101.0,153.4,0.0,0.0,1.0,24.0,1.0,10.0,
171.0,20230501.0,215.55,0.0,0.0,1.0,16.0,1.0,10.0,
171.0,20250601.0,133.95,0.0,0.0,1.0,41.0,1.0,10.0,
171.0,20230901.0,184.13,0.0,0.0,1.0,20.0,1.0,10.0,
171.0,20240401.0,152.77,0.0,0.0,1.0,27.0,1.0,10.0,
171.0,20231101.0,200.2,0.0,0.0,1.0,22.0,1.0,10.0,
171.0,20250201.0,177.49,0.0,0.0,1.0,37.0,1.0,10.0,
171.0,20230601.0,193.29,0.0,0.0,1.0,17.0,1.0,10.0,
171.0,20250401.0,178.48,0.0,0.0,1.0,39.0,1.0,10.0,
171.0,20221201.0,182.69,0.0,0.0,1.0,11.0,1.0,10.0,
171.0,20220301.0,239.99,0.0,0.0,1.0,1.0,1.0,10.0,
171.0,20221101.0,202.21,0.0,0.0,1.0,10.0,1.0,10.0,
171.0,20220201.0,167.19,0.0,0.0,1.0,1.0,1.0,10.0,
171.0,20240101.0,201.91,0.0,0.0,1.0,24.0,1.0,10.0,
171.0,20240501.0,186.13,0.0,0.0,1.0,28.0,1.0,10.0,
171.0,20220101.0,185.37,0.0,0.0,1.0,0.0,1.0,10.0,
171.0,20220901.0,226.33,0.0,0.0,1.0,8.0,1.0,10.0,
550.0,20220101.0,144.0,0.0,0.0,1.0,0.0,3.0,13.0,
550.0,20220501.0,180.0,0.0,0.0,1.0,4.0,3.0,13.0,
550.0,20220401.0,149.0,0.0,0.0,1.0,3.0,3.0,13.0,
550.0,20220601.0,198.0,0.0,0.0,1.0,5.0,3.0,13.0,
550.0,20221001.0,135.0,0.0,0.0,1.0,9.0,3.0,13.0,
550.0,20221201.0,0.0,0.0,0.0,1.0,11.0,3.0,13.0,
550.0,20220301.0,207.0,0.0,0.0,1.0,1.0,3.0,13.0,
550.0,20221101.0,90.0,0.0,0.0,1.0,10.0,3.0,13.0,
550.0,20220201.0,180.0,0.0,0.0,1.0,1.0,3.0,13.0,
550.0,20220101.0,189.0,0.0,0.0,1.0,0.0,3.0,13.0,
550.0,20220901.0,198.0,0.0,0.0,1.0,8.0,3.0,13.0,
352.0,20250101.0,180.0,0.0,0.0,1.0,36.0,3.0,7.0,
352.0,20250101.0,126.0,0.0,0.0,1.0,36.0,3.0,7.0,
352.0,20231001.0,198.0,0.0,0.0,1.0,21.0,3.0,7.0,
352.0,20220101.0,180.0,0.0,0.0,1.0,0.0,3.0,7.0,
352.0,20230401.0,129.5,0.0,0.0,1.0,15.0,3.0,7.0,
352.0,20230301.0,167.5,0.0,0.0,1.0,14.0,3.0,7.0,
352.0,20250501.0,189.0,0.0,0.0,1.0,40.0,3.0,7.0,
352.0,20230101.0,198.0,0.0,0.0,1.0,12.0,3.0,7.0,
352.0,20240801.0,135.0,0.0,0.0,1.0,31.0,3.0,7.0,
352.0,20241101.0,189.0,0.0,0.0,1.0,34.0,3.0,7.0,
352.0,20220501.0,180.0,0.0,0.0,1.0,4.0,3.0,7.0,
352.0,20241001.0,162.0,0.0,0.0,1.0,33.0,3.0,7.0,
352.0,20240601.0,171.0,0.0,0.0,1.0,29.0,3.0,7.0,
352.0,20250301.0,119.0,0.0,0.0,1.0,38.0,3.0,7.0,
352.0,20230201.0,180.0,0.0,0.0,1.0,13.0,3.0,7.0,
352.0,20240201.0,189.0,0.0,0.0,1.0,25.0,3.0,7.0,
352.0,20230101.0,171.0,0.0,0.0,1.0,12.0,3.0,7.0,
352.0,20240301.0,145.0,0.0,0.0,1.0,26.0,3.0,7.0,
352.0,20220401.0,149.0,0.0,0.0,1.0,3.0,3.0,7.0,
352.0,20220601.0,198.0,0.0,0.0,1.0,5.0,3.0,7.0,
352.0,20241201.0,184.5,0.0,0.0,1.0,35.0,3.0,7.0,
352.0,20230801.0,153.0,0.0,0.0,1.0,19.0,3.0,7.0,
352.0,20240901.0,189.0,0.0,0.0,1.0,32.0,3.0,7.0,
352.0,20231201.0,144.0,0.0,0.0,1.0,23.0,3.0,7.0,
352.0,20221001.0,184.5,0.0,0.0,1.0,9.0,3.0,7.0,
352.0,20240101.0,162.0,0.0,0.0,1.0,24.0,3.0,7.0,
352.0,20230501.0,189.0,0.0,0.0,1.0,16.0,3.0,7.0,
352.0,20250601.0,171.0,0.0,0.0,1.0,41.0,3.0,7.0,
352.0,20230901.0,171.0,0.0,0.0,1.0,20.0,3.0,7.0,
352.0,20240401.0,153.5,0.0,0.0,1.0,27.0,3.0,7.0,
352.0,20231101.0,198.0,0.0,0.0,1.0,22.0,3.0,7.0,
352.0,20250201.0,180.0,0.0,0.0,1.0,37.0,3.0,7.0,
352.0,20230601.0,169.0,0.0,0.0,1.0,17.0,3.0,7.0,
352.0,20250401.0,189.0,0.0,0.0,1.0,39.0,3.0,7.0,
352.0,20221201.0,144.0,0.0,0.0,1.0,11.0,3.0,7.0,
352.0,20220301.0,207.0,0.0,0.0,1.0,1.0,3.0,7.0,
352.0,20221101.0,198.0,0.0,0.0,1.0,10.0,3.0,7.0,
352.0,20220201.0,180.0,0.0,0.0,1.0,1.0,3.0,7.0,
352.0,20240101.0,198.0,0.0,0.0,1.0,24.0,3.0,7.0,
352.0,20240501.0,180.0,0.0,0.0,1.0,28.0,3.0,7.0,
352.0,20220101.0,189.0,0.0,0.0,1.0,0.0,3.0,7.0,
352.0,20220901.0,198.0,0.0,0.0,1.0,8.0,3.0,7.0,
353.0,20250101.0,180.0,0.0,0.0,1.0,36.0,4.0,22.0,
353.0,20250101.0,126.0,0.0,0.0,1.0,36.0,4.0,22.0,
353.0,20231001.0,198.0,0.0,0.0,1.0,21.0,4.0,22.0,
353.0,20220101.0,180.0,0.0,0.0,1.0,0.0,4.0,22.0,
353.0,20230401.0,133.5,0.0,0.0,1.0,15.0,4.0,22.0,
353.0,20230301.0,180.5,0.0,0.0,1.0,14.0,4.0,22.0,
353.0,20250501.0,189.0,0.0,0.0,1.0,40.0,4.0,22.0,
353.0,20230101.0,198.0,0.0,0.0,1.0,12.0,4.0,22.0,
353.0,20240801.0,99.0,0.0,0.0,1.0,31.0,4.0,22.0,
353.0,20241101.0,171.0,0.0,0.0,1.0,34.0,4.0,22.0,
353.0,20220501.0,180.0,0.0,0.0,1.0,4.0,4.0,22.0,
353.0,20241001.0,207.0,0.0,0.0,1.0,33.0,4.0,22.0,
353.0,20240601.0,153.0,0.0,0.0,1.0,29.0,4.0,22.0,
353.0,20250301.0,133.0,0.0,0.0,1.0,38.0,4.0,22.0,
353.0,20230201.0,180.0,0.0,0.0,1.0,13.0,4.0,22.0,
353.0,20240201.0,189.0,0.0,0.0,1.0,25.0,4.0,22.0,
353.0,20230101.0,171.0,0.0,0.0,1.0,12.0,4.0,22.0,
353.0,20240301.0,73.5,0.0,0.0,1.0,26.0,4.0,22.0,
353.0,20220401.0,149.0,0.0,0.0,1.0,3.0,4.0,22.0,
353.0,20220601.0,198.0,0.0,0.0,1.0,5.0,4.0,22.0,
353.0,20241201.0,126.0,0.0,0.0,1.0,35.0,4.0,22.0,
353.0,20230801.0,126.0,0.0,0.0,1.0,19.0,4.0,22.0,
353.0,20240901.0,189.0,0.0,0.0,1.0,32.0,4.0,22.0,
353.0,20231201.0,144.0,0.0,0.0,1.0,23.0,4.0,22.0,
353.0,20221001.0,189.0,0.0,0.0,1.0,9.0,4.0,22.0,
353.0,20240101.0,198.0,0.0,0.0,1.0,24.0,4.0,22.0,
353.0,20230501.0,171.0,0.0,0.0,1.0,16.0,4.0,22.0,
353.0,20250601.0,171.0,0.0,0.0,1.0,41.0,4.0,22.0,
353.0,20230901.0,180.0,0.0,0.0,1.0,20.0,4.0,22.0,
353.0,20240401.0,137.428571428,0.0,0.0,1.0,27.0,4.0,22.0,
353.0,20231101.0,198.0,0.0,0.0,1.0,22.0,4.0,22.0,
353.0,20250201.0,180.0,0.0,0.0,1.0,37.0,4.0,22.0,
353.0,20230601.0,169.0,0.0,0.0,1.0,17.0,4.0,22.0,
353.0,20250401.0,189.0,0.0,0.0,1.0,39.0,4.0,22.0,
353.0,20221201.0,193.0,0.0,0.0,1.0,11.0,4.0,22.0,
353.0,20220301.0,207.0,0.0,0.0,1.0,1.0,4.0,22.0,
353.0,20221101.0,198.0,0.0,0.0,1.0,10.0,4.0,22.0,
353.0,20220201.0,180.0,0.0,0.0,1.0,1.0,4.0,22.0,
353.0,20240501.0,198.0,0.0,0.0,1.0,28.0,4.0,22.0,
353.0,20220901.0,153.0,0.0,0.0,1.0,8.0,4.0,22.0,
354.0,20250101.0,144.0,0.0,0.0,1.0,36.0,3.0,14.0,
354.0,20250101.0,126.0,0.0,0.0,1.0,36.0,3.0,14.0,
354.0,20231001.0,180.0,0.0,0.0,1.0,21.0,3.0,14.0,
354.0,20220101.0,171.0,0.0,0.0,1.0,0.0,3.0,14.0,
354.0,20230401.0,129.5,0.0,0.0,1.0,15.0,3.0,14.0,
354.0,20230301.0,180.5,0.0,0.0,1.0,14.0,3.0,14.0,
354.0,20250501.0,180.0,0.0,0.0,1.0,40.0,3.0,14.0,
354.0,20230101.0,198.0,0.0,0.0,1.0,12.0,3.0,14.0,
354.0,20240801.0,108.0,0.0,0.0,1.0,31.0,3.0,14.0,
354.0,20241101.0,180.0,0.0,0.0,1.0,34.0,3.0,14.0,
354.0,20220501.0,153.0,0.0,0.0,1.0,4.0,3.0,14.0,
354.0,20241001.0,207.0,0.0,0.0,1.0,33.0,3.0,14.0,
354.0,20240601.0,153.0,0.0,0.0,1.0,29.0,3.0,14.0,
354.0,20250301.0,112.0,0.0,0.0,1.0,38.0,3.0,14.0,
354.0,20230201.0,180.0,0.0,0.0,1.0,13.0,3.0,14.0,
354.0,20240201.0,180.0,0.0,0.0,1.0,25.0,3.0,14.0,
354.0,20230101.0,171.0,0.0,0.0,1.0,12.0,3.0,14.0,
354.0,20240301.0,145.0,0.0,0.0,1.0,26.0,3.0,14.0,
354.0,20220401.0,142.0,0.0,0.0,1.0,3.0,3.0,14.0,
354.0,20220601.0,162.0,0.0,0.0,1.0,5.0,3.0,14.0,
354.0,20241201.0,171.0,0.0,0.0,1.0,35.0,3.0,14.0,
354.0,20230801.0,207.0,0.0,0.0,1.0,19.0,3.0,14.0,
354.0,20240901.0,189.0,0.0,0.0,1.0,32.0,3.0,14.0,
354.0,20231201.0,135.0,0.0,0.0,1.0,23.0,3.0,14.0,
354.0,20221001.0,189.0,0.0,0.0,1.0,9.0,3.0,14.0,
354.0,20240101.0,198.0,0.0,0.0,1.0,24.0,3.0,14.0,
354.0,20230501.0,198.0,0.0,0.0,1.0,16.0,3.0,14.0,
354.0,20250601.0,168.0,0.0,0.0,1.0,41.0,3.0,14.0,
354.0,20230901.0,171.0,0.0,0.0,1.0,20.0,3.0,14.0,
354.0,20240401.0,140.5,0.0,0.0,1.0,27.0,3.0,14.0,
354.0,20231101.0,198.0,0.0,0.0,1.0,22.0,3.0,14.0,
354.0,20250201.0,180.0,0.0,0.0,1.0,37.0,3.0,14.0,
354.0,20230601.0,169.0,0.0,0.0,1.0,17.0,3.0,14.0,
354.0,20250401.0,189.0,0.0,0.0,1.0,39.0,3.0,14.0,
354.0,20221201.0,184.0,0.0,0.0,1.0,11.0,3.0,14.0,
354.0,20220301.0,207.0,0.0,0.0,1.0,1.0,3.0,14.0,
354.0,20221101.0,198.0,0.0,0.0,1.0,10.0,3.0,14.0,
354.0,20220201.0,180.0,0.0,0.0,1.0,1.0,3.0,14.0,
354.0,20240101.0,162.0,0.0,0.0,1.0,24.0,3.0,14.0,
354.0,20240501.0,189.0,0.0,0.0,1.0,28.0,3.0,14.0,
354.0,20220101.0,189.0,0.0,0.0,1.0,0.0,3.0,14.0,
354.0,20220901.0,180.0,0.0,0.0,1.0,8.0,3.0,14.0,
469.0,20231001.0,198.0,0.0,0.0,1.0,21.0,3.0,14.0,
469.0,20220101.0,144.0,0.0,0.0,1.0,0.0,3.0,14.0,
469.0,20230401.0,129.5,0.0,0.0,1.0,15.0,3.0,14.0,
469.0,20230301.0,180.5,0.0,0.0,1.0,14.0,3.0,14.0,
469.0,20230101.0,153.0,0.0,0.0,1.0,12.0,3.0,14.0,
469.0,20220501.0,180.0,0.0,0.0,1.0,4.0,3.0,14.0,
469.0,20230201.0,180.0,0.0,0.0,1.0,13.0,3.0,14.0,
469.0,20240201.0,0.0,0.0,0.0,1.0,25.0,3.0,14.0,
469.0,20220401.0,142.0,0.0,0.0,1.0,3.0,3.0,14.0,
469.0,20220601.0,153.0,0.0,0.0,1.0,5.0,3.0,14.0,
469.0,20230801.0,162.0,0.0,0.0,1.0,19.0,3.0,14.0,
469.0,20231201.0,162.0,0.0,0.0,1.0,23.0,3.0,14.0,
469.0,20221001.0,180.0,0.0,0.0,1.0,9.0,3.0,14.0,
469.0,20230501.0,180.0,0.0,0.0,1.0,16.0,3.0,14.0,
469.0,20230901.0,180.0,0.0,0.0,1.0,20.0,3.0,14.0,
469.0,20231101.0,198.0,0.0,0.0,1.0,22.0,3.0,14.0,
469.0,20230601.0,169.0,0.0,0.0,1.0,17.0,3.0,14.0,
469.0,20221201.0,153.0,0.0,0.0,1.0,11.0,3.0,14.0,
469.0,20220301.0,189.0,0.0,0.0,1.0,1.0,3.0,14.0,
469.0,20221101.0,198.0,0.0,0.0,1.0,10.0,3.0,14.0,
469.0,20220201.0,171.0,0.0,0.0,1.0,1.0,3.0,14.0,
469.0,20240101.0,90.0,0.0,0.0,1.0,24.0,3.0,14.0,
469.0,20220101.0,189.0,0.0,0.0,1.0,0.0,3.0,14.0,
469.0,20220901.0,189.0,0.0,0.0,1.0,8.0,3.0,14.0,
470.0,20231001.0,0.0,0.0,0.0,1.0,21.0,3.0,14.0,
470.0,20220101.0,171.0,0.0,0.0,1.0,0.0,3.0,14.0,
470.0,20230401.0,129.5,0.0,0.0,1.0,15.0,3.0,14.0,
470.0,20230301.0,126.5,0.0,0.0,1.0,14.0,3.0,14.0,
470.0,20230101.0,198.0,0.0,0.0,1.0,12.0,3.0,14.0,
470.0,20220501.0,180.0,0.0,0.0,1.0,4.0,3.0,14.0,
470.0,20230201.0,180.0,0.0,0.0,1.0,13.0,3.0,14.0,
470.0,20230101.0,0.0,0.0,0.0,1.0,12.0,3.0,14.0,
470.0,20220401.0,149.0,0.0,0.0,1.0,3.0,3.0,14.0,
470.0,20220601.0,198.0,0.0,0.0,1.0,5.0,3.0,14.0,
470.0,20221001.0,189.0,0.0,0.0,1.0,9.0,3.0,14.0,
470.0,20230501.0,198.0,0.0,0.0,1.0,16.0,3.0,14.0,
470.0,20230601.0,160.0,0.0,0.0,1.0,17.0,3.0,14.0,
470.0,20221201.0,162.0,0.0,0.0,1.0,11.0,3.0,14.0,
470.0,20220301.0,162.0,0.0,0.0,1.0,1.0,3.0,14.0,
470.0,20221101.0,198.0,0.0,0.0,1.0,10.0,3.0,14.0,
470.0,20220201.0,171.0,0.0,0.0,1.0,1.0,3.0,14.0,
470.0,20220101.0,189.0,0.0,0.0,1.0,0.0,3.0,14.0,
470.0,20220901.0,198.0,0.0,0.0,1.0,8.0,3.0,14.0,
551.0,20220101.0,63.0,0.0,0.0,1.0,0.0,3.0,14.0,
551.0,20220501.0,180.0,0.0,0.0,1.0,4.0,3.0,14.0,
551.0,20220401.0,142.0,0.0,0.0,1.0,3.0,3.0,14.0,
551.0,20220601.0,108.0,0.0,0.0,1.0,5.0,3.0,14.0,
551.0,20221001.0,189.0,0.0,0.0,1.0,9.0,3.0,14.0,
551.0,20221201.0,0.0,0.0,0.0,1.0,11.0,3.0,14.0,
551.0,20220301.0,207.0,0.0,0.0,1.0,1.0,3.0,14.0,
551.0,20221101.0,108.0,0.0,0.0,1.0,10.0,3.0,14.0,
551.0,20220201.0,135.0,0.0,0.0,1.0,1.0,3.0,14.0,
551.0,20220101.0,189.0,0.0,0.0,1.0,0.0,3.0,14.0,
551.0,20220901.0,198.0,0.0,0.0,1.0,8.0,3.0,14.0,
471.0,20231001.0,198.0,0.0,0.0,1.0,21.0,3.0,13.0,
471.0,20220101.0,144.0,0.0,0.0,1.0,0.0,3.0,13.0,
471.0,20230401.0,129.5,0.0,0.0,1.0,15.0,3.0,13.0,
471.0,20230301.0,180.5,0.0,0.0,1.0,14.0,3.0,13.0,
471.0,20230101.0,198.0,0.0,0.0,1.0,12.0,3.0,13.0,
471.0,20220501.0,180.0,0.0,0.0,1.0,4.0,3.0,13.0,
471.0,20240601.0,0.0,0.0,0.0,1.0,29.0,3.0,13.0,
471.0,20230201.0,180.0,0.0,0.0,1.0,13.0,3.0,13.0,
471.0,20240201.0,180.0,0.0,0.0,1.0,25.0,3.0,13.0,
471.0,20230101.0,135.0,0.0,0.0,1.0,12.0,3.0,13.0,
471.0,20240301.0,138.5,0.0,0.0,1.0,26.0,3.0,13.0,
471.0,20220401.0,149.0,0.0,0.0,1.0,3.0,3.0,13.0,
471.0,20220601.0,198.0,0.0,0.0,1.0,5.0,3.0,13.0,
471.0,20230801.0,162.0,0.0,0.0,1.0,19.0,3.0,13.0,
471.0,20231201.0,144.0,0.0,0.0,1.0,23.0,3.0,13.0,
471.0,20221001.0,189.0,0.0,0.0,1.0,9.0,3.0,13.0,
471.0,20230501.0,198.0,0.0,0.0,1.0,16.0,3.0,13.0,
471.0,20230901.0,180.0,0.0,0.0,1.0,20.0,3.0,13.0,
471.0,20240401.0,19.5,0.0,0.0,1.0,27.0,3.0,13.0,
471.0,20231101.0,198.0,0.0,0.0,1.0,22.0,3.0,13.0,
471.0,20230601.0,169.0,0.0,0.0,1.0,17.0,3.0,13.0,
471.0,20221201.0,135.0,0.0,0.0,1.0,11.0,3.0,13.0,
471.0,20220301.0,207.0,0.0,0.0,1.0,1.0,3.0,13.0,
471.0,20221101.0,162.0,0.0,0.0,1.0,10.0,3.0,13.0,
471.0,20220201.0,162.0,0.0,0.0,1.0,1.0,3.0,13.0,
471.0,20240101.0,162.0,0.0,0.0,1.0,24.0,3.0,13.0,
471.0,20220101.0,189.0,0.0,0.0,1.0,0.0,3.0,13.0,
471.0,20220901.0,198.0,0.0,0.0,1.0,8.0,3.0,13.0,
472.0,20231001.0,198.0,0.0,0.0,1.0,21.0,3.0,13.0,
472.0,20220101.0,144.0,0.0,0.0,1.0,0.0,3.0,13.0,
472.0,20230401.0,129.5,0.0,0.0,1.0,15.0,3.0,13.0,
472.0,20230301.0,162.5,0.0,0.0,1.0,14.0,3.0,13.0,
472.0,20230101.0,198.0,0.0,0.0,1.0,12.0,3.0,13.0,
472.0,20220501.0,180.0,0.0,0.0,1.0,4.0,3.0,13.0,
472.0,20240601.0,108.0,0.0,0.0,1.0,29.0,3.0,13.0,
472.0,20230201.0,180.0,0.0,0.0,1.0,13.0,3.0,13.0,
472.0,20240201.0,189.0,0.0,0.0,1.0,25.0,3.0,13.0,
472.0,20230101.0,135.0,0.0,0.0,1.0,12.0,3.0,13.0,
472.0,20240301.0,145.0,0.0,0.0,1.0,26.0,3.0,13.0,
472.0,20220401.0,149.0,0.0,0.0,1.0,3.0,3.0,13.0,
472.0,20220601.0,189.0,0.0,0.0,1.0,5.0,3.0,13.0,
472.0,20230801.0,171.0,0.0,0.0,1.0,19.0,3.0,13.0,
472.0,20231201.0,144.0,0.0,0.0,1.0,23.0,3.0,13.0,
472.0,20221001.0,189.0,0.0,0.0,1.0,9.0,3.0,13.0,
472.0,20240101.0,0.0,0.0,0.0,1.0,24.0,3.0,13.0,
472.0,20230501.0,198.0,0.0,0.0,1.0,16.0,3.0,13.0,
472.0,20230901.0,180.0,0.0,0.0,1.0,20.0,3.0,13.0,
472.0,20240401.0,140.5,0.0,0.0,1.0,27.0,3.0,13.0,
472.0,20231101.0,189.0,0.0,0.0,1.0,22.0,3.0,13.0,
472.0,20230601.0,169.0,0.0,0.0,1.0,17.0,3.0,13.0,
472.0,20221201.0,153.0,0.0,0.0,1.0,11.0,3.0,13.0,
472.0,20220301.0,198.0,0.0,0.0,1.0,1.0,3.0,13.0,
472.0,20221101.0,189.0,0.0,0.0,1.0,10.0,3.0,13.0,
472.0,20220201.0,180.0,0.0,0.0,1.0,1.0,3.0,13.0,
472.0,20240101.0,153.0,0.0,0.0,1.0,24.0,3.0,13.0,
472.0,20240501.0,198.0,0.0,0.0,1.0,28.0,3.0,13.0,
472.0,20220101.0,189.0,0.0,0.0,1.0,0.0,3.0,13.0,
472.0,20220901.0,198.0,0.0,0.0,1.0,8.0,3.0,13.0,
355.0,20250101.0,180.0,0.0,0.0,1.0,36.0,3.0,14.0,
355.0,20250101.0,126.0,0.0,0.0,1.0,36.0,3.0,14.0,
355.0,20231001.0,198.0,0.0,0.0,1.0,21.0,3.0,14.0,
355.0,20220101.0,117.0,0.0,0.0,1.0,0.0,3.0,14.0,
355.0,20230401.0,129.5,0.0,0.0,1.0,15.0,3.0,14.0,
355.0,20230301.0,180.5,0.0,0.0,1.0,14.0,3.0,14.0,
355.0,20250501.0,189.0,0.0,0.0,1.0,40.0,3.0,14.0,
355.0,20230101.0,198.0,0.0,0.0,1.0,12.0,3.0,14.0,
355.0,20240801.0,135.0,0.0,0.0,1.0,31.0,3.0,14.0,
355.0,20241101.0,189.0,0.0,0.0,1.0,34.0,3.0,14.0,
355.0,20220501.0,180.0,0.0,0.0,1.0,4.0,3.0,14.0,
355.0,20241001.0,198.0,0.0,0.0,1.0,33.0,3.0,14.0,
355.0,20240601.0,171.0,0.0,0.0,1.0,29.0,3.0,14.0,
355.0,20250301.0,126.0,0.0,0.0,1.0,38.0,3.0,14.0,
355.0,20230201.0,171.0,0.0,0.0,1.0,13.0,3.0,14.0,
355.0,20240201.0,180.0,0.0,0.0,1.0,25.0,3.0,14.0,
355.0,20230101.0,135.0,0.0,0.0,1.0,12.0,3.0,14.0,
355.0,20240301.0,145.0,0.0,0.0,1.0,26.0,3.0,14.0,
355.0,20220401.0,149.0,0.0,0.0,1.0,3.0,3.0,14.0,
355.0,20220601.0,198.0,0.0,0.0,1.0,5.0,3.0,14.0,
355.0,20241201.0,126.0,0.0,0.0,1.0,35.0,3.0,14.0,
355.0,20230801.0,171.0,0.0,0.0,1.0,19.0,3.0,14.0,
355.0,20240901.0,189.0,0.0,0.0,1.0,32.0,3.0,14.0,
355.0,20231201.0,144.0,0.0,0.0,1.0,23.0,3.0,14.0,
355.0,20221001.0,189.0,0.0,0.0,1.0,9.0,3.0,14.0,
355.0,20240101.0,162.0,0.0,0.0,1.0,24.0,3.0,14.0,
355.0,20230501.0,198.0,0.0,0.0,1.0,16.0,3.0,14.0,
355.0,20250601.0,162.0,0.0,0.0,1.0,41.0,3.0,14.0,
355.0,20230901.0,180.0,0.0,0.0,1.0,20.0,3.0,14.0,
355.0,20240401.0,140.5,0.0,0.0,1.0,27.0,3.0,14.0,
355.0,20231101.0,198.0,0.0,0.0,1.0,22.0,3.0,14.0,
355.0,20250201.0,171.0,0.0,0.0,1.0,37.0,3.0,14.0,
355.0,20230601.0,169.0,0.0,0.0,1.0,17.0,3.0,14.0,
355.0,20250401.0,180.0,0.0,0.0,1.0,39.0,3.0,14.0,
355.0,20221201.0,135.0,0.0,0.0,1.0,11.0,3.0,14.0,
355.0,20220301.0,207.0,0.0,0.0,1.0,1.0,3.0,14.0,
355.0,20221101.0,198.0,0.0,0.0,1.0,10.0,3.0,14.0,
355.0,20220201.0,180.0,0.0,0.0,1.0,1.0,3.0,14.0,
355.0,20240501.0,198.0,0.0,0.0,1.0,28.0,3.0,14.0,
355.0,20220101.0,189.0,0.0,0.0,1.0,0.0,3.0,14.0,
355.0,20220901.0,198.0,0.0,0.0,1.0,8.0,3.0,14.0,
552.0,20220101.0,99.0,0.0,0.0,1.0,0.0,3.0,13.0,
552.0,20220501.0,162.0,0.0,0.0,1.0,4.0,3.0,13.0,
552.0,20220401.0,149.0,0.0,0.0,1.0,3.0,3.0,13.0,
552.0,20220601.0,198.0,0.0,0.0,1.0,5.0,3.0,13.0,
552.0,20221001.0,0.0,0.0,0.0,1.0,9.0,3.0,13.0,
552.0,20221201.0,0.0,0.0,0.0,1.0,11.0,3.0,13.0,
552.0,20220301.0,207.0,0.0,0.0,1.0,1.0,3.0,13.0,
552.0,20220201.0,180.0,0.0,0.0,1.0,1.0,3.0,13.0,
552.0,20220101.0,189.0,0.0,0.0,1.0,0.0,3.0,13.0,
552.0,20220901.0,153.0,0.0,0.0,1.0,8.0,3.0,13.0,
588.0,20220501.0,180.0,0.0,0.0,1.0,4.0,3.0,13.0,
588.0,20220401.0,149.0,0.0,0.0,1.0,3.0,3.0,13.0,
588.0,20220601.0,108.0,0.0,0.0,1.0,5.0,3.0,13.0,
588.0,20220301.0,207.0,0.0,0.0,1.0,1.0,3.0,13.0,
588.0,20220201.0,180.0,0.0,0.0,1.0,1.0,3.0,13.0,
588.0,20220101.0,189.0,0.0,0.0,1.0,0.0,3.0,13.0,
473.0,20231001.0,198.0,0.0,0.0,1.0,21.0,3.0,13.0,
473.0,20220101.0,180.0,0.0,0.0,1.0,0.0,3.0,13.0,
473.0,20230401.0,129.5,0.0,0.0,1.0,15.0,3.0,13.0,
473.0,20230301.0,174.0,0.0,0.0,1.0,14.0,3.0,13.0,
473.0,20230101.0,198.0,0.0,0.0,1.0,12.0,3.0,13.0,
473.0,20240801.0,162.0,0.0,0.0,1.0,31.0,3.0,13.0,
473.0,20220501.0,180.0,0.0,0.0,1.0,4.0,3.0,13.0,
473.0,20241001.0,0.0,0.0,0.0,1.0,33.0,3.0,13.0,
473.0,20240601.0,171.0,0.0,0.0,1.0,29.0,3.0,13.0,
473.0,20230201.0,180.0,0.0,0.0,1.0,13.0,3.0,13.0,
473.0,20240201.0,189.0,0.0,0.0,1.0,25.0,3.0,13.0,
473.0,20230101.0,135.0,0.0,0.0,1.0,12.0,3.0,13.0,
473.0,20240301.0,145.0,0.0,0.0,1.0,26.0,3.0,13.0,
473.0,20220401.0,149.0,0.0,0.0,1.0,3.0,3.0,13.0,
473.0,20220601.0,189.0,0.0,0.0,1.0,5.0,3.0,13.0,
473.0,20230801.0,171.0,0.0,0.0,1.0,19.0,3.0,13.0,
473.0,20240901.0,117.0,0.0,0.0,1.0,32.0,3.0,13.0,
473.0,20231201.0,99.0,0.0,0.0,1.0,23.0,3.0,13.0,
473.0,20221001.0,180.0,0.0,0.0,1.0,9.0,3.0,13.0,
473.0,20240101.0,171.0,0.0,0.0,1.0,24.0,3.0,13.0,
473.0,20230501.0,198.0,0.0,0.0,1.0,16.0,3.0,13.0,
473.0,20230901.0,180.0,0.0,0.0,1.0,20.0,3.0,13.0,
473.0,20240401.0,140.5,0.0,0.0,1.0,27.0,3.0,13.0,
473.0,20231101.0,198.0,0.0,0.0,1.0,22.0,3.0,13.0,
473.0,20230601.0,151.0,0.0,0.0,1.0,17.0,3.0,13.0,
473.0,20221201.0,153.0,0.0,0.0,1.0,11.0,3.0,13.0,
473.0,20220301.0,207.0,0.0,0.0,1.0,1.0,3.0,13.0,
473.0,20221101.0,198.0,0.0,0.0,1.0,10.0,3.0,13.0,
473.0,20220201.0,144.0,0.0,0.0,1.0,1.0,3.0,13.0,
473.0,20240101.0,162.0,0.0,0.0,1.0,24.0,3.0,13.0,
473.0,20240501.0,198.0,0.0,0.0,1.0,28.0,3.0,13.0,
473.0,20220901.0,198.0,0.0,0.0,1.0,8.0,3.0,13.0,
474.0,20231001.0,180.0,0.0,0.0,1.0,21.0,3.0,20.0,
474.0,20220101.0,171.0,0.0,0.0,1.0,0.0,3.0,20.0,
474.0,20230401.0,111.5,0.0,0.0,1.0,15.0,3.0,20.0,
474.0,20230301.0,149.5,0.0,0.0,1.0,14.0,3.0,20.0,
474.0,20230101.0,198.0,0.0,0.0,1.0,12.0,3.0,20.0,
474.0,20240801.0,0.0,0.0,0.0,1.0,31.0,3.0,20.0,
474.0,20220501.0,153.0,0.0,0.0,1.0,4.0,3.0,20.0,
474.0,20240601.0,171.0,0.0,0.0,1.0,29.0,3.0,20.0,
474.0,20230201.0,180.0,0.0,0.0,1.0,13.0,3.0,20.0,
474.0,20240201.0,189.0,0.0,0.0,1.0,25.0,3.0,20.0,
474.0,20230101.0,162.0,0.0,0.0,1.0,12.0,3.0,20.0,
474.0,20240301.0,145.0,0.0,0.0,1.0,26.0,3.0,20.0,
474.0,20220401.0,149.0,0.0,0.0,1.0,3.0,3.0,20.0,
474.0,20220601.0,171.0,0.0,0.0,1.0,5.0,3.0,20.0,
474.0,20230801.0,171.0,0.0,0.0,1.0,19.0,3.0,20.0,
474.0,20231201.0,144.0,0.0,0.0,1.0,23.0,3.0,20.0,
474.0,20221001.0,189.0,0.0,0.0,1.0,9.0,3.0,20.0,
474.0,20240101.0,126.0,0.0,0.0,1.0,24.0,3.0,20.0,
474.0,20230501.0,198.0,0.0,0.0,1.0,16.0,3.0,20.0,
474.0,20230901.0,180.0,0.0,0.0,1.0,20.0,3.0,20.0,
474.0,20240401.0,140.5,0.0,0.0,1.0,27.0,3.0,20.0,
474.0,20231101.0,198.0,0.0,0.0,1.0,22.0,3.0,20.0,
474.0,20230601.0,169.0,0.0,0.0,1.0,17.0,3.0,20.0,
474.0,20221201.0,189.0,0.0,0.0,1.0,11.0,3.0,20.0,
474.0,20220301.0,207.0,0.0,0.0,1.0,1.0,3.0,20.0,
474.0,20221101.0,180.0,0.0,0.0,1.0,10.0,3.0,20.0,
474.0,20220201.0,180.0,0.0,0.0,1.0,1.0,3.0,20.0,
474.0,20240101.0,153.0,0.0,0.0,1.0,24.0,3.0,20.0,
474.0,20240501.0,198.0,0.0,0.0,1.0,28.0,3.0,20.0,
474.0,20220101.0,180.0,0.0,0.0,1.0,0.0,3.0,20.0,
474.0,20220901.0,198.0,0.0,0.0,1.0,8.0,3.0,20.0,
356.0,20250101.0,180.0,0.0,0.0,1.0,36.0,3.0,14.0,
356.0,20250101.0,0.0,0.0,0.0,1.0,36.0,3.0,14.0,
356.0,20231001.0,162.0,0.0,0.0,1.0,21.0,3.0,14.0,
356.0,20220101.0,180.0,0.0,0.0,1.0,0.0,3.0,14.0,
356.0,20230401.0,129.5,0.0,0.0,1.0,15.0,3.0,14.0,
356.0,20230301.0,180.5,0.0,0.0,1.0,14.0,3.0,14.0,
356.0,20250501.0,0.0,0.0,0.0,1.0,40.0,3.0,14.0,
356.0,20230101.0,198.0,0.0,0.0,1.0,12.0,3.0,14.0,
356.0,20240801.0,144.0,0.0,0.0,1.0,31.0,3.0,14.0,
356.0,20241101.0,189.0,0.0,0.0,1.0,34.0,3.0,14.0,
356.0,20220501.0,180.0,0.0,0.0,1.0,4.0,3.0,14.0,
356.0,20241001.0,180.0,0.0,0.0,1.0,33.0,3.0,14.0,
356.0,20240601.0,171.0,0.0,0.0,1.0,29.0,3.0,14.0,
356.0,20250301.0,0.0,0.0,0.0,1.0,38.0,3.0,14.0,
356.0,20230201.0,180.0,0.0,0.0,1.0,13.0,3.0,14.0,
356.0,20240201.0,189.0,0.0,0.0,1.0,25.0,3.0,14.0,
356.0,20230101.0,144.0,0.0,0.0,1.0,12.0,3.0,14.0,
356.0,20240301.0,145.0,0.0,0.0,1.0,26.0,3.0,14.0,
356.0,20220401.0,149.0,0.0,0.0,1.0,3.0,3.0,14.0,
356.0,20220601.0,198.0,0.0,0.0,1.0,5.0,3.0,14.0,
356.0,20241201.0,117.0,0.0,0.0,1.0,35.0,3.0,14.0,
356.0,20230801.0,189.0,0.0,0.0,1.0,19.0,3.0,14.0,
356.0,20240901.0,189.0,0.0,0.0,1.0,32.0,3.0,14.0,
356.0,20231201.0,144.0,0.0,0.0,1.0,23.0,3.0,14.0,
356.0,20221001.0,189.0,0.0,0.0,1.0,9.0,3.0,14.0,
356.0,20240101.0,198.0,0.0,0.0,1.0,24.0,3.0,14.0,
356.0,20230501.0,198.0,0.0,0.0,1.0,16.0,3.0,14.0,
356.0,20250601.0,0.0,0.0,0.0,1.0,41.0,3.0,14.0,
356.0,20230901.0,180.0,0.0,0.0,1.0,20.0,3.0,14.0,
356.0,20240401.0,140.5,0.0,0.0,1.0,27.0,3.0,14.0,
356.0,20231101.0,198.0,0.0,0.0,1.0,22.0,3.0,14.0,
356.0,20250201.0,27.0,0.0,0.0,1.0,37.0,3.0,14.0,
356.0,20230601.0,169.0,0.0,0.0,1.0,17.0,3.0,14.0,
356.0,20250401.0,0.0,0.0,0.0,1.0,39.0,3.0,14.0,
356.0,20221201.0,153.0,0.0,0.0,1.0,11.0,3.0,14.0,
356.0,20220301.0,207.0,0.0,0.0,1.0,1.0,3.0,14.0,
356.0,20221101.0,198.0,0.0,0.0,1.0,10.0,3.0,14.0,
356.0,20220201.0,180.0,0.0,0.0,1.0,1.0,3.0,14.0,
356.0,20240101.0,162.0,0.0,0.0,1.0,24.0,3.0,14.0,
356.0,20240501.0,198.0,0.0,0.0,1.0,28.0,3.0,14.0,
356.0,20220101.0,162.0,0.0,0.0,1.0,0.0,3.0,14.0,
356.0,20220901.0,198.0,0.0,0.0,1.0,8.0,3.0,14.0,
553.0,20220101.0,126.0,0.0,0.0,1.0,0.0,3.0,14.0,
553.0,20230301.0,0.0,0.0,0.0,1.0,14.0,3.0,14.0,
553.0,20230101.0,198.0,0.0,0.0,1.0,12.0,3.0,14.0,
553.0,20220501.0,171.0,0.0,0.0,1.0,4.0,3.0,14.0,
553.0,20230201.0,108.0,0.0,0.0,1.0,13.0,3.0,14.0,
553.0,20220401.0,149.0,0.0,0.0,1.0,3.0,3.0,14.0,
553.0,20220601.0,198.0,0.0,0.0,1.0,5.0,3.0,14.0,
553.0,20221001.0,189.0,0.0,0.0,1.0,9.0,3.0,14.0,
553.0,20221201.0,135.0,0.0,0.0,1.0,11.0,3.0,14.0,
553.0,20220301.0,198.0,0.0,0.0,1.0,1.0,3.0,14.0,
553.0,20221101.0,189.0,0.0,0.0,1.0,10.0,3.0,14.0,
553.0,20220201.0,171.0,0.0,0.0,1.0,1.0,3.0,14.0,
553.0,20220101.0,171.0,0.0,0.0,1.0,0.0,3.0,14.0,
553.0,20220901.0,189.0,0.0,0.0,1.0,8.0,3.0,14.0,
357.0,20250101.0,180.0,0.0,0.0,1.0,36.0,3.0,13.0,
357.0,20250101.0,117.0,0.0,0.0,1.0,36.0,3.0,13.0,
357.0,20231001.0,198.0,0.0,0.0,1.0,21.0,3.0,13.0,
357.0,20220101.0,180.0,0.0,0.0,1.0,0.0,3.0,13.0,
357.0,20230401.0,129.5,0.0,0.0,1.0,15.0,3.0,13.0,
357.0,20230301.0,180.5,0.0,0.0,1.0,14.0,3.0,13.0,
357.0,20250501.0,189.0,0.0,0.0,1.0,40.0,3.0,13.0,
357.0,20230101.0,198.0,0.0,0.0,1.0,12.0,3.0,13.0,
357.0,20240801.0,90.0,0.0,0.0,1.0,31.0,3.0,13.0,
357.0,20241101.0,189.0,0.0,0.0,1.0,34.0,3.0,13.0,
357.0,20220501.0,180.0,0.0,0.0,1.0,4.0,3.0,13.0,
357.0,20241001.0,207.0,0.0,0.0,1.0,33.0,3.0,13.0,
357.0,20240601.0,171.0,0.0,0.0,1.0,29.0,3.0,13.0,
357.0,20250301.0,133.0,0.0,0.0,1.0,38.0,3.0,13.0,
357.0,20230201.0,171.0,0.0,0.0,1.0,13.0,3.0,13.0,
357.0,20240201.0,189.0,0.0,0.0,1.0,25.0,3.0,13.0,
357.0,20230101.0,180.0,0.0,0.0,1.0,12.0,3.0,13.0,
357.0,20240301.0,138.5,0.0,0.0,1.0,26.0,3.0,13.0,
357.0,20220401.0,149.0,0.0,0.0,1.0,3.0,3.0,13.0,
357.0,20220601.0,189.0,0.0,0.0,1.0,5.0,3.0,13.0,
357.0,20241201.0,144.0,0.0,0.0,1.0,35.0,3.0,13.0,
357.0,20230801.0,135.0,0.0,0.0,1.0,19.0,3.0,13.0,
357.0,20240901.0,189.0,0.0,0.0,1.0,32.0,3.0,13.0,
357.0,20231201.0,135.0,0.0,0.0,1.0,23.0,3.0,13.0,
357.0,20221001.0,180.0,0.0,0.0,1.0,9.0,3.0,13.0,
357.0,20240101.0,198.0,0.0,0.0,1.0,24.0,3.0,13.0,
357.0,20230501.0,189.0,0.0,0.0,1.0,16.0,3.0,13.0,
357.0,20250601.0,177.0,0.0,0.0,1.0,41.0,3.0,13.0,
357.0,20230901.0,180.0,0.0,0.0,1.0,20.0,3.0,13.0,
357.0,20240401.0,140.5,0.0,0.0,1.0,27.0,3.0,13.0,
357.0,20231101.0,189.0,0.0,0.0,1.0,22.0,3.0,13.0,
357.0,20250201.0,162.0,0.0,0.0,1.0,37.0,3.0,13.0,
357.0,20230601.0,160.0,0.0,0.0,1.0,17.0,3.0,13.0,
357.0,20250401.0,189.0,0.0,0.0,1.0,39.0,3.0,13.0,
357.0,20221201.0,171.0,0.0,0.0,1.0,11.0,3.0,13.0,
357.0,20220301.0,207.0,0.0,0.0,1.0,1.0,3.0,13.0,
357.0,20221101.0,189.0,0.0,0.0,1.0,10.0,3.0,13.0,
357.0,20220201.0,180.0,0.0,0.0,1.0,1.0,3.0,13.0,
357.0,20240101.0,153.0,0.0,0.0,1.0,24.0,3.0,13.0,
357.0,20240501.0,189.0,0.0,0.0,1.0,28.0,3.0,13.0,
357.0,20220101.0,54.0,0.0,0.0,1.0,0.0,3.0,13.0,
357.0,20220901.0,198.0,0.0,0.0,1.0,8.0,3.0,13.0,
475.0,20231001.0,0.0,0.0,0.0,1.0,21.0,3.0,22.0,
475.0,20220101.0,162.0,0.0,0.0,1.0,0.0,3.0,22.0,
475.0,20230401.0,129.5,0.0,0.0,1.0,15.0,3.0,22.0,
475.0,20230301.0,174.0,0.0,0.0,1.0,14.0,3.0,22.0,
475.0,20230101.0,162.0,0.0,0.0,1.0,12.0,3.0,22.0,
475.0,20220501.0,153.0,0.0,0.0,1.0,4.0,3.0,22.0,
475.0,20230201.0,180.0,0.0,0.0,1.0,13.0,3.0,22.0,
475.0,20230101.0,9.0,0.0,0.0,1.0,12.0,3.0,22.0,
475.0,20220401.0,149.0,0.0,0.0,1.0,3.0,3.0,22.0,
475.0,20220601.0,198.0,0.0,0.0,1.0,5.0,3.0,22.0,
475.0,20221001.0,189.0,0.0,0.0,1.0,9.0,3.0,22.0,
475.0,20230501.0,198.0,0.0,0.0,1.0,16.0,3.0,22.0,
475.0,20230601.0,169.0,0.0,0.0,1.0,17.0,3.0,22.0,
475.0,20221201.0,153.0,0.0,0.0,1.0,11.0,3.0,22.0,
475.0,20220301.0,207.0,0.0,0.0,1.0,1.0,3.0,22.0,
475.0,20221101.0,189.0,0.0,0.0,1.0,10.0,3.0,22.0,
475.0,20220201.0,180.0,0.0,0.0,1.0,1.0,3.0,22.0,
475.0,20220101.0,36.0,0.0,0.0,1.0,0.0,3.0,22.0,
475.0,20220901.0,171.0,0.0,0.0,1.0,8.0,3.0,22.0,
476.0,20231001.0,189.0,0.0,0.0,1.0,21.0,3.0,22.0,
476.0,20220101.0,180.0,0.0,0.0,1.0,0.0,3.0,22.0,
476.0,20230401.0,120.5,0.0,0.0,1.0,15.0,3.0,22.0,
476.0,20230301.0,180.5,0.0,0.0,1.0,14.0,3.0,22.0,
476.0,20230101.0,198.0,0.0,0.0,1.0,12.0,3.0,22.0,
476.0,20220501.0,171.0,0.0,0.0,1.0,4.0,3.0,22.0,
476.0,20230201.0,180.0,0.0,0.0,1.0,13.0,3.0,22.0,
476.0,20240201.0,0.0,0.0,0.0,1.0,25.0,3.0,22.0,
476.0,20230101.0,162.0,0.0,0.0,1.0,12.0,3.0,22.0,
476.0,20220401.0,70.0,0.0,0.0,1.0,3.0,3.0,22.0,
476.0,20220601.0,198.0,0.0,0.0,1.0,5.0,3.0,22.0,
476.0,20230801.0,189.0,0.0,0.0,1.0,19.0,3.0,22.0,
476.0,20231201.0,126.0,0.0,0.0,1.0,23.0,3.0,22.0,
476.0,20221001.0,189.0,0.0,0.0,1.0,9.0,3.0,22.0,
476.0,20230501.0,198.0,0.0,0.0,1.0,16.0,3.0,22.0,
476.0,20230901.0,162.0,0.0,0.0,1.0,20.0,3.0,22.0,
476.0,20231101.0,198.0,0.0,0.0,1.0,22.0,3.0,22.0,
476.0,20230601.0,169.0,0.0,0.0,1.0,17.0,3.0,22.0,
476.0,20221201.0,153.0,0.0,0.0,1.0,11.0,3.0,22.0,
476.0,20220301.0,0.0,0.0,0.0,1.0,1.0,3.0,22.0,
476.0,20221101.0,189.0,0.0,0.0,1.0,10.0,3.0,22.0,
476.0,20220901.0,81.0,0.0,0.0,1.0,8.0,3.0,22.0,
358.0,20250101.0,180.0,0.0,0.0,1.0,36.0,3.0,22.0,
358.0,20250101.0,126.0,0.0,0.0,1.0,36.0,3.0,22.0,
358.0,20231001.0,198.0,0.0,0.0,1.0,21.0,3.0,22.0,
358.0,20220101.0,0.0,0.0,0.0,1.0,0.0,3.0,22.0,
358.0,20230401.0,129.5,0.0,0.0,1.0,15.0,3.0,22.0,
358.0,20230301.0,171.5,0.0,0.0,1.0,14.0,3.0,22.0,
358.0,20250501.0,162.0,0.0,0.0,1.0,40.0,3.0,22.0,
358.0,20230101.0,198.0,0.0,0.0,1.0,12.0,3.0,22.0,
358.0,20240801.0,171.0,0.0,0.0,1.0,31.0,3.0,22.0,
358.0,20241101.0,171.0,0.0,0.0,1.0,34.0,3.0,22.0,
358.0,20241001.0,198.0,0.0,0.0,1.0,33.0,3.0,22.0,
358.0,20240601.0,162.0,0.0,0.0,1.0,29.0,3.0,22.0,
358.0,20250301.0,119.0,0.0,0.0,1.0,38.0,3.0,22.0,
358.0,20230201.0,180.0,0.0,0.0,1.0,13.0,3.0,22.0,
358.0,20240201.0,189.0,0.0,0.0,1.0,25.0,3.0,22.0,
358.0,20230101.0,144.0,0.0,0.0,1.0,12.0,3.0,22.0,
358.0,20240301.0,136.0,0.0,0.0,1.0,26.0,3.0,22.0,
358.0,20241201.0,126.0,0.0,0.0,1.0,35.0,3.0,22.0,
358.0,20230801.0,207.0,0.0,0.0,1.0,19.0,3.0,22.0,
358.0,20240901.0,180.0,0.0,0.0,1.0,32.0,3.0,22.0,
358.0,20231201.0,144.0,0.0,0.0,1.0,23.0,3.0,22.0,
358.0,20221001.0,189.0,0.0,0.0,1.0,9.0,3.0,22.0,
358.0,20240101.0,189.0,0.0,0.0,1.0,24.0,3.0,22.0,
358.0,20230501.0,198.0,0.0,0.0,1.0,16.0,3.0,22.0,
358.0,20250601.0,150.0,0.0,0.0,1.0,41.0,3.0,22.0,
358.0,20230901.0,180.0,0.0,0.0,1.0,20.0,3.0,22.0,
358.0,20240401.0,131.5,0.0,0.0,1.0,27.0,3.0,22.0,
358.0,20231101.0,180.0,0.0,0.0,1.0,22.0,3.0,22.0,
358.0,20250201.0,180.0,0.0,0.0,1.0,37.0,3.0,22.0,
358.0,20230601.0,169.0,0.0,0.0,1.0,17.0,3.0,22.0,
358.0,20250401.0,189.0,0.0,0.0,1.0,39.0,3.0,22.0,
358.0,20221201.0,153.0,0.0,0.0,1.0,11.0,3.0,22.0,
358.0,20221101.0,198.0,0.0,0.0,1.0,10.0,3.0,22.0,
358.0,20240101.0,162.0,0.0,0.0,1.0,24.0,3.0,22.0,
358.0,20240501.0,198.0,0.0,0.0,1.0,28.0,3.0,22.0,
358.0,20220901.0,198.0,0.0,0.0,1.0,8.0,3.0,22.0,
477.0,20231001.0,198.0,0.0,0.0,1.0,11.0,3.0,14.0,
477.0,20230401.0,120.5,0.0,0.0,1.0,5.0,3.0,14.0,
477.0,20230301.0,180.5,0.0,0.0,1.0,4.0,3.0,14.0,
477.0,20230101.0,198.0,0.0,0.0,1.0,2.0,3.0,14.0,
477.0,20240601.0,90.0,0.0,0.0,1.0,19.0,3.0,14.0,
477.0,20230201.0,180.0,0.0,0.0,1.0,3.0,3.0,14.0,
477.0,20240201.0,180.0,0.0,0.0,1.0,15.0,3.0,14.0,
477.0,20230101.0,153.0,0.0,0.0,1.0,2.0,3.0,14.0,
477.0,20240301.0,145.0,0.0,0.0,1.0,16.0,3.0,14.0,
477.0,20230801.0,171.0,0.0,0.0,1.0,9.0,3.0,14.0,
477.0,20231201.0,144.0,0.0,0.0,1.0,13.0,3.0,14.0,
477.0,20240101.0,0.0,0.0,0.0,1.0,14.0,3.0,14.0,
477.0,20230501.0,198.0,0.0,0.0,1.0,6.0,3.0,14.0,
477.0,20230901.0,180.0,0.0,0.0,1.0,10.0,3.0,14.0,
477.0,20240401.0,134.0,0.0,0.0,1.0,17.0,3.0,14.0,
477.0,20231101.0,198.0,0.0,0.0,1.0,12.0,3.0,14.0,
477.0,20230601.0,169.0,0.0,0.0,1.0,7.0,3.0,14.0,
477.0,20221201.0,193.0,0.0,0.0,1.0,1.0,3.0,14.0,
477.0,20221101.0,27.0,0.0,0.0,1.0,0.0,3.0,14.0,
477.0,20240101.0,162.0,0.0,0.0,1.0,14.0,3.0,14.0,
477.0,20240501.0,189.0,0.0,0.0,1.0,18.0,3.0,14.0,
565.0,20230101.0,117.0,0.0,0.0,1.0,1.0,3.0,13.0,
565.0,20221201.0,0.0,0.0,0.0,1.0,0.0,3.0,13.0,
359.0,20250101.0,180.0,0.0,0.0,1.0,24.0,3.0,22.0,
359.0,20250101.0,126.0,0.0,0.0,1.0,24.0,3.0,22.0,
359.0,20231001.0,198.0,0.0,0.0,1.0,9.0,3.0,22.0,
359.0,20230401.0,45.0,0.0,0.0,1.0,3.0,3.0,22.0,
359.0,20250501.0,189.0,0.0,0.0,1.0,28.0,3.0,22.0,
359.0,20240801.0,180.0,0.0,0.0,1.0,19.0,3.0,22.0,
359.0,20241101.0,189.0,0.0,0.0,1.0,22.0,3.0,22.0,
359.0,20241001.0,207.0,0.0,0.0,1.0,21.0,3.0,22.0,
359.0,20240601.0,171.0,0.0,0.0,1.0,17.0,3.0,22.0,
359.0,20250301.0,133.0,0.0,0.0,1.0,26.0,3.0,22.0,
359.0,20240201.0,180.0,0.0,0.0,1.0,13.0,3.0,22.0,
359.0,20230101.0,153.0,0.0,0.0,1.0,0.0,3.0,22.0,
359.0,20240301.0,138.5,0.0,0.0,1.0,14.0,3.0,22.0,
359.0,20241201.0,112.5,0.0,0.0,1.0,23.0,3.0,22.0,
359.0,20230801.0,207.0,0.0,0.0,1.0,7.0,3.0,22.0,
359.0,20240901.0,171.0,0.0,0.0,1.0,20.0,3.0,22.0,
359.0,20231201.0,122.5,0.0,0.0,1.0,11.0,3.0,22.0,
359.0,20240101.0,171.0,0.0,0.0,1.0,12.0,3.0,22.0,
359.0,20230501.0,198.0,0.0,0.0,1.0,4.0,3.0,22.0,
359.0,20250601.0,168.0,0.0,0.0,1.0,29.0,3.0,22.0,
359.0,20230901.0,180.0,0.0,0.0,1.0,8.0,3.0,22.0,
359.0,20240401.0,140.5,0.0,0.0,1.0,15.0,3.0,22.0,
359.0,20231101.0,198.0,0.0,0.0,1.0,10.0,3.0,22.0,
359.0,20250201.0,180.0,0.0,0.0,1.0,25.0,3.0,22.0,
359.0,20230601.0,169.0,0.0,0.0,1.0,5.0,3.0,22.0,
359.0,20250401.0,180.0,0.0,0.0,1.0,27.0,3.0,22.0,
359.0,20240101.0,198.0,0.0,0.0,1.0,12.0,3.0,22.0,
359.0,20240501.0,198.0,0.0,0.0,1.0,16.0,3.0,22.0,
360.0,20250101.0,180.0,0.0,0.0,1.0,24.0,3.0,22.0,
360.0,20250101.0,126.0,0.0,0.0,1.0,24.0,3.0,22.0,
360.0,20231001.0,198.0,0.0,0.0,1.0,9.0,3.0,22.0,
360.0,20230401.0,0.0,0.0,0.0,1.0,3.0,3.0,22.0,
360.0,20250501.0,189.0,0.0,0.0,1.0,28.0,3.0,22.0,
360.0,20240801.0,135.0,0.0,0.0,1.0,19.0,3.0,22.0,
360.0,20241101.0,189.0,0.0,0.0,1.0,22.0,3.0,22.0,
360.0,20241001.0,198.0,0.0,0.0,1.0,21.0,3.0,22.0,
360.0,20240601.0,171.0,0.0,0.0,1.0,17.0,3.0,22.0,
360.0,20250301.0,133.0,0.0,0.0,1.0,26.0,3.0,22.0,
360.0,20240201.0,189.0,0.0,0.0,1.0,13.0,3.0,22.0,
360.0,20230101.0,153.0,0.0,0.0,1.0,0.0,3.0,22.0,
360.0,20240301.0,145.0,0.0,0.0,1.0,14.0,3.0,22.0,
360.0,20241201.0,144.0,0.0,0.0,1.0,23.0,3.0,22.0,
360.0,20230801.0,207.0,0.0,0.0,1.0,7.0,3.0,22.0,
360.0,20240901.0,189.0,0.0,0.0,1.0,20.0,3.0,22.0,
360.0,20231201.0,144.0,0.0,0.0,1.0,11.0,3.0,22.0,
360.0,20240101.0,162.0,0.0,0.0,1.0,12.0,3.0,22.0,
360.0,20230501.0,198.0,0.0,0.0,1.0,4.0,3.0,22.0,
360.0,20250601.0,177.0,0.0,0.0,1.0,29.0,3.0,22.0,
360.0,20230901.0,180.0,0.0,0.0,1.0,8.0,3.0,22.0,
360.0,20240401.0,140.5,0.0,0.0,1.0,15.0,3.0,22.0,
360.0,20231101.0,198.0,0.0,0.0,1.0,10.0,3.0,22.0,
360.0,20250201.0,180.0,0.0,0.0,1.0,25.0,3.0,22.0,
360.0,20230601.0,169.0,0.0,0.0,1.0,5.0,3.0,22.0,
360.0,20250401.0,180.0,0.0,0.0,1.0,27.0,3.0,22.0,
360.0,20240501.0,198.0,0.0,0.0,1.0,16.0,3.0,22.0,
361.0,20250101.0,180.0,0.0,0.0,1.0,24.0,3.0,22.0,
361.0,20250101.0,126.0,0.0,0.0,1.0,24.0,3.0,22.0,
361.0,20231001.0,198.0,0.0,0.0,1.0,9.0,3.0,22.0,
361.0,20250501.0,189.0,0.0,0.0,1.0,28.0,3.0,22.0,
361.0,20240801.0,171.0,0.0,0.0,1.0,19.0,3.0,22.0,
361.0,20241101.0,189.0,0.0,0.0,1.0,22.0,3.0,22.0,
361.0,20241001.0,207.0,0.0,0.0,1.0,21.0,3.0,22.0,
361.0,20240601.0,171.0,0.0,0.0,1.0,17.0,3.0,22.0,
361.0,20250301.0,112.0,0.0,0.0,1.0,26.0,3.0,22.0,
361.0,20240201.0,189.0,0.0,0.0,1.0,13.0,3.0,22.0,
361.0,20230101.0,180.0,0.0,0.0,1.0,0.0,3.0,22.0,
361.0,20240301.0,132.0,0.0,0.0,1.0,14.0,3.0,22.0,
361.0,20241201.0,126.0,0.0,0.0,1.0,23.0,3.0,22.0,
361.0,20230801.0,207.0,0.0,0.0,1.0,7.0,3.0,22.0,
361.0,20240901.0,99.0,0.0,0.0,1.0,20.0,3.0,22.0,
361.0,20231201.0,144.0,0.0,0.0,1.0,11.0,3.0,22.0,
361.0,20240101.0,162.0,0.0,0.0,1.0,12.0,3.0,22.0,
361.0,20230501.0,0.0,0.0,0.0,1.0,4.0,3.0,22.0,
361.0,20250601.0,177.0,0.0,0.0,1.0,29.0,3.0,22.0,
361.0,20230901.0,180.0,0.0,0.0,1.0,8.0,3.0,22.0,
361.0,20240401.0,122.5,0.0,0.0,1.0,15.0,3.0,22.0,
361.0,20231101.0,198.0,0.0,0.0,1.0,10.0,3.0,22.0,
361.0,20250201.0,180.0,0.0,0.0,1.0,25.0,3.0,22.0,
361.0,20230601.0,133.0,0.0,0.0,1.0,5.0,3.0,22.0,
361.0,20250401.0,189.0,0.0,0.0,1.0,27.0,3.0,22.0,
361.0,20240501.0,198.0,0.0,0.0,1.0,16.0,3.0,22.0,
362.0,20250101.0,180.0,0.0,0.0,1.0,24.0,3.0,22.0,
362.0,20250101.0,126.0,0.0,0.0,1.0,24.0,3.0,22.0,
362.0,20231001.0,198.0,0.0,0.0,1.0,9.0,3.0,22.0,
362.0,20250501.0,189.0,0.0,0.0,1.0,28.0,3.0,22.0,
362.0,20240801.0,153.0,0.0,0.0,1.0,19.0,3.0,22.0,
362.0,20241101.0,189.0,0.0,0.0,1.0,22.0,3.0,22.0,
362.0,20241001.0,207.0,0.0,0.0,1.0,21.0,3.0,22.0,
362.0,20240601.0,171.0,0.0,0.0,1.0,17.0,3.0,22.0,
362.0,20250301.0,133.0,0.0,0.0,1.0,26.0,3.0,22.0,
362.0,20240201.0,189.0,0.0,0.0,1.0,13.0,3.0,22.0,
362.0,20230101.0,54.0,0.0,0.0,1.0,0.0,3.0,22.0,
362.0,20240301.0,138.5,0.0,0.0,1.0,14.0,3.0,22.0,
362.0,20241201.0,126.0,0.0,0.0,1.0,23.0,3.0,22.0,
362.0,20230801.0,207.0,0.0,0.0,1.0,7.0,3.0,22.0,
362.0,20240901.0,189.0,0.0,0.0,1.0,20.0,3.0,22.0,
362.0,20231201.0,135.0,0.0,0.0,1.0,11.0,3.0,22.0,
362.0,20240101.0,198.0,0.0,0.0,1.0,12.0,3.0,22.0,
362.0,20250601.0,177.0,0.0,0.0,1.0,29.0,3.0,22.0,
362.0,20230901.0,171.0,0.0,0.0,1.0,8.0,3.0,22.0,
362.0,20240401.0,140.5,0.0,0.0,1.0,15.0,3.0,22.0,
362.0,20231101.0,198.0,0.0,0.0,1.0,10.0,3.0,22.0,
362.0,20250201.0,180.0,0.0,0.0,1.0,25.0,3.0,22.0,
362.0,20250401.0,189.0,0.0,0.0,1.0,27.0,3.0,22.0,
362.0,20240101.0,162.0,0.0,0.0,1.0,12.0,3.0,22.0,
362.0,20240501.0,198.0,0.0,0.0,1.0,16.0,3.0,22.0,
363.0,20250101.0,180.0,0.0,0.0,1.0,17.0,3.0,22.0,
363.0,20231001.0,180.0,0.0,0.0,1.0,2.0,3.0,22.0,
363.0,20250501.0,189.0,0.0,0.0,1.0,21.0,3.0,22.0,
363.0,20240801.0,135.0,0.0,0.0,1.0,12.0,3.0,22.0,
363.0,20241101.0,189.0,0.0,0.0,1.0,15.0,3.0,22.0,
363.0,20241001.0,207.0,0.0,0.0,1.0,14.0,3.0,22.0,
363.0,20240601.0,171.0,0.0,0.0,1.0,10.0,3.0,22.0,
363.0,20250301.0,126.0,0.0,0.0,1.0,19.0,3.0,22.0,
363.0,20240201.0,189.0,0.0,0.0,1.0,6.0,3.0,22.0,
363.0,20240301.0,145.0,0.0,0.0,1.0,7.0,3.0,22.0,
363.0,20241201.0,135.0,0.0,0.0,1.0,16.0,3.0,22.0,
363.0,20230801.0,72.0,0.0,0.0,1.0,0.0,3.0,22.0,
363.0,20240901.0,162.0,0.0,0.0,1.0,13.0,3.0,22.0,
363.0,20231201.0,144.0,0.0,0.0,1.0,4.0,3.0,22.0,
363.0,20240101.0,198.0,0.0,0.0,1.0,5.0,3.0,22.0,
363.0,20250601.0,123.0,0.0,0.0,1.0,22.0,3.0,22.0,
363.0,20230901.0,180.0,0.0,0.0,1.0,1.0,3.0,22.0,
363.0,20240401.0,140.5,0.0,0.0,1.0,8.0,3.0,22.0,
363.0,20231101.0,198.0,0.0,0.0,1.0,3.0,3.0,22.0,
363.0,20250201.0,180.0,0.0,0.0,1.0,18.0,3.0,22.0,
363.0,20250401.0,90.0,0.0,0.0,1.0,20.0,3.0,22.0,
363.0,20240101.0,135.0,0.0,0.0,1.0,5.0,3.0,22.0,
363.0,20240501.0,198.0,0.0,0.0,1.0,9.0,3.0,22.0,
364.0,20250101.0,162.0,0.0,0.0,1.0,17.0,3.0,22.0,
364.0,20250101.0,126.0,0.0,0.0,1.0,17.0,3.0,22.0,
364.0,20231001.0,198.0,0.0,0.0,1.0,2.0,3.0,22.0,
364.0,20250501.0,189.0,0.0,0.0,1.0,21.0,3.0,22.0,
364.0,20240801.0,135.0,0.0,0.0,1.0,12.0,3.0,22.0,
364.0,20241101.0,189.0,0.0,0.0,1.0,15.0,3.0,22.0,
364.0,20241001.0,207.0,0.0,0.0,1.0,14.0,3.0,22.0,
364.0,20240601.0,162.0,0.0,0.0,1.0,10.0,3.0,22.0,
364.0,20250301.0,126.0,0.0,0.0,1.0,19.0,3.0,22.0,
364.0,20240201.0,180.0,0.0,0.0,1.0,6.0,3.0,22.0,
364.0,20240301.0,145.0,0.0,0.0,1.0,7.0,3.0,22.0,
364.0,20241201.0,171.0,0.0,0.0,1.0,16.0,3.0,22.0,
364.0,20230801.0,0.0,0.0,0.0,1.0,0.0,3.0,22.0,
364.0,20240901.0,189.0,0.0,0.0,1.0,13.0,3.0,22.0,
364.0,20231201.0,171.0,0.0,0.0,1.0,4.0,3.0,22.0,
364.0,20240101.0,153.0,0.0,0.0,1.0,5.0,3.0,22.0,
364.0,20250601.0,159.0,0.0,0.0,1.0,22.0,3.0,22.0,
364.0,20230901.0,144.0,0.0,0.0,1.0,1.0,3.0,22.0,
364.0,20240401.0,131.5,0.0,0.0,1.0,8.0,3.0,22.0,
364.0,20231101.0,198.0,0.0,0.0,1.0,3.0,3.0,22.0,
364.0,20250201.0,180.0,0.0,0.0,1.0,18.0,3.0,22.0,
364.0,20250401.0,189.0,0.0,0.0,1.0,20.0,3.0,22.0,
364.0,20240101.0,198.0,0.0,0.0,1.0,5.0,3.0,22.0,
364.0,20240501.0,198.0,0.0,0.0,1.0,9.0,3.0,22.0,
590.0,20240601.0,171.0,0.0,0.0,1.0,5.0,3.0,14.0,
590.0,20240201.0,189.0,0.0,0.0,1.0,1.0,3.0,14.0,
590.0,20240301.0,145.0,0.0,0.0,1.0,2.0,3.0,14.0,
590.0,20240101.0,135.0,0.0,0.0,1.0,0.0,3.0,14.0,
590.0,20240401.0,131.5,0.0,0.0,1.0,3.0,3.0,14.0,
590.0,20240101.0,9.0,0.0,0.0,1.0,0.0,3.0,14.0,
590.0,20240501.0,198.0,0.0,0.0,1.0,4.0,3.0,14.0,
365.0,20250101.0,180.0,0.0,0.0,1.0,12.0,3.0,22.0,
365.0,20250101.0,126.0,0.0,0.0,1.0,12.0,3.0,22.0,
365.0,20250501.0,189.0,0.0,0.0,1.0,16.0,3.0,22.0,
365.0,20240801.0,171.0,0.0,0.0,1.0,7.0,3.0,22.0,
365.0,20241101.0,189.0,0.0,0.0,1.0,10.0,3.0,22.0,
365.0,20241001.0,207.0,0.0,0.0,1.0,9.0,3.0,22.0,
365.0,20240601.0,171.0,0.0,0.0,1.0,5.0,3.0,22.0,
365.0,20250301.0,133.0,0.0,0.0,1.0,14.0,3.0,22.0,
365.0,20241201.0,126.0,0.0,0.0,1.0,11.0,3.0,22.0,
365.0,20240901.0,189.0,0.0,0.0,1.0,8.0,3.0,22.0,
365.0,20240101.0,171.0,0.0,0.0,1.0,0.0,3.0,22.0,
365.0,20250601.0,159.0,0.0,0.0,1.0,17.0,3.0,22.0,
365.0,20240401.0,0.0,0.0,0.0,1.0,3.0,3.0,22.0,
365.0,20250201.0,180.0,0.0,0.0,1.0,13.0,3.0,22.0,
365.0,20250401.0,189.0,0.0,0.0,1.0,15.0,3.0,22.0,
365.0,20240501.0,135.0,0.0,0.0,1.0,4.0,3.0,22.0,
366.0,20250101.0,180.0,0.0,0.0,1.0,12.0,3.0,22.0,
366.0,20250101.0,126.0,0.0,0.0,1.0,12.0,3.0,22.0,
366.0,20250501.0,189.0,0.0,0.0,1.0,16.0,3.0,22.0,
366.0,20240801.0,198.0,0.0,0.0,1.0,7.0,3.0,22.0,
366.0,20241101.0,189.0,0.0,0.0,1.0,10.0,3.0,22.0,
366.0,20241001.0,198.0,0.0,0.0,1.0,9.0,3.0,22.0,
366.0,20240601.0,171.0,0.0,0.0,1.0,5.0,3.0,22.0,
366.0,20250301.0,119.0,0.0,0.0,1.0,14.0,3.0,22.0,
366.0,20241201.0,117.0,0.0,0.0,1.0,11.0,3.0,22.0,
366.0,20240901.0,180.0,0.0,0.0,1.0,8.0,3.0,22.0,
366.0,20240101.0,189.0,0.0,0.0,1.0,0.0,3.0,22.0,
366.0,20250601.0,162.0,0.0,0.0,1.0,17.0,3.0,22.0,
366.0,20240401.0,0.0,0.0,0.0,1.0,3.0,3.0,22.0,
366.0,20250201.0,180.0,0.0,0.0,1.0,13.0,3.0,22.0,
366.0,20250401.0,180.0,0.0,0.0,1.0,15.0,3.0,22.0,
366.0,20240501.0,135.0,0.0,0.0,1.0,4.0,3.0,22.0,
367.0,20250101.0,144.0,0.0,0.0,1.0,12.0,3.0,7.0,
367.0,20250101.0,126.0,0.0,0.0,1.0,12.0,3.0,7.0,
367.0,20250501.0,189.0,0.0,0.0,1.0,16.0,3.0,7.0,
367.0,20240801.0,108.0,0.0,0.0,1.0,7.0,3.0,7.0,
367.0,20241101.0,189.0,0.0,0.0,1.0,10.0,3.0,7.0,
367.0,20241001.0,207.0,0.0,0.0,1.0,9.0,3.0,7.0,
367.0,20240601.0,0.0,0.0,0.0,1.0,5.0,3.0,7.0,
367.0,20250301.0,133.0,0.0,0.0,1.0,14.0,3.0,7.0,
367.0,20241201.0,157.5,0.0,0.0,1.0,11.0,3.0,7.0,
367.0,20240901.0,189.0,0.0,0.0,1.0,8.0,3.0,7.0,
367.0,20240101.0,198.0,0.0,0.0,1.0,0.0,3.0,7.0,
367.0,20250601.0,177.0,0.0,0.0,1.0,17.0,3.0,7.0,
367.0,20250201.0,180.0,0.0,0.0,1.0,13.0,3.0,7.0,
367.0,20250401.0,189.0,0.0,0.0,1.0,15.0,3.0,7.0,
368.0,20250101.0,171.0,0.0,0.0,1.0,12.0,3.0,14.0,
368.0,20250501.0,0.0,0.0,0.0,1.0,16.0,3.0,14.0,
368.0,20240801.0,90.0,0.0,0.0,1.0,7.0,3.0,14.0,
368.0,20241101.0,189.0,0.0,0.0,1.0,10.0,3.0,14.0,
368.0,20241001.0,198.0,0.0,0.0,1.0,9.0,3.0,14.0,
368.0,20250301.0,126.0,0.0,0.0,1.0,14.0,3.0,14.0,
368.0,20241201.0,135.0,0.0,0.0,1.0,11.0,3.0,14.0,
368.0,20240901.0,184.5,0.0,0.0,1.0,8.0,3.0,14.0,
368.0,20240101.0,0.0,0.0,0.0,1.0,0.0,3.0,14.0,
368.0,20250601.0,0.0,0.0,0.0,1.0,17.0,3.0,14.0,
368.0,20250201.0,171.0,0.0,0.0,1.0,13.0,3.0,14.0,
368.0,20250401.0,117.0,0.0,0.0,1.0,15.0,3.0,14.0,
369.0,20250101.0,180.0,0.0,0.0,1.0,5.0,3.0,22.0,
369.0,20250101.0,126.0,0.0,0.0,1.0,5.0,3.0,22.0,
369.0,20250501.0,189.0,0.0,0.0,1.0,9.0,3.0,22.0,
369.0,20240801.0,0.0,0.0,0.0,1.0,0.0,3.0,22.0,
369.0,20241101.0,189.0,0.0,0.0,1.0,3.0,3.0,22.0,
369.0,20241001.0,207.0,0.0,0.0,1.0,2.0,3.0,22.0,
369.0,20250301.0,133.0,0.0,0.0,1.0,7.0,3.0,22.0,
369.0,20241201.0,144.0,0.0,0.0,1.0,4.0,3.0,22.0,
369.0,20240901.0,180.0,0.0,0.0,1.0,1.0,3.0,22.0,
369.0,20250601.0,177.0,0.0,0.0,1.0,10.0,3.0,22.0,
369.0,20250201.0,162.0,0.0,0.0,1.0,6.0,3.0,22.0,
369.0,20250401.0,180.0,0.0,0.0,1.0,8.0,3.0,22.0,
370.0,20250101.0,180.0,0.0,0.0,1.0,4.0,3.0,13.0,
370.0,20250101.0,126.0,0.0,0.0,1.0,4.0,3.0,13.0,
370.0,20250501.0,180.0,0.0,0.0,1.0,8.0,3.0,13.0,
370.0,20241101.0,189.0,0.0,0.0,1.0,2.0,3.0,13.0,
370.0,20241001.0,207.0,0.0,0.0,1.0,1.0,3.0,13.0,
370.0,20250301.0,126.0,0.0,0.0,1.0,6.0,3.0,13.0,
370.0,20241201.0,162.0,0.0,0.0,1.0,3.0,3.0,13.0,
370.0,20240901.0,54.0,0.0,0.0,1.0,0.0,3.0,13.0,
370.0,20250601.0,177.0,0.0,0.0,1.0,9.0,3.0,13.0,
370.0,20250201.0,171.0,0.0,0.0,1.0,5.0,3.0,13.0,
370.0,20250401.0,189.0,0.0,0.0,1.0,7.0,3.0,13.0,
403.0,20250101.0,126.0,0.0,0.0,1.0,0.0,3.0,22.0,
403.0,20250601.0,9.0,0.0,0.0,1.0,5.0,3.0,22.0,
371.0,20250101.0,167.85,0.0,0.0,1.0,0.0,1.0,8.0,
371.0,20250601.0,52.0,0.0,0.0,1.0,5.0,1.0,8.0,
495.0,20220101.0,129.7,0.0,0.0,1.0,0.0,1.0,3.0,
495.0,20220501.0,172.24,0.0,0.0,1.0,4.0,1.0,3.0,
495.0,20220401.0,129.99,0.0,0.0,1.0,3.0,1.0,3.0,
495.0,20220601.0,166.21,0.0,0.0,1.0,5.0,1.0,3.0,
495.0,20220301.0,190.91,0.0,0.0,1.0,1.0,1.0,3.0,
495.0,20220201.0,164.91,0.0,0.0,1.0,1.0,1.0,3.0,
495.0,20220101.0,163.35,0.0,0.0,1.0,0.0,1.0,3.0,
496.0,20220101.0,75.04,0.0,0.0,1.0,0.0,1.0,3.0,
496.0,20230301.0,0.0,0.0,0.0,1.0,14.0,1.0,3.0,
496.0,20230101.0,120.32,0.0,0.0,1.0,12.0,1.0,3.0,
496.0,20220501.0,102.92,0.0,0.0,1.0,4.0,1.0,3.0,
496.0,20230201.0,0.0,0.0,0.0,1.0,13.0,1.0,3.0,
496.0,20220401.0,0.0,0.0,0.0,1.0,3.0,1.0,3.0,
496.0,20220601.0,156.96,0.0,0.0,1.0,5.0,1.0,3.0,
496.0,20221001.0,150.39,0.0,0.0,1.0,9.0,1.0,3.0,
496.0,20221201.0,127.58,0.0,0.0,1.0,11.0,1.0,3.0,
496.0,20221101.0,173.16,0.0,0.0,1.0,10.0,1.0,3.0,
496.0,20220901.0,175.07,0.0,0.0,1.0,8.0,1.0,3.0,
172.0,20250101.0,185.06,0.0,0.0,1.0,36.0,5.0,22.0,
172.0,20250101.0,124.53,0.0,0.0,1.0,36.0,5.0,22.0,
172.0,20231001.0,208.18,0.0,0.0,1.0,21.0,5.0,22.0,
172.0,20220101.0,147.29,0.0,0.0,1.0,0.0,5.0,22.0,
172.0,20230401.0,113.14,0.0,0.0,1.0,15.0,5.0,22.0,
172.0,20230301.0,152.91,0.0,0.0,1.0,14.0,5.0,22.0,
172.0,20250501.0,171.67,0.0,0.0,1.0,40.0,5.0,22.0,
172.0,20230101.0,164.39,0.0,0.0,1.0,12.0,5.0,22.0,
172.0,20240801.0,142.43,0.0,0.0,1.0,31.0,5.0,22.0,
172.0,20241101.0,182.43,0.0,0.0,1.0,34.0,5.0,22.0,
172.0,20220501.0,142.19,0.0,0.0,1.0,4.0,5.0,22.0,
172.0,20241001.0,185.49,0.0,0.0,1.0,33.0,5.0,22.0,
172.0,20240601.0,161.44,0.0,0.0,1.0,29.0,5.0,22.0,
172.0,20250301.0,145.98,0.0,0.0,1.0,38.0,5.0,22.0,
172.0,20230201.0,163.13,0.0,0.0,1.0,13.0,5.0,22.0,
172.0,20240201.0,149.01,0.0,0.0,1.0,25.0,5.0,22.0,
172.0,20230101.0,150.32,0.0,0.0,1.0,12.0,5.0,22.0,
172.0,20240301.0,130.49,0.0,0.0,1.0,26.0,5.0,22.0,
172.0,20220401.0,96.95,0.0,0.0,1.0,3.0,5.0,22.0,
172.0,20220601.0,185.24,0.0,0.0,1.0,5.0,5.0,22.0,
172.0,20241201.0,184.19,0.0,0.0,1.0,35.0,5.0,22.0,
172.0,20230801.0,209.5,0.0,0.0,1.0,19.0,5.0,22.0,
172.0,20240901.0,179.46,0.0,0.0,1.0,32.0,5.0,22.0,
172.0,20231201.0,193.79,0.0,0.0,1.0,23.0,5.0,22.0,
172.0,20221001.0,170.83,0.0,0.0,1.0,9.0,5.0,22.0,
172.0,20240101.0,195.61,0.0,0.0,1.0,24.0,5.0,22.0,
172.0,20230501.0,176.9,0.0,0.0,1.0,16.0,5.0,22.0,
172.0,20250601.0,163.4,0.0,0.0,1.0,41.0,5.0,22.0,
172.0,20230901.0,158.82,0.0,0.0,1.0,20.0,5.0,22.0,
172.0,20240401.0,137.99,0.0,0.0,1.0,27.0,5.0,22.0,
172.0,20231101.0,205.08,0.0,0.0,1.0,22.0,5.0,22.0,
172.0,20250201.0,153.37,0.0,0.0,1.0,37.0,5.0,22.0,
172.0,20230601.0,186.66,0.0,0.0,1.0,17.0,5.0,22.0,
172.0,20250401.0,152.28,0.0,0.0,1.0,39.0,5.0,22.0,
172.0,20221201.0,167.65,0.0,0.0,1.0,11.0,5.0,22.0,
172.0,20220301.0,172.97,0.0,0.0,1.0,1.0,5.0,22.0,
172.0,20221101.0,172.69,0.0,0.0,1.0,10.0,5.0,22.0,
172.0,20220201.0,155.51,0.0,0.0,1.0,1.0,5.0,22.0,
172.0,20240101.0,193.16,0.0,0.0,1.0,24.0,5.0,22.0,
172.0,20240501.0,181.99,0.0,0.0,1.0,28.0,5.0,22.0,
172.0,20220101.0,174.09,0.0,0.0,1.0,0.0,5.0,22.0,
172.0,20220901.0,176.32,0.0,0.0,1.0,8.0,5.0,22.0,
11.0,20250101.0,184.45,0.0,0.0,1.0,36.0,1.0,22.0,
11.0,20250101.0,128.8,0.0,0.0,1.0,36.0,1.0,22.0,
11.0,20231001.0,175.36,0.0,0.0,1.0,21.0,1.0,22.0,
11.0,20220101.0,162.59,0.0,0.0,1.0,0.0,1.0,22.0,
11.0,20230401.0,136.22,0.0,0.0,1.0,15.0,1.0,22.0,
11.0,20230301.0,177.07,0.0,0.0,1.0,14.0,1.0,22.0,
11.0,20250501.0,193.55,0.0,0.0,1.0,40.0,1.0,22.0,
11.0,20230101.0,184.53,0.0,0.0,1.0,12.0,1.0,22.0,
11.0,20240801.0,155.15,0.0,0.0,1.0,31.0,1.0,22.0,
11.0,20241101.0,191.32,0.0,0.0,1.0,34.0,1.0,22.0,
11.0,20220501.0,175.44,0.0,0.0,1.0,4.0,1.0,22.0,
11.0,20241001.0,212.3,0.0,0.0,1.0,33.0,1.0,22.0,
11.0,20240601.0,175.2,0.0,0.0,1.0,29.0,1.0,22.0,
11.0,20250301.0,137.37,0.0,0.0,1.0,38.0,1.0,22.0,
11.0,20230201.0,166.47,0.0,0.0,1.0,13.0,1.0,22.0,
11.0,20240201.0,194.09,0.0,0.0,1.0,25.0,1.0,22.0,
11.0,20230101.0,175.05,0.0,0.0,1.0,12.0,1.0,22.0,
11.0,20240301.0,146.5,0.0,0.0,1.0,26.0,1.0,22.0,
11.0,20220401.0,143.9,0.0,0.0,1.0,3.0,1.0,22.0,
11.0,20220601.0,202.96,0.0,0.0,1.0,5.0,1.0,22.0,
11.0,20241201.0,180.38,0.0,0.0,1.0,35.0,1.0,22.0,
11.0,20230801.0,73.87,0.0,0.0,1.0,19.0,1.0,22.0,
11.0,20240901.0,194.17,0.0,0.0,1.0,32.0,1.0,22.0,
11.0,20231201.0,175.04,0.0,0.0,1.0,23.0,1.0,22.0,
11.0,20221001.0,191.41,0.0,0.0,1.0,9.0,1.0,22.0,
11.0,20240101.0,193.93,0.0,0.0,1.0,24.0,1.0,22.0,
11.0,20230501.0,184.51,0.0,0.0,1.0,16.0,1.0,22.0,
11.0,20250601.0,172.06,0.0,0.0,1.0,41.0,1.0,22.0,
11.0,20230901.0,184.39,0.0,0.0,1.0,20.0,1.0,22.0,
11.0,20240401.0,151.07,0.0,0.0,1.0,27.0,1.0,22.0,
11.0,20231101.0,193.87,0.0,0.0,1.0,22.0,1.0,22.0,
11.0,20250201.0,175.53,0.0,0.0,1.0,37.0,1.0,22.0,
11.0,20230601.0,173.0,0.0,0.0,1.0,17.0,1.0,22.0,
11.0,20250401.0,193.52,0.0,0.0,1.0,39.0,1.0,22.0,
11.0,20221201.0,197.07,0.0,0.0,1.0,11.0,1.0,22.0,
11.0,20220301.0,203.39,0.0,0.0,1.0,1.0,1.0,22.0,
11.0,20221101.0,184.32,0.0,0.0,1.0,10.0,1.0,22.0,
11.0,20220201.0,175.74,0.0,0.0,1.0,1.0,1.0,22.0,
11.0,20240101.0,202.79,0.0,0.0,1.0,24.0,1.0,22.0,
11.0,20240501.0,203.03,0.0,0.0,1.0,28.0,1.0,22.0,
11.0,20220101.0,166.44,0.0,0.0,1.0,0.0,1.0,22.0,
11.0,20220901.0,193.43,0.0,0.0,1.0,8.0,1.0,22.0,
173.0,20250101.0,219.34,0.0,0.0,1.0,36.0,1.0,11.0,
173.0,20250101.0,128.77,0.0,0.0,1.0,36.0,1.0,11.0,
173.0,20231001.0,215.08,0.0,0.0,1.0,21.0,1.0,11.0,
173.0,20220101.0,206.83,0.0,0.0,1.0,0.0,1.0,11.0,
173.0,20230401.0,228.75,0.0,0.0,1.0,15.0,1.0,11.0,
173.0,20230301.0,218.17,0.0,0.0,1.0,14.0,1.0,11.0,
173.0,20250501.0,199.63,0.0,0.0,1.0,40.0,1.0,11.0,
173.0,20230101.0,199.96,0.0,0.0,1.0,12.0,1.0,11.0,
173.0,20240801.0,233.89,0.0,0.0,1.0,31.0,1.0,11.0,
173.0,20241101.0,219.0,0.0,0.0,1.0,34.0,1.0,11.0,
173.0,20220501.0,215.67,0.0,0.0,1.0,4.0,1.0,11.0,
173.0,20241001.0,191.95,0.0,0.0,1.0,33.0,1.0,11.0,
173.0,20240601.0,205.64,0.0,0.0,1.0,29.0,1.0,11.0,
173.0,20250301.0,181.29,0.0,0.0,1.0,38.0,1.0,11.0,
173.0,20230201.0,199.31,0.0,0.0,1.0,13.0,1.0,11.0,
173.0,20240201.0,220.7,0.0,0.0,1.0,25.0,1.0,11.0,
173.0,20230101.0,216.39,0.0,0.0,1.0,12.0,1.0,11.0,
173.0,20240301.0,179.22,0.0,0.0,1.0,26.0,1.0,11.0,
173.0,20220401.0,213.71,0.0,0.0,1.0,3.0,1.0,11.0,
173.0,20220601.0,195.46,0.0,0.0,1.0,5.0,1.0,11.0,
173.0,20241201.0,165.09,0.0,0.0,1.0,35.0,1.0,11.0,
173.0,20230801.0,230.07,0.0,0.0,1.0,19.0,1.0,11.0,
173.0,20240901.0,164.08,0.0,0.0,1.0,32.0,1.0,11.0,
173.0,20231201.0,225.49,0.0,0.0,1.0,23.0,1.0,11.0,
173.0,20221001.0,226.38,0.0,0.0,1.0,9.0,1.0,11.0,
173.0,20240101.0,154.2,0.0,0.0,1.0,24.0,1.0,11.0,
173.0,20230501.0,228.4,0.0,0.0,1.0,16.0,1.0,11.0,
173.0,20250601.0,194.71,0.0,0.0,1.0,41.0,1.0,11.0,
173.0,20230901.0,189.57,0.0,0.0,1.0,20.0,1.0,11.0,
173.0,20240401.0,206.71,0.0,0.0,1.0,27.0,1.0,11.0,
173.0,20231101.0,222.46,0.0,0.0,1.0,22.0,1.0,11.0,
173.0,20250201.0,163.78,0.0,0.0,1.0,37.0,1.0,11.0,
173.0,20230601.0,207.49,0.0,0.0,1.0,17.0,1.0,11.0,
173.0,20250401.0,155.87,0.0,0.0,1.0,39.0,1.0,11.0,
173.0,20221201.0,209.27,0.0,0.0,1.0,11.0,1.0,11.0,
173.0,20220301.0,182.15,0.0,0.0,1.0,1.0,1.0,11.0,
173.0,20221101.0,190.94,0.0,0.0,1.0,10.0,1.0,11.0,
173.0,20220201.0,189.45,0.0,0.0,1.0,1.0,1.0,11.0,
173.0,20240101.0,191.51,0.0,0.0,1.0,24.0,1.0,11.0,
173.0,20240501.0,241.15,0.0,0.0,1.0,28.0,1.0,11.0,
173.0,20220101.0,176.05,0.0,0.0,1.0,0.0,1.0,11.0,
173.0,20220901.0,183.65,0.0,0.0,1.0,8.0,1.0,11.0,
497.0,20220101.0,180.0,0.0,0.0,1.0,0.0,3.0,14.0,
497.0,20230301.0,0.0,0.0,0.0,1.0,14.0,3.0,14.0,
497.0,20220501.0,180.0,0.0,0.0,1.0,4.0,3.0,14.0,
497.0,20220401.0,149.0,0.0,0.0,1.0,3.0,3.0,14.0,
497.0,20220601.0,162.0,0.0,0.0,1.0,5.0,3.0,14.0,
497.0,20221001.0,189.0,0.0,0.0,1.0,9.0,3.0,14.0,
497.0,20221201.0,99.0,0.0,0.0,1.0,11.0,3.0,14.0,
497.0,20220301.0,207.0,0.0,0.0,1.0,1.0,3.0,14.0,
497.0,20221101.0,198.0,0.0,0.0,1.0,10.0,3.0,14.0,
497.0,20220201.0,180.0,0.0,0.0,1.0,1.0,3.0,14.0,
497.0,20220101.0,144.0,0.0,0.0,1.0,0.0,3.0,14.0,
497.0,20220901.0,198.0,0.0,0.0,1.0,8.0,3.0,14.0,
174.0,20250101.0,182.5,0.0,0.0,1.0,36.0,1.0,3.0,
174.0,20250101.0,122.39,0.0,0.0,1.0,36.0,1.0,3.0,
174.0,20231001.0,190.68,0.0,0.0,1.0,21.0,1.0,3.0,
174.0,20220101.0,164.21,0.0,0.0,1.0,0.0,1.0,3.0,
174.0,20230401.0,134.82,0.0,0.0,1.0,15.0,1.0,3.0,
174.0,20230301.0,135.14,0.0,0.0,1.0,14.0,1.0,3.0,
174.0,20250501.0,204.24,0.0,0.0,1.0,40.0,1.0,3.0,
174.0,20230101.0,183.17,0.0,0.0,1.0,12.0,1.0,3.0,
174.0,20240801.0,90.82,0.0,0.0,1.0,31.0,1.0,3.0,
174.0,20241101.0,192.98,0.0,0.0,1.0,34.0,1.0,3.0,
174.0,20220501.0,190.5,0.0,0.0,1.0,4.0,1.0,3.0,
174.0,20241001.0,71.77,0.0,0.0,1.0,33.0,1.0,3.0,
174.0,20240601.0,162.56,0.0,0.0,1.0,29.0,1.0,3.0,
174.0,20250301.0,136.47,0.0,0.0,1.0,38.0,1.0,3.0,
174.0,20230201.0,163.27,0.0,0.0,1.0,13.0,1.0,3.0,
174.0,20240201.0,191.69,0.0,0.0,1.0,25.0,1.0,3.0,
174.0,20230101.0,184.38,0.0,0.0,1.0,12.0,1.0,3.0,
174.0,20240301.0,148.68,0.0,0.0,1.0,26.0,1.0,3.0,
174.0,20220401.0,123.58,0.0,0.0,1.0,3.0,1.0,3.0,
174.0,20220601.0,195.38,0.0,0.0,1.0,5.0,1.0,3.0,
174.0,20241201.0,148.66,0.0,0.0,1.0,35.0,1.0,3.0,
174.0,20230801.0,90.96,0.0,0.0,1.0,19.0,1.0,3.0,
174.0,20240901.0,177.55,0.0,0.0,1.0,32.0,1.0,3.0,
174.0,20231201.0,188.85,0.0,0.0,1.0,23.0,1.0,3.0,
174.0,20221001.0,183.38,0.0,0.0,1.0,9.0,1.0,3.0,
174.0,20240101.0,189.44,0.0,0.0,1.0,24.0,1.0,3.0,
174.0,20230501.0,221.91,0.0,0.0,1.0,16.0,1.0,3.0,
174.0,20250601.0,179.4,0.0,0.0,1.0,41.0,1.0,3.0,
174.0,20230901.0,170.26,0.0,0.0,1.0,20.0,1.0,3.0,
174.0,20240401.0,158.4,0.0,0.0,1.0,27.0,1.0,3.0,
174.0,20231101.0,189.2,0.0,0.0,1.0,22.0,1.0,3.0,
174.0,20250201.0,174.37,0.0,0.0,1.0,37.0,1.0,3.0,
174.0,20230601.0,164.34,0.0,0.0,1.0,17.0,1.0,3.0,
174.0,20250401.0,182.28,0.0,0.0,1.0,39.0,1.0,3.0,
174.0,20221201.0,156.45,0.0,0.0,1.0,11.0,1.0,3.0,
174.0,20220301.0,201.8,0.0,0.0,1.0,1.0,1.0,3.0,
174.0,20221101.0,181.21,0.0,0.0,1.0,10.0,1.0,3.0,
174.0,20220201.0,173.57,0.0,0.0,1.0,1.0,1.0,3.0,
174.0,20240101.0,189.3,0.0,0.0,1.0,24.0,1.0,3.0,
174.0,20240501.0,194.04,0.0,0.0,1.0,28.0,1.0,3.0,
174.0,20220101.0,178.46,0.0,0.0,1.0,0.0,1.0,3.0,
174.0,20220901.0,185.31,0.0,0.0,1.0,8.0,1.0,3.0,
419.0,20231001.0,180.0,0.0,0.0,1.0,21.0,3.0,14.0,
419.0,20220101.0,126.0,0.0,0.0,1.0,0.0,3.0,14.0,
419.0,20230401.0,129.5,0.0,0.0,1.0,15.0,3.0,14.0,
419.0,20230301.0,180.5,0.0,0.0,1.0,14.0,3.0,14.0,
419.0,20230101.0,198.0,0.0,0.0,1.0,12.0,3.0,14.0,
419.0,20220501.0,0.0,0.0,0.0,1.0,4.0,3.0,14.0,
419.0,20240601.0,0.0,0.0,0.0,1.0,29.0,3.0,14.0,
419.0,20230201.0,180.0,0.0,0.0,1.0,13.0,3.0,14.0,
419.0,20240201.0,189.0,0.0,0.0,1.0,25.0,3.0,14.0,
419.0,20230101.0,171.0,0.0,0.0,1.0,12.0,3.0,14.0,
419.0,20240301.0,136.0,0.0,0.0,1.0,26.0,3.0,14.0,
419.0,20220401.0,0.0,0.0,0.0,1.0,3.0,3.0,14.0,
419.0,20220601.0,0.0,0.0,0.0,1.0,5.0,3.0,14.0,
419.0,20230801.0,144.0,0.0,0.0,1.0,19.0,3.0,14.0,
419.0,20231201.0,144.0,0.0,0.0,1.0,23.0,3.0,14.0,
419.0,20221001.0,189.0,0.0,0.0,1.0,9.0,3.0,14.0,
419.0,20230501.0,198.0,0.0,0.0,1.0,16.0,3.0,14.0,
419.0,20230901.0,153.0,0.0,0.0,1.0,20.0,3.0,14.0,
419.0,20240401.0,113.5,0.0,0.0,1.0,27.0,3.0,14.0,
419.0,20231101.0,198.0,0.0,0.0,1.0,22.0,3.0,14.0,
419.0,20230601.0,169.0,0.0,0.0,1.0,17.0,3.0,14.0,
419.0,20221201.0,144.0,0.0,0.0,1.0,11.0,3.0,14.0,
419.0,20220301.0,72.0,0.0,0.0,1.0,1.0,3.0,14.0,
419.0,20221101.0,198.0,0.0,0.0,1.0,10.0,3.0,14.0,
419.0,20220201.0,180.0,0.0,0.0,1.0,1.0,3.0,14.0,
419.0,20240101.0,144.0,0.0,0.0,1.0,24.0,3.0,14.0,
419.0,20240501.0,90.0,0.0,0.0,1.0,28.0,3.0,14.0,
419.0,20220101.0,153.0,0.0,0.0,1.0,0.0,3.0,14.0,
419.0,20220901.0,193.5,0.0,0.0,1.0,8.0,3.0,14.0,
175.0,20250101.0,180.0,0.0,0.0,1.0,36.0,3.0,14.0,
175.0,20250101.0,126.0,0.0,0.0,1.0,36.0,3.0,14.0,
175.0,20231001.0,198.0,0.0,0.0,1.0,21.0,3.0,14.0,
175.0,20220101.0,171.0,0.0,0.0,1.0,0.0,3.0,14.0,
175.0,20230401.0,129.5,0.0,0.0,1.0,15.0,3.0,14.0,
175.0,20230301.0,174.0,0.0,0.0,1.0,14.0,3.0,14.0,
175.0,20250501.0,117.0,0.0,0.0,1.0,40.0,3.0,14.0,
175.0,20230101.0,198.0,0.0,0.0,1.0,12.0,3.0,14.0,
175.0,20240801.0,135.0,0.0,0.0,1.0,31.0,3.0,14.0,
175.0,20241101.0,180.0,0.0,0.0,1.0,34.0,3.0,14.0,
175.0,20220501.0,171.0,0.0,0.0,1.0,4.0,3.0,14.0,
175.0,20241001.0,198.0,0.0,0.0,1.0,33.0,3.0,14.0,
175.0,20240601.0,171.0,0.0,0.0,1.0,29.0,3.0,14.0,
175.0,20250301.0,133.0,0.0,0.0,1.0,38.0,3.0,14.0,
175.0,20230201.0,171.0,0.0,0.0,1.0,13.0,3.0,14.0,
175.0,20240201.0,189.0,0.0,0.0,1.0,25.0,3.0,14.0,
175.0,20230101.0,162.0,0.0,0.0,1.0,12.0,3.0,14.0,
175.0,20240301.0,145.0,0.0,0.0,1.0,26.0,3.0,14.0,
175.0,20220401.0,140.0,0.0,0.0,1.0,3.0,3.0,14.0,
175.0,20220601.0,198.0,0.0,0.0,1.0,5.0,3.0,14.0,
175.0,20241201.0,126.0,0.0,0.0,1.0,35.0,3.0,14.0,
175.0,20230801.0,117.0,0.0,0.0,1.0,19.0,3.0,14.0,
175.0,20240901.0,144.0,0.0,0.0,1.0,32.0,3.0,14.0,
175.0,20231201.0,144.0,0.0,0.0,1.0,23.0,3.0,14.0,
175.0,20221001.0,189.0,0.0,0.0,1.0,9.0,3.0,14.0,
175.0,20240101.0,171.0,0.0,0.0,1.0,24.0,3.0,14.0,
175.0,20230501.0,198.0,0.0,0.0,1.0,16.0,3.0,14.0,
175.0,20250601.0,177.0,0.0,0.0,1.0,41.0,3.0,14.0,
175.0,20230901.0,180.0,0.0,0.0,1.0,20.0,3.0,14.0,
175.0,20240401.0,140.5,0.0,0.0,1.0,27.0,3.0,14.0,
175.0,20231101.0,198.0,0.0,0.0,1.0,22.0,3.0,14.0,
175.0,20250201.0,180.0,0.0,0.0,1.0,37.0,3.0,14.0,
175.0,20230601.0,160.0,0.0,0.0,1.0,17.0,3.0,14.0,
175.0,20250401.0,171.0,0.0,0.0,1.0,39.0,3.0,14.0,
175.0,20221201.0,153.0,0.0,0.0,1.0,11.0,3.0,14.0,
175.0,20220301.0,207.0,0.0,0.0,1.0,1.0,3.0,14.0,
175.0,20221101.0,198.0,0.0,0.0,1.0,10.0,3.0,14.0,
175.0,20220201.0,171.0,0.0,0.0,1.0,1.0,3.0,14.0,
175.0,20240101.0,162.0,0.0,0.0,1.0,24.0,3.0,14.0,
175.0,20240501.0,189.0,0.0,0.0,1.0,28.0,3.0,14.0,
175.0,20220101.0,189.0,0.0,0.0,1.0,0.0,3.0,14.0,
175.0,20220901.0,189.0,0.0,0.0,1.0,8.0,3.0,14.0,
578.0,20220501.0,0.0,0.0,0.0,1.0,4.0,3.0,14.0,
578.0,20220401.0,0.0,0.0,0.0,1.0,3.0,3.0,14.0,
578.0,20220301.0,126.0,0.0,0.0,1.0,1.0,3.0,14.0,
578.0,20220201.0,180.0,0.0,0.0,1.0,1.0,3.0,14.0,
578.0,20220101.0,180.0,0.0,0.0,1.0,0.0,3.0,14.0,
579.0,20220501.0,117.0,0.0,0.0,1.0,4.0,3.0,14.0,
579.0,20220401.0,149.0,0.0,0.0,1.0,3.0,3.0,14.0,
579.0,20220601.0,0.0,0.0,0.0,1.0,5.0,3.0,14.0,
579.0,20220301.0,207.0,0.0,0.0,1.0,1.0,3.0,14.0,
579.0,20220201.0,180.0,0.0,0.0,1.0,1.0,3.0,14.0,
579.0,20220101.0,171.0,0.0,0.0,1.0,0.0,3.0,14.0,
498.0,20220101.0,180.76,0.0,0.0,1.0,0.0,1.0,1.0,
498.0,20230101.0,0.0,0.0,0.0,1.0,12.0,1.0,1.0,
498.0,20220501.0,147.18,0.0,0.0,1.0,4.0,1.0,1.0,
498.0,20220401.0,143.21,0.0,0.0,1.0,3.0,1.0,1.0,
498.0,20220601.0,144.94,0.0,0.0,1.0,5.0,1.0,1.0,
498.0,20221001.0,179.43,0.0,0.0,1.0,9.0,1.0,1.0,
498.0,20221201.0,137.8,0.0,0.0,1.0,11.0,1.0,1.0,
498.0,20220301.0,201.94,0.0,0.0,1.0,1.0,1.0,1.0,
498.0,20221101.0,199.64,0.0,0.0,1.0,10.0,1.0,1.0,
498.0,20220201.0,183.78,0.0,0.0,1.0,1.0,1.0,1.0,
498.0,20220101.0,192.35,0.0,0.0,1.0,0.0,1.0,1.0,
498.0,20220901.0,214.17,0.0,0.0,1.0,8.0,1.0,1.0,
176.0,20250101.0,189.46,0.0,0.0,1.0,36.0,1.0,10.0,
176.0,20250101.0,139.51,0.0,0.0,1.0,36.0,1.0,10.0,
176.0,20231001.0,214.71,0.0,0.0,1.0,21.0,1.0,10.0,
176.0,20220101.0,180.48,0.0,0.0,1.0,0.0,1.0,10.0,
176.0,20230401.0,149.2,0.0,0.0,1.0,15.0,1.0,10.0,
176.0,20230301.0,197.33,0.0,0.0,1.0,14.0,1.0,10.0,
176.0,20250501.0,196.06,0.0,0.0,1.0,40.0,1.0,10.0,
176.0,20230101.0,194.79,0.0,0.0,1.0,12.0,1.0,10.0,
176.0,20240801.0,139.7,0.0,0.0,1.0,31.0,1.0,10.0,
176.0,20241101.0,200.23,0.0,0.0,1.0,34.0,1.0,10.0,
176.0,20220501.0,222.29,0.0,0.0,1.0,4.0,1.0,10.0,
176.0,20241001.0,242.12,0.0,0.0,1.0,33.0,1.0,10.0,
176.0,20240601.0,167.21,0.0,0.0,1.0,29.0,1.0,10.0,
176.0,20250301.0,151.23,0.0,0.0,1.0,38.0,1.0,10.0,
176.0,20230201.0,189.74,0.0,0.0,1.0,13.0,1.0,10.0,
176.0,20240201.0,194.64,0.0,0.0,1.0,25.0,1.0,10.0,
176.0,20230101.0,180.5,0.0,0.0,1.0,12.0,1.0,10.0,
176.0,20240301.0,133.98,0.0,0.0,1.0,26.0,1.0,10.0,
176.0,20220401.0,157.07,0.0,0.0,1.0,3.0,1.0,10.0,
176.0,20220601.0,168.61,0.0,0.0,1.0,5.0,1.0,10.0,
176.0,20241201.0,214.48,0.0,0.0,1.0,35.0,1.0,10.0,
176.0,20230801.0,105.48,0.0,0.0,1.0,19.0,1.0,10.0,
176.0,20240901.0,189.05,0.0,0.0,1.0,32.0,1.0,10.0,
176.0,20231201.0,183.09,0.0,0.0,1.0,23.0,1.0,10.0,
176.0,20221001.0,213.99,0.0,0.0,1.0,9.0,1.0,10.0,
176.0,20240101.0,189.83,0.0,0.0,1.0,24.0,1.0,10.0,
176.0,20230501.0,214.5,0.0,0.0,1.0,16.0,1.0,10.0,
176.0,20250601.0,195.21,0.0,0.0,1.0,41.0,1.0,10.0,
176.0,20230901.0,189.5,0.0,0.0,1.0,20.0,1.0,10.0,
176.0,20240401.0,168.51,0.0,0.0,1.0,27.0,1.0,10.0,
176.0,20231101.0,182.95,0.0,0.0,1.0,22.0,1.0,10.0,
176.0,20250201.0,190.45,0.0,0.0,1.0,37.0,1.0,10.0,
176.0,20230601.0,190.93,0.0,0.0,1.0,17.0,1.0,10.0,
176.0,20250401.0,182.93,0.0,0.0,1.0,39.0,1.0,10.0,
176.0,20221201.0,184.64,0.0,0.0,1.0,11.0,1.0,10.0,
176.0,20220301.0,248.47,0.0,0.0,1.0,1.0,1.0,10.0,
176.0,20221101.0,211.5,0.0,0.0,1.0,10.0,1.0,10.0,
176.0,20220201.0,193.55,0.0,0.0,1.0,1.0,1.0,10.0,
176.0,20240101.0,165.4,0.0,0.0,1.0,24.0,1.0,10.0,
176.0,20240501.0,220.79,0.0,0.0,1.0,28.0,1.0,10.0,
176.0,20220101.0,220.09,0.0,0.0,1.0,0.0,1.0,10.0,
176.0,20220901.0,210.31,0.0,0.0,1.0,8.0,1.0,10.0,
177.0,20250101.0,180.0,0.0,0.0,1.0,36.0,3.0,14.0,
177.0,20250101.0,126.0,0.0,0.0,1.0,36.0,3.0,14.0,
177.0,20231001.0,198.0,0.0,0.0,1.0,21.0,3.0,14.0,
177.0,20220101.0,144.0,0.0,0.0,1.0,0.0,3.0,14.0,
177.0,20230401.0,129.5,0.0,0.0,1.0,15.0,3.0,14.0,
177.0,20230301.0,171.5,0.0,0.0,1.0,14.0,3.0,14.0,
177.0,20250501.0,189.0,0.0,0.0,1.0,40.0,3.0,14.0,
177.0,20230101.0,189.0,0.0,0.0,1.0,12.0,3.0,14.0,
177.0,20240801.0,108.0,0.0,0.0,1.0,31.0,3.0,14.0,
177.0,20241101.0,180.0,0.0,0.0,1.0,34.0,3.0,14.0,
177.0,20220501.0,180.0,0.0,0.0,1.0,4.0,3.0,14.0,
177.0,20241001.0,207.0,0.0,0.0,1.0,33.0,3.0,14.0,
177.0,20240601.0,171.0,0.0,0.0,1.0,29.0,3.0,14.0,
177.0,20250301.0,133.0,0.0,0.0,1.0,38.0,3.0,14.0,
177.0,20230201.0,180.0,0.0,0.0,1.0,13.0,3.0,14.0,
177.0,20240201.0,189.0,0.0,0.0,1.0,25.0,3.0,14.0,
177.0,20230101.0,144.0,0.0,0.0,1.0,12.0,3.0,14.0,
177.0,20240301.0,145.0,0.0,0.0,1.0,26.0,3.0,14.0,
177.0,20220401.0,149.0,0.0,0.0,1.0,3.0,3.0,14.0,
177.0,20220601.0,198.0,0.0,0.0,1.0,5.0,3.0,14.0,
177.0,20241201.0,126.0,0.0,0.0,1.0,35.0,3.0,14.0,
177.0,20230801.0,126.0,0.0,0.0,1.0,19.0,3.0,14.0,
177.0,20240901.0,189.0,0.0,0.0,1.0,32.0,3.0,14.0,
177.0,20231201.0,126.0,0.0,0.0,1.0,23.0,3.0,14.0,
177.0,20221001.0,189.0,0.0,0.0,1.0,9.0,3.0,14.0,
177.0,20240101.0,189.0,0.0,0.0,1.0,24.0,3.0,14.0,
177.0,20230501.0,198.0,0.0,0.0,1.0,16.0,3.0,14.0,
177.0,20250601.0,177.0,0.0,0.0,1.0,41.0,3.0,14.0,
177.0,20230901.0,180.0,0.0,0.0,1.0,20.0,3.0,14.0,
177.0,20240401.0,140.5,0.0,0.0,1.0,27.0,3.0,14.0,
177.0,20231101.0,198.0,0.0,0.0,1.0,22.0,3.0,14.0,
177.0,20250201.0,180.0,0.0,0.0,1.0,37.0,3.0,14.0,
177.0,20230601.0,115.0,0.0,0.0,1.0,17.0,3.0,14.0,
177.0,20250401.0,189.0,0.0,0.0,1.0,39.0,3.0,14.0,
177.0,20221201.0,135.0,0.0,0.0,1.0,11.0,3.0,14.0,
177.0,20220301.0,207.0,0.0,0.0,1.0,1.0,3.0,14.0,
177.0,20221101.0,198.0,0.0,0.0,1.0,10.0,3.0,14.0,
177.0,20220201.0,180.0,0.0,0.0,1.0,1.0,3.0,14.0,
177.0,20240101.0,162.0,0.0,0.0,1.0,24.0,3.0,14.0,
177.0,20240501.0,198.0,0.0,0.0,1.0,28.0,3.0,14.0,
177.0,20220101.0,189.0,0.0,0.0,1.0,0.0,3.0,14.0,
177.0,20220901.0,198.0,0.0,0.0,1.0,8.0,3.0,14.0,
420.0,20231001.0,198.0,0.0,0.0,1.0,21.0,3.0,13.0,
420.0,20220101.0,9.0,0.0,0.0,1.0,0.0,3.0,13.0,
420.0,20230401.0,129.5,0.0,0.0,1.0,15.0,3.0,13.0,
420.0,20230301.0,162.5,0.0,0.0,1.0,14.0,3.0,13.0,
420.0,20230101.0,198.0,0.0,0.0,1.0,12.0,3.0,13.0,
420.0,20220501.0,0.0,0.0,0.0,1.0,4.0,3.0,13.0,
420.0,20230201.0,171.0,0.0,0.0,1.0,13.0,3.0,13.0,
420.0,20240201.0,36.0,0.0,0.0,1.0,25.0,3.0,13.0,
420.0,20230101.0,162.0,0.0,0.0,1.0,12.0,3.0,13.0,
420.0,20220401.0,142.0,0.0,0.0,1.0,3.0,3.0,13.0,
420.0,20220601.0,0.0,0.0,0.0,1.0,5.0,3.0,13.0,
420.0,20230801.0,144.0,0.0,0.0,1.0,19.0,3.0,13.0,
420.0,20231201.0,144.0,0.0,0.0,1.0,23.0,3.0,13.0,
420.0,20221001.0,189.0,0.0,0.0,1.0,9.0,3.0,13.0,
420.0,20230501.0,198.0,0.0,0.0,1.0,16.0,3.0,13.0,
420.0,20230901.0,171.0,0.0,0.0,1.0,20.0,3.0,13.0,
420.0,20231101.0,198.0,0.0,0.0,1.0,22.0,3.0,13.0,
420.0,20230601.0,151.0,0.0,0.0,1.0,17.0,3.0,13.0,
420.0,20221201.0,153.0,0.0,0.0,1.0,11.0,3.0,13.0,
420.0,20220301.0,207.0,0.0,0.0,1.0,1.0,3.0,13.0,
420.0,20221101.0,180.0,0.0,0.0,1.0,10.0,3.0,13.0,
420.0,20220201.0,81.0,0.0,0.0,1.0,1.0,3.0,13.0,
420.0,20240101.0,144.0,0.0,0.0,1.0,24.0,3.0,13.0,
420.0,20220101.0,90.0,0.0,0.0,1.0,0.0,3.0,13.0,
420.0,20220901.0,198.0,0.0,0.0,1.0,8.0,3.0,13.0,
178.0,20250101.0,171.79,0.0,0.0,1.0,36.0,1.0,3.0,
178.0,20250101.0,125.51,0.0,0.0,1.0,36.0,1.0,3.0,
178.0,20231001.0,189.39,0.0,0.0,1.0,21.0,1.0,3.0,
178.0,20220101.0,174.01,0.0,0.0,1.0,0.0,1.0,3.0,
178.0,20230401.0,125.65,0.0,0.0,1.0,15.0,1.0,3.0,
178.0,20230301.0,170.15,0.0,0.0,1.0,14.0,1.0,3.0,
178.0,20250501.0,204.29,0.0,0.0,1.0,40.0,1.0,3.0,
178.0,20230101.0,187.91,0.0,0.0,1.0,12.0,1.0,3.0,
178.0,20240801.0,89.85,0.0,0.0,1.0,31.0,1.0,3.0,
178.0,20241101.0,107.27,0.0,0.0,1.0,34.0,1.0,3.0,
178.0,20220501.0,160.2,0.0,0.0,1.0,4.0,1.0,3.0,
178.0,20241001.0,0.0,0.0,0.0,1.0,33.0,1.0,3.0,
178.0,20240601.0,164.53,0.0,0.0,1.0,29.0,1.0,3.0,
178.0,20250301.0,127.14,0.0,0.0,1.0,38.0,1.0,3.0,
178.0,20230201.0,177.69,0.0,0.0,1.0,13.0,1.0,3.0,
178.0,20240201.0,177.79,0.0,0.0,1.0,25.0,1.0,3.0,
178.0,20230101.0,0.0,0.0,0.0,1.0,12.0,1.0,3.0,
178.0,20240301.0,133.58,0.0,0.0,1.0,26.0,1.0,3.0,
178.0,20220401.0,130.67,0.0,0.0,1.0,3.0,1.0,3.0,
178.0,20220601.0,179.47,0.0,0.0,1.0,5.0,1.0,3.0,
178.0,20241201.0,147.29,0.0,0.0,1.0,35.0,1.0,3.0,
178.0,20230801.0,81.46,0.0,0.0,1.0,19.0,1.0,3.0,
178.0,20240901.0,170.59,0.0,0.0,1.0,32.0,1.0,3.0,
178.0,20231201.0,134.51,0.0,0.0,1.0,23.0,1.0,3.0,
178.0,20221001.0,179.48,0.0,0.0,1.0,9.0,1.0,3.0,
178.0,20240101.0,197.33,0.0,0.0,1.0,24.0,1.0,3.0,
178.0,20230501.0,179.57,0.0,0.0,1.0,16.0,1.0,3.0,
178.0,20250601.0,144.22,0.0,0.0,1.0,41.0,1.0,3.0,
178.0,20230901.0,187.76,0.0,0.0,1.0,20.0,1.0,3.0,
178.0,20240401.0,157.16,0.0,0.0,1.0,27.0,1.0,3.0,
178.0,20231101.0,197.81,0.0,0.0,1.0,22.0,1.0,3.0,
178.0,20250201.0,167.38,0.0,0.0,1.0,37.0,1.0,3.0,
178.0,20230601.0,151.84,0.0,0.0,1.0,17.0,1.0,3.0,
178.0,20250401.0,189.18,0.0,0.0,1.0,39.0,1.0,3.0,
178.0,20221201.0,128.45,0.0,0.0,1.0,11.0,1.0,3.0,
178.0,20220301.0,187.02,0.0,0.0,1.0,1.0,1.0,3.0,
178.0,20221101.0,178.73,0.0,0.0,1.0,10.0,1.0,3.0,
178.0,20220201.0,178.9,0.0,0.0,1.0,1.0,1.0,3.0,
178.0,20240101.0,189.68,0.0,0.0,1.0,24.0,1.0,3.0,
178.0,20240501.0,189.61,0.0,0.0,1.0,28.0,1.0,3.0,
178.0,20220101.0,130.45,0.0,0.0,1.0,0.0,1.0,3.0,
178.0,20220901.0,177.53,0.0,0.0,1.0,8.0,1.0,3.0,
499.0,20220101.0,143.16,0.0,0.0,1.0,0.0,1.0,8.0,
499.0,20220501.0,167.14,0.0,0.0,1.0,4.0,1.0,8.0,
499.0,20220401.0,129.8,0.0,0.0,1.0,3.0,1.0,8.0,
499.0,20220601.0,207.78,0.0,0.0,1.0,5.0,1.0,8.0,
499.0,20220301.0,188.93,0.0,0.0,1.0,1.0,1.0,8.0,
499.0,20220201.0,166.63,0.0,0.0,1.0,1.0,1.0,8.0,
499.0,20220101.0,179.11,0.0,0.0,1.0,0.0,1.0,8.0,
499.0,20220901.0,0.0,0.0,0.0,1.0,8.0,1.0,8.0,
500.0,20220101.0,81.0,0.0,0.0,1.0,0.0,1.0,5.0,
500.0,20220501.0,153.0,0.0,0.0,1.0,4.0,1.0,5.0,
500.0,20220401.0,130.0,0.0,0.0,1.0,3.0,1.0,5.0,
500.0,20220601.0,175.5,0.0,0.0,1.0,5.0,1.0,5.0,
500.0,20221001.0,162.0,0.0,0.0,1.0,9.0,1.0,5.0,
500.0,20221201.0,99.0,0.0,0.0,1.0,11.0,1.0,5.0,
500.0,20220301.0,189.0,0.0,0.0,1.0,1.0,1.0,5.0,
500.0,20221101.0,162.0,0.0,0.0,1.0,10.0,1.0,5.0,
500.0,20220201.0,171.0,0.0,0.0,1.0,1.0,1.0,5.0,
500.0,20220101.0,171.0,0.0,0.0,1.0,0.0,1.0,5.0,
500.0,20220901.0,198.0,0.0,0.0,1.0,8.0,1.0,5.0,
12.0,20250101.0,137.29,0.0,0.0,1.0,36.0,1.0,22.0,
12.0,20250101.0,128.55,0.0,0.0,1.0,36.0,1.0,22.0,
12.0,20231001.0,192.09,0.0,0.0,1.0,21.0,1.0,22.0,
12.0,20220101.0,155.2,0.0,0.0,1.0,0.0,1.0,22.0,
12.0,20230401.0,115.11,0.0,0.0,1.0,15.0,1.0,22.0,
12.0,20230301.0,160.17,0.0,0.0,1.0,14.0,1.0,22.0,
12.0,20250501.0,191.73,0.0,0.0,1.0,40.0,1.0,22.0,
12.0,20230101.0,191.02,0.0,0.0,1.0,12.0,1.0,22.0,
12.0,20240801.0,108.38,0.0,0.0,1.0,31.0,1.0,22.0,
12.0,20241101.0,173.3,0.0,0.0,1.0,34.0,1.0,22.0,
12.0,20220501.0,149.56,0.0,0.0,1.0,4.0,1.0,22.0,
12.0,20241001.0,201.01,0.0,0.0,1.0,33.0,1.0,22.0,
12.0,20240601.0,153.97,0.0,0.0,1.0,29.0,1.0,22.0,
12.0,20250301.0,122.02,0.0,0.0,1.0,38.0,1.0,22.0,
12.0,20230201.0,164.2,0.0,0.0,1.0,13.0,1.0,22.0,
12.0,20240201.0,145.75,0.0,0.0,1.0,25.0,1.0,22.0,
12.0,20230101.0,153.81,0.0,0.0,1.0,12.0,1.0,22.0,
12.0,20240301.0,133.09,0.0,0.0,1.0,26.0,1.0,22.0,
12.0,20220401.0,110.1,0.0,0.0,1.0,3.0,1.0,22.0,
12.0,20220601.0,196.09,0.0,0.0,1.0,5.0,1.0,22.0,
12.0,20241201.0,177.82,0.0,0.0,1.0,35.0,1.0,22.0,
12.0,20230801.0,206.17,0.0,0.0,1.0,19.0,1.0,22.0,
12.0,20240901.0,184.3,0.0,0.0,1.0,32.0,1.0,22.0,
12.0,20231201.0,134.73,0.0,0.0,1.0,23.0,1.0,22.0,
12.0,20221001.0,166.01,0.0,0.0,1.0,9.0,1.0,22.0,
12.0,20240101.0,203.04,0.0,0.0,1.0,24.0,1.0,22.0,
12.0,20230501.0,179.45,0.0,0.0,1.0,16.0,1.0,22.0,
12.0,20250601.0,176.39,0.0,0.0,1.0,41.0,1.0,22.0,
12.0,20230901.0,177.68,0.0,0.0,1.0,20.0,1.0,22.0,
12.0,20240401.0,143.38,0.0,0.0,1.0,27.0,1.0,22.0,
12.0,20231101.0,184.28,0.0,0.0,1.0,22.0,1.0,22.0,
12.0,20250201.0,173.82,0.0,0.0,1.0,37.0,1.0,22.0,
12.0,20230601.0,172.3,0.0,0.0,1.0,17.0,1.0,22.0,
12.0,20250401.0,175.73,0.0,0.0,1.0,39.0,1.0,22.0,
12.0,20221201.0,148.37,0.0,0.0,1.0,11.0,1.0,22.0,
12.0,20220301.0,185.48,0.0,0.0,1.0,1.0,1.0,22.0,
12.0,20221101.0,211.21,0.0,0.0,1.0,10.0,1.0,22.0,
12.0,20220201.0,109.83,0.0,0.0,1.0,1.0,1.0,22.0,
12.0,20240101.0,148.21,0.0,0.0,1.0,24.0,1.0,22.0,
12.0,20240501.0,190.03,0.0,0.0,1.0,28.0,1.0,22.0,
12.0,20220101.0,160.12,0.0,0.0,1.0,0.0,1.0,22.0,
12.0,20220901.0,180.12,0.0,0.0,1.0,8.0,1.0,22.0,
179.0,20250101.0,202.97,0.0,0.0,1.0,36.0,1.0,3.0,
179.0,20250101.0,120.1,0.0,0.0,1.0,36.0,1.0,3.0,
179.0,20231001.0,212.64,0.0,0.0,1.0,21.0,1.0,3.0,
179.0,20220101.0,161.44,0.0,0.0,1.0,0.0,1.0,3.0,
179.0,20230401.0,126.73,0.0,0.0,1.0,15.0,1.0,3.0,
179.0,20230301.0,168.88,0.0,0.0,1.0,14.0,1.0,3.0,
179.0,20250501.0,198.84,0.0,0.0,1.0,40.0,1.0,3.0,
179.0,20230101.0,217.28,0.0,0.0,1.0,12.0,1.0,3.0,
179.0,20240801.0,146.5,0.0,0.0,1.0,31.0,1.0,3.0,
179.0,20241101.0,191.55,0.0,0.0,1.0,34.0,1.0,3.0,
179.0,20220501.0,194.58,0.0,0.0,1.0,4.0,1.0,3.0,
179.0,20241001.0,211.76,0.0,0.0,1.0,33.0,1.0,3.0,
179.0,20240601.0,167.45,0.0,0.0,1.0,29.0,1.0,3.0,
179.0,20250301.0,130.07,0.0,0.0,1.0,38.0,1.0,3.0,
179.0,20230201.0,166.93,0.0,0.0,1.0,13.0,1.0,3.0,
179.0,20240201.0,0.0,0.0,0.0,1.0,25.0,1.0,3.0,
179.0,20230101.0,198.08,0.0,0.0,1.0,12.0,1.0,3.0,
179.0,20240301.0,10.14,0.0,0.0,1.0,26.0,1.0,3.0,
179.0,20220401.0,133.14,0.0,0.0,1.0,3.0,1.0,3.0,
179.0,20220601.0,199.53,0.0,0.0,1.0,5.0,1.0,3.0,
179.0,20241201.0,160.13,0.0,0.0,1.0,35.0,1.0,3.0,
179.0,20230801.0,90.35,0.0,0.0,1.0,19.0,1.0,3.0,
179.0,20240901.0,189.53,0.0,0.0,1.0,32.0,1.0,3.0,
179.0,20231201.0,0.0,0.0,0.0,1.0,23.0,1.0,3.0,
179.0,20221001.0,186.41,0.0,0.0,1.0,9.0,1.0,3.0,
179.0,20240101.0,192.98,0.0,0.0,1.0,24.0,1.0,3.0,
179.0,20230501.0,191.69,0.0,0.0,1.0,16.0,1.0,3.0,
179.0,20250601.0,173.99,0.0,0.0,1.0,41.0,1.0,3.0,
179.0,20230901.0,188.28,0.0,0.0,1.0,20.0,1.0,3.0,
179.0,20240401.0,173.28,0.0,0.0,1.0,27.0,1.0,3.0,
179.0,20231101.0,129.63,0.0,0.0,1.0,22.0,1.0,3.0,
179.0,20250201.0,186.02,0.0,0.0,1.0,37.0,1.0,3.0,
179.0,20230601.0,170.91,0.0,0.0,1.0,17.0,1.0,3.0,
179.0,20250401.0,188.58,0.0,0.0,1.0,39.0,1.0,3.0,
179.0,20221201.0,128.56,0.0,0.0,1.0,11.0,1.0,3.0,
179.0,20220301.0,214.12,0.0,0.0,1.0,1.0,1.0,3.0,
179.0,20221101.0,187.23,0.0,0.0,1.0,10.0,1.0,3.0,
179.0,20220201.0,190.89,0.0,0.0,1.0,1.0,1.0,3.0,
179.0,20240101.0,0.0,0.0,0.0,1.0,24.0,1.0,3.0,
179.0,20240501.0,204.84,0.0,0.0,1.0,28.0,1.0,3.0,
179.0,20220101.0,152.92,0.0,0.0,1.0,0.0,1.0,3.0,
179.0,20220901.0,194.76,0.0,0.0,1.0,8.0,1.0,3.0,
421.0,20231001.0,180.0,0.0,0.0,1.0,21.0,3.0,22.0,
421.0,20220101.0,144.0,0.0,0.0,1.0,0.0,3.0,22.0,
421.0,20230401.0,116.5,0.0,0.0,1.0,15.0,3.0,22.0,
421.0,20230301.0,162.5,0.0,0.0,1.0,14.0,3.0,22.0,
421.0,20230101.0,162.0,0.0,0.0,1.0,12.0,3.0,22.0,
421.0,20220501.0,180.0,0.0,0.0,1.0,4.0,3.0,22.0,
421.0,20230201.0,171.0,0.0,0.0,1.0,13.0,3.0,22.0,
421.0,20240201.0,0.0,0.0,0.0,1.0,25.0,3.0,22.0,
421.0,20230101.0,171.0,0.0,0.0,1.0,12.0,3.0,22.0,
421.0,20220401.0,142.0,0.0,0.0,1.0,3.0,3.0,22.0,
421.0,20220601.0,180.0,0.0,0.0,1.0,5.0,3.0,22.0,
421.0,20230801.0,198.0,0.0,0.0,1.0,19.0,3.0,22.0,
421.0,20231201.0,126.0,0.0,0.0,1.0,23.0,3.0,22.0,
421.0,20221001.0,162.0,0.0,0.0,1.0,9.0,3.0,22.0,
421.0,20230501.0,171.0,0.0,0.0,1.0,16.0,3.0,22.0,
421.0,20230901.0,180.0,0.0,0.0,1.0,20.0,3.0,22.0,
421.0,20231101.0,189.0,0.0,0.0,1.0,22.0,3.0,22.0,
421.0,20230601.0,169.0,0.0,0.0,1.0,17.0,3.0,22.0,
421.0,20221201.0,144.0,0.0,0.0,1.0,11.0,3.0,22.0,
421.0,20220301.0,198.0,0.0,0.0,1.0,1.0,3.0,22.0,
421.0,20221101.0,189.0,0.0,0.0,1.0,10.0,3.0,22.0,
421.0,20220201.0,162.0,0.0,0.0,1.0,1.0,3.0,22.0,
421.0,20220101.0,180.0,0.0,0.0,1.0,0.0,3.0,22.0,
421.0,20220901.0,189.0,0.0,0.0,1.0,8.0,3.0,22.0,
180.0,20250101.0,126.6,0.0,0.0,1.0,36.0,5.0,22.0,
180.0,20250101.0,97.5,0.0,0.0,1.0,36.0,5.0,22.0,
180.0,20231001.0,129.97,0.0,0.0,1.0,21.0,5.0,22.0,
180.0,20220101.0,95.26,0.0,0.0,1.0,0.0,5.0,22.0,
180.0,20230401.0,58.69,0.0,0.0,1.0,15.0,5.0,22.0,
180.0,20230301.0,67.28,0.0,0.0,1.0,14.0,5.0,22.0,
180.0,20250501.0,119.66,0.0,0.0,1.0,40.0,5.0,22.0,
180.0,20230101.0,112.96,0.0,0.0,1.0,12.0,5.0,22.0,
180.0,20240801.0,74.69,0.0,0.0,1.0,31.0,5.0,22.0,
180.0,20241101.0,126.31,0.0,0.0,1.0,34.0,5.0,22.0,
180.0,20220501.0,142.33,0.0,0.0,1.0,4.0,5.0,22.0,
180.0,20241001.0,191.76,0.0,0.0,1.0,33.0,5.0,22.0,
180.0,20240601.0,118.58,0.0,0.0,1.0,29.0,5.0,22.0,
180.0,20250301.0,69.7,0.0,0.0,1.0,38.0,5.0,22.0,
180.0,20230201.0,110.81,0.0,0.0,1.0,13.0,5.0,22.0,
180.0,20240201.0,147.18,0.0,0.0,1.0,25.0,5.0,22.0,
180.0,20230101.0,37.46,0.0,0.0,1.0,12.0,5.0,22.0,
180.0,20240301.0,86.6,0.0,0.0,1.0,26.0,5.0,22.0,
180.0,20220401.0,78.01,0.0,0.0,1.0,3.0,5.0,22.0,
180.0,20220601.0,124.1,0.0,0.0,1.0,5.0,5.0,22.0,
180.0,20241201.0,108.58,0.0,0.0,1.0,35.0,5.0,22.0,
180.0,20230801.0,74.02,0.0,0.0,1.0,19.0,5.0,22.0,
180.0,20240901.0,118.11,0.0,0.0,1.0,32.0,5.0,22.0,
180.0,20231201.0,132.11,0.0,0.0,1.0,23.0,5.0,22.0,
180.0,20221001.0,109.61,0.0,0.0,1.0,9.0,5.0,22.0,
180.0,20240101.0,136.69,0.0,0.0,1.0,24.0,5.0,22.0,
180.0,20230501.0,137.72,0.0,0.0,1.0,16.0,5.0,22.0,
180.0,20250601.0,141.72,0.0,0.0,1.0,41.0,5.0,22.0,
180.0,20230901.0,51.91,0.0,0.0,1.0,20.0,5.0,22.0,
180.0,20240401.0,62.52,0.0,0.0,1.0,27.0,5.0,22.0,
180.0,20231101.0,143.51,0.0,0.0,1.0,22.0,5.0,22.0,
180.0,20250201.0,133.44,0.0,0.0,1.0,37.0,5.0,22.0,
180.0,20230601.0,78.04,0.0,0.0,1.0,17.0,5.0,22.0,
180.0,20250401.0,145.86,0.0,0.0,1.0,39.0,5.0,22.0,
180.0,20221201.0,118.89,0.0,0.0,1.0,11.0,5.0,22.0,
180.0,20220301.0,174.17,0.0,0.0,1.0,1.0,5.0,22.0,
180.0,20221101.0,166.75,0.0,0.0,1.0,10.0,5.0,22.0,
180.0,20220201.0,85.41,0.0,0.0,1.0,1.0,5.0,22.0,
180.0,20240101.0,98.01,0.0,0.0,1.0,24.0,5.0,22.0,
180.0,20240501.0,124.83,0.0,0.0,1.0,28.0,5.0,22.0,
180.0,20220101.0,104.4,0.0,0.0,1.0,0.0,5.0,22.0,
180.0,20220901.0,126.72,0.0,0.0,1.0,8.0,5.0,22.0,
181.0,20250101.0,178.99,0.0,0.0,1.0,36.0,1.0,1.0,
181.0,20250101.0,118.42,0.0,0.0,1.0,36.0,1.0,1.0,
181.0,20231001.0,181.51,0.0,0.0,1.0,21.0,1.0,1.0,
181.0,20220101.0,172.27,0.0,0.0,1.0,0.0,1.0,1.0,
181.0,20230401.0,128.83,0.0,0.0,1.0,15.0,1.0,1.0,
181.0,20230301.0,180.93,0.0,0.0,1.0,14.0,1.0,1.0,
181.0,20250501.0,130.78,0.0,0.0,1.0,40.0,1.0,1.0,
181.0,20230101.0,199.39,0.0,0.0,1.0,12.0,1.0,1.0,
181.0,20240801.0,90.77,0.0,0.0,1.0,31.0,1.0,1.0,
181.0,20241101.0,146.81,0.0,0.0,1.0,34.0,1.0,1.0,
181.0,20220501.0,169.41,0.0,0.0,1.0,4.0,1.0,1.0,
181.0,20241001.0,181.0,0.0,0.0,1.0,33.0,1.0,1.0,
181.0,20240601.0,170.62,0.0,0.0,1.0,29.0,1.0,1.0,
181.0,20250301.0,137.31,0.0,0.0,1.0,38.0,1.0,1.0,
181.0,20230201.0,172.87,0.0,0.0,1.0,13.0,1.0,1.0,
181.0,20240201.0,197.06,0.0,0.0,1.0,25.0,1.0,1.0,
181.0,20230101.0,161.54,0.0,0.0,1.0,12.0,1.0,1.0,
181.0,20240301.0,120.6,0.0,0.0,1.0,26.0,1.0,1.0,
181.0,20220401.0,126.54,0.0,0.0,1.0,3.0,1.0,1.0,
181.0,20220601.0,201.03,0.0,0.0,1.0,5.0,1.0,1.0,
181.0,20241201.0,152.73,0.0,0.0,1.0,35.0,1.0,1.0,
181.0,20230801.0,77.74,0.0,0.0,1.0,19.0,1.0,1.0,
181.0,20240901.0,163.39,0.0,0.0,1.0,32.0,1.0,1.0,
181.0,20231201.0,137.59,0.0,0.0,1.0,23.0,1.0,1.0,
181.0,20221001.0,183.33,0.0,0.0,1.0,9.0,1.0,1.0,
181.0,20240101.0,189.51,0.0,0.0,1.0,24.0,1.0,1.0,
181.0,20230501.0,181.85,0.0,0.0,1.0,16.0,1.0,1.0,
181.0,20250601.0,0.0,0.0,0.0,1.0,41.0,1.0,1.0,
181.0,20230901.0,172.59,0.0,0.0,1.0,20.0,1.0,1.0,
181.0,20240401.0,153.27,0.0,0.0,1.0,27.0,1.0,1.0,
181.0,20231101.0,191.93,0.0,0.0,1.0,22.0,1.0,1.0,
181.0,20250201.0,179.83,0.0,0.0,1.0,37.0,1.0,1.0,
181.0,20230601.0,178.85,0.0,0.0,1.0,17.0,1.0,1.0,
181.0,20250401.0,185.45,0.0,0.0,1.0,39.0,1.0,1.0,
181.0,20221201.0,105.95,0.0,0.0,1.0,11.0,1.0,1.0,
181.0,20220301.0,212.46,0.0,0.0,1.0,1.0,1.0,1.0,
181.0,20221101.0,201.23,0.0,0.0,1.0,10.0,1.0,1.0,
181.0,20220201.0,154.09,0.0,0.0,1.0,1.0,1.0,1.0,
181.0,20240101.0,179.79,0.0,0.0,1.0,24.0,1.0,1.0,
181.0,20240501.0,191.51,0.0,0.0,1.0,28.0,1.0,1.0,
181.0,20220101.0,177.57,0.0,0.0,1.0,0.0,1.0,1.0,
181.0,20220901.0,192.02,0.0,0.0,1.0,8.0,1.0,1.0,
501.0,20220101.0,0.0,0.0,0.0,1.0,0.0,1.0,1.0,
501.0,20230401.0,0.0,0.0,0.0,1.0,15.0,1.0,1.0,
501.0,20230301.0,0.0,0.0,0.0,1.0,14.0,1.0,1.0,
501.0,20230101.0,0.0,0.0,0.0,1.0,12.0,1.0,1.0,
501.0,20220501.0,163.33,0.0,0.0,1.0,4.0,1.0,1.0,
501.0,20230201.0,0.0,0.0,0.0,1.0,13.0,1.0,1.0,
501.0,20220401.0,127.72,0.0,0.0,1.0,3.0,1.0,1.0,
501.0,20220601.0,66.54,0.0,0.0,1.0,5.0,1.0,1.0,
501.0,20221001.0,0.0,0.0,0.0,1.0,9.0,1.0,1.0,
501.0,20230501.0,0.0,0.0,0.0,1.0,16.0,1.0,1.0,
501.0,20221201.0,0.0,0.0,0.0,1.0,11.0,1.0,1.0,
501.0,20220301.0,194.29,0.0,0.0,1.0,1.0,1.0,1.0,
501.0,20221101.0,0.0,0.0,0.0,1.0,10.0,1.0,1.0,
501.0,20220201.0,166.63,0.0,0.0,1.0,1.0,1.0,1.0,
501.0,20220101.0,196.01,0.0,0.0,1.0,0.0,1.0,1.0,
501.0,20220901.0,0.0,0.0,0.0,1.0,8.0,1.0,1.0,
182.0,20250101.0,195.24,0.0,0.0,1.0,36.0,1.0,2.0,
182.0,20250101.0,126.08,0.0,0.0,1.0,36.0,1.0,2.0,
182.0,20231001.0,221.32,0.0,0.0,1.0,21.0,1.0,2.0,
182.0,20220101.0,175.19,0.0,0.0,1.0,0.0,1.0,2.0,
182.0,20230401.0,135.79,0.0,0.0,1.0,15.0,1.0,2.0,
182.0,20230301.0,197.97,0.0,0.0,1.0,14.0,1.0,2.0,
182.0,20250501.0,193.11,0.0,0.0,1.0,40.0,1.0,2.0,
182.0,20230101.0,197.99,0.0,0.0,1.0,12.0,1.0,2.0,
182.0,20240801.0,143.88,0.0,0.0,1.0,31.0,1.0,2.0,
182.0,20241101.0,191.38,0.0,0.0,1.0,34.0,1.0,2.0,
182.0,20220501.0,202.26,0.0,0.0,1.0,4.0,1.0,2.0,
182.0,20241001.0,209.13,0.0,0.0,1.0,33.0,1.0,2.0,
182.0,20240601.0,150.58,0.0,0.0,1.0,29.0,1.0,2.0,
182.0,20250301.0,136.88,0.0,0.0,1.0,38.0,1.0,2.0,
182.0,20230201.0,181.67,0.0,0.0,1.0,13.0,1.0,2.0,
182.0,20240201.0,186.77,0.0,0.0,1.0,25.0,1.0,2.0,
182.0,20230101.0,202.79,0.0,0.0,1.0,12.0,1.0,2.0,
182.0,20240301.0,165.27,0.0,0.0,1.0,26.0,1.0,2.0,
182.0,20220401.0,154.68,0.0,0.0,1.0,3.0,1.0,2.0,
182.0,20220601.0,207.47,0.0,0.0,1.0,5.0,1.0,2.0,
182.0,20241201.0,185.34,0.0,0.0,1.0,35.0,1.0,2.0,
182.0,20230801.0,141.1,0.0,0.0,1.0,19.0,1.0,2.0,
182.0,20240901.0,185.93,0.0,0.0,1.0,32.0,1.0,2.0,
182.0,20231201.0,205.12,0.0,0.0,1.0,23.0,1.0,2.0,
182.0,20221001.0,203.58,0.0,0.0,1.0,9.0,1.0,2.0,
182.0,20240101.0,199.12,0.0,0.0,1.0,24.0,1.0,2.0,
182.0,20230501.0,219.14,0.0,0.0,1.0,16.0,1.0,2.0,
182.0,20250601.0,170.94,0.0,0.0,1.0,41.0,1.0,2.0,
182.0,20230901.0,209.05,0.0,0.0,1.0,20.0,1.0,2.0,
182.0,20240401.0,171.73,0.0,0.0,1.0,27.0,1.0,2.0,
182.0,20231101.0,225.28,0.0,0.0,1.0,22.0,1.0,2.0,
182.0,20250201.0,184.2,0.0,0.0,1.0,37.0,1.0,2.0,
182.0,20230601.0,186.23,0.0,0.0,1.0,17.0,1.0,2.0,
182.0,20250401.0,182.5,0.0,0.0,1.0,39.0,1.0,2.0,
182.0,20221201.0,191.15,0.0,0.0,1.0,11.0,1.0,2.0,
182.0,20220301.0,210.81,0.0,0.0,1.0,1.0,1.0,2.0,
182.0,20221101.0,210.07,0.0,0.0,1.0,10.0,1.0,2.0,
182.0,20220201.0,185.36,0.0,0.0,1.0,1.0,1.0,2.0,
182.0,20240101.0,192.17,0.0,0.0,1.0,24.0,1.0,2.0,
182.0,20240501.0,193.57,0.0,0.0,1.0,28.0,1.0,2.0,
182.0,20220101.0,179.68,0.0,0.0,1.0,0.0,1.0,2.0,
182.0,20220901.0,204.75,0.0,0.0,1.0,8.0,1.0,2.0,
183.0,20250101.0,180.25,0.0,0.0,1.0,36.0,1.0,8.0,
183.0,20250101.0,125.13,0.0,0.0,1.0,36.0,1.0,8.0,
183.0,20231001.0,203.94,0.0,0.0,1.0,21.0,1.0,8.0,
183.0,20220101.0,168.33,0.0,0.0,1.0,0.0,1.0,8.0,
183.0,20230401.0,116.66,0.0,0.0,1.0,15.0,1.0,8.0,
183.0,20230301.0,168.39,0.0,0.0,1.0,14.0,1.0,8.0,
183.0,20250501.0,188.2,0.0,0.0,1.0,40.0,1.0,8.0,
183.0,20230101.0,195.14,0.0,0.0,1.0,12.0,1.0,8.0,
183.0,20240801.0,114.21,0.0,0.0,1.0,31.0,1.0,8.0,
183.0,20241101.0,168.39,0.0,0.0,1.0,34.0,1.0,8.0,
183.0,20220501.0,162.43,0.0,0.0,1.0,4.0,1.0,8.0,
183.0,20241001.0,194.89,0.0,0.0,1.0,33.0,1.0,8.0,
183.0,20240601.0,162.47,0.0,0.0,1.0,29.0,1.0,8.0,
183.0,20250301.0,125.59,0.0,0.0,1.0,38.0,1.0,8.0,
183.0,20230201.0,164.1,0.0,0.0,1.0,13.0,1.0,8.0,
183.0,20240201.0,173.65,0.0,0.0,1.0,25.0,1.0,8.0,
183.0,20230101.0,173.2,0.0,0.0,1.0,12.0,1.0,8.0,
183.0,20240301.0,131.52,0.0,0.0,1.0,26.0,1.0,8.0,
183.0,20220401.0,135.38,0.0,0.0,1.0,3.0,1.0,8.0,
183.0,20220601.0,195.23,0.0,0.0,1.0,5.0,1.0,8.0,
183.0,20241201.0,158.91,0.0,0.0,1.0,35.0,1.0,8.0,
183.0,20230801.0,116.97,0.0,0.0,1.0,19.0,1.0,8.0,
183.0,20240901.0,188.86,0.0,0.0,1.0,32.0,1.0,8.0,
183.0,20231201.0,151.28,0.0,0.0,1.0,23.0,1.0,8.0,
183.0,20221001.0,185.14,0.0,0.0,1.0,9.0,1.0,8.0,
183.0,20240101.0,178.68,0.0,0.0,1.0,24.0,1.0,8.0,
183.0,20230501.0,195.26,0.0,0.0,1.0,16.0,1.0,8.0,
183.0,20250601.0,167.3,0.0,0.0,1.0,41.0,1.0,8.0,
183.0,20230901.0,182.31,0.0,0.0,1.0,20.0,1.0,8.0,
183.0,20240401.0,157.88,0.0,0.0,1.0,27.0,1.0,8.0,
183.0,20231101.0,197.17,0.0,0.0,1.0,22.0,1.0,8.0,
183.0,20250201.0,167.29,0.0,0.0,1.0,37.0,1.0,8.0,
183.0,20230601.0,159.48,0.0,0.0,1.0,17.0,1.0,8.0,
183.0,20250401.0,179.33,0.0,0.0,1.0,39.0,1.0,8.0,
183.0,20221201.0,129.66,0.0,0.0,1.0,11.0,1.0,8.0,
183.0,20220301.0,177.75,0.0,0.0,1.0,1.0,1.0,8.0,
183.0,20221101.0,183.66,0.0,0.0,1.0,10.0,1.0,8.0,
183.0,20220201.0,170.44,0.0,0.0,1.0,1.0,1.0,8.0,
183.0,20240101.0,172.32,0.0,0.0,1.0,24.0,1.0,8.0,
183.0,20240501.0,186.06,0.0,0.0,1.0,28.0,1.0,8.0,
183.0,20220101.0,176.59,0.0,0.0,1.0,0.0,1.0,8.0,
183.0,20220901.0,209.81,0.0,0.0,1.0,8.0,1.0,8.0,
184.0,20250101.0,180.0,0.0,0.0,1.0,36.0,3.0,22.0,
184.0,20250101.0,126.0,0.0,0.0,1.0,36.0,3.0,22.0,
184.0,20231001.0,189.0,0.0,0.0,1.0,21.0,3.0,22.0,
184.0,20220101.0,180.0,0.0,0.0,1.0,0.0,3.0,22.0,
184.0,20230401.0,129.5,0.0,0.0,1.0,15.0,3.0,22.0,
184.0,20230301.0,143.0,0.0,0.0,1.0,14.0,3.0,22.0,
184.0,20250501.0,162.0,0.0,0.0,1.0,40.0,3.0,22.0,
184.0,20230101.0,198.0,0.0,0.0,1.0,12.0,3.0,22.0,
184.0,20240801.0,153.0,0.0,0.0,1.0,31.0,3.0,22.0,
184.0,20241101.0,189.0,0.0,0.0,1.0,34.0,3.0,22.0,
184.0,20220501.0,180.0,0.0,0.0,1.0,4.0,3.0,22.0,
184.0,20241001.0,171.0,0.0,0.0,1.0,33.0,3.0,22.0,
184.0,20240601.0,171.0,0.0,0.0,1.0,29.0,3.0,22.0,
184.0,20250301.0,133.0,0.0,0.0,1.0,38.0,3.0,22.0,
184.0,20230201.0,180.0,0.0,0.0,1.0,13.0,3.0,22.0,
184.0,20240201.0,171.0,0.0,0.0,1.0,25.0,3.0,22.0,
184.0,20230101.0,126.0,0.0,0.0,1.0,12.0,3.0,22.0,
184.0,20240301.0,132.0,0.0,0.0,1.0,26.0,3.0,22.0,
184.0,20220401.0,149.0,0.0,0.0,1.0,3.0,3.0,22.0,
184.0,20220601.0,198.0,0.0,0.0,1.0,5.0,3.0,22.0,
184.0,20241201.0,162.0,0.0,0.0,1.0,35.0,3.0,22.0,
184.0,20230801.0,153.0,0.0,0.0,1.0,19.0,3.0,22.0,
184.0,20240901.0,189.0,0.0,0.0,1.0,32.0,3.0,22.0,
184.0,20231201.0,117.0,0.0,0.0,1.0,23.0,3.0,22.0,
184.0,20221001.0,189.0,0.0,0.0,1.0,9.0,3.0,22.0,
184.0,20240101.0,189.0,0.0,0.0,1.0,24.0,3.0,22.0,
184.0,20230501.0,198.0,0.0,0.0,1.0,16.0,3.0,22.0,
184.0,20250601.0,27.0,0.0,0.0,1.0,41.0,3.0,22.0,
184.0,20230901.0,180.0,0.0,0.0,1.0,20.0,3.0,22.0,
184.0,20240401.0,140.5,0.0,0.0,1.0,27.0,3.0,22.0,
184.0,20231101.0,198.0,0.0,0.0,1.0,22.0,3.0,22.0,
184.0,20250201.0,180.0,0.0,0.0,1.0,37.0,3.0,22.0,
184.0,20230601.0,146.5,0.0,0.0,1.0,17.0,3.0,22.0,
184.0,20250401.0,189.0,0.0,0.0,1.0,39.0,3.0,22.0,
184.0,20221201.0,153.0,0.0,0.0,1.0,11.0,3.0,22.0,
184.0,20220301.0,207.0,0.0,0.0,1.0,1.0,3.0,22.0,
184.0,20221101.0,198.0,0.0,0.0,1.0,10.0,3.0,22.0,
184.0,20220201.0,180.0,0.0,0.0,1.0,1.0,3.0,22.0,
184.0,20240101.0,180.0,0.0,0.0,1.0,24.0,3.0,22.0,
184.0,20240501.0,198.0,0.0,0.0,1.0,28.0,3.0,22.0,
184.0,20220101.0,189.0,0.0,0.0,1.0,0.0,3.0,22.0,
184.0,20220901.0,198.0,0.0,0.0,1.0,8.0,3.0,22.0,
502.0,20220101.0,145.95,0.0,0.0,1.0,0.0,1.0,1.0,
502.0,20220501.0,155.9,0.0,0.0,1.0,4.0,1.0,1.0,
502.0,20220401.0,132.6,0.0,0.0,1.0,3.0,1.0,1.0,
502.0,20220601.0,191.32,0.0,0.0,1.0,5.0,1.0,1.0,
502.0,20220301.0,193.21,0.0,0.0,1.0,1.0,1.0,1.0,
502.0,20220201.0,178.09,0.0,0.0,1.0,1.0,1.0,1.0,
502.0,20220101.0,139.7,0.0,0.0,1.0,0.0,1.0,1.0,
502.0,20220901.0,36.9,0.0,0.0,1.0,8.0,1.0,1.0,
185.0,20250101.0,185.22,0.0,0.0,1.0,36.0,1.0,10.0,
185.0,20231001.0,201.16,0.0,0.0,1.0,21.0,1.0,10.0,
185.0,20220101.0,162.91,0.0,0.0,1.0,0.0,1.0,10.0,
185.0,20230401.0,139.23,0.0,0.0,1.0,15.0,1.0,10.0,
185.0,20230301.0,178.04,0.0,0.0,1.0,14.0,1.0,10.0,
185.0,20250501.0,190.32,0.0,0.0,1.0,40.0,1.0,10.0,
185.0,20230101.0,203.86,0.0,0.0,1.0,12.0,1.0,10.0,
185.0,20240801.0,110.97,0.0,0.0,1.0,31.0,1.0,10.0,
185.0,20241101.0,200.46,0.0,0.0,1.0,34.0,1.0,10.0,
185.0,20220501.0,201.25,0.0,0.0,1.0,4.0,1.0,10.0,
185.0,20241001.0,202.09,0.0,0.0,1.0,33.0,1.0,10.0,
185.0,20240601.0,175.58,0.0,0.0,1.0,29.0,1.0,10.0,
185.0,20250301.0,137.74,0.0,0.0,1.0,38.0,1.0,10.0,
185.0,20230201.0,176.51,0.0,0.0,1.0,13.0,1.0,10.0,
185.0,20240201.0,129.81,0.0,0.0,1.0,25.0,1.0,10.0,
185.0,20230101.0,176.04,0.0,0.0,1.0,12.0,1.0,10.0,
185.0,20240301.0,153.05,0.0,0.0,1.0,26.0,1.0,10.0,
185.0,20220401.0,144.59,0.0,0.0,1.0,3.0,1.0,10.0,
185.0,20220601.0,168.37,0.0,0.0,1.0,5.0,1.0,10.0,
185.0,20241201.0,190.28,0.0,0.0,1.0,35.0,1.0,10.0,
185.0,20230801.0,88.79,0.0,0.0,1.0,19.0,1.0,10.0,
185.0,20240901.0,194.59,0.0,0.0,1.0,32.0,1.0,10.0,
185.0,20231201.0,185.29,0.0,0.0,1.0,23.0,1.0,10.0,
185.0,20221001.0,192.47,0.0,0.0,1.0,9.0,1.0,10.0,
185.0,20240101.0,194.1,0.0,0.0,1.0,24.0,1.0,10.0,
185.0,20230501.0,202.22,0.0,0.0,1.0,16.0,1.0,10.0,
185.0,20250601.0,117.11,0.0,0.0,1.0,41.0,1.0,10.0,
185.0,20230901.0,185.35,0.0,0.0,1.0,20.0,1.0,10.0,
185.0,20240401.0,149.1,0.0,0.0,1.0,27.0,1.0,10.0,
185.0,20231101.0,203.89,0.0,0.0,1.0,22.0,1.0,10.0,
185.0,20250201.0,166.98,0.0,0.0,1.0,37.0,1.0,10.0,
185.0,20230601.0,183.52,0.0,0.0,1.0,17.0,1.0,10.0,
185.0,20250401.0,194.67,0.0,0.0,1.0,39.0,1.0,10.0,
185.0,20221201.0,157.12,0.0,0.0,1.0,11.0,1.0,10.0,
185.0,20220301.0,219.41,0.0,0.0,1.0,1.0,1.0,10.0,
185.0,20221101.0,194.82,0.0,0.0,1.0,10.0,1.0,10.0,
185.0,20220201.0,194.45,0.0,0.0,1.0,1.0,1.0,10.0,
185.0,20240101.0,211.52,0.0,0.0,1.0,24.0,1.0,10.0,
185.0,20240501.0,194.47,0.0,0.0,1.0,28.0,1.0,10.0,
185.0,20220101.0,194.75,0.0,0.0,1.0,0.0,1.0,10.0,
185.0,20220901.0,210.94,0.0,0.0,1.0,8.0,1.0,10.0,
503.0,20220101.0,159.89,0.0,0.0,1.0,0.0,4.0,22.0,
503.0,20230401.0,0.0,0.0,0.0,1.0,15.0,4.0,22.0,
503.0,20230301.0,0.0,0.0,0.0,1.0,14.0,4.0,22.0,
503.0,20230101.0,164.96,0.0,0.0,1.0,12.0,4.0,22.0,
503.0,20220501.0,177.6,0.0,0.0,1.0,4.0,4.0,22.0,
503.0,20230201.0,59.56,0.0,0.0,1.0,13.0,4.0,22.0,
503.0,20220401.0,131.79,0.0,0.0,1.0,3.0,4.0,22.0,
503.0,20220601.0,123.73,0.0,0.0,1.0,5.0,4.0,22.0,
503.0,20221001.0,185.59,0.0,0.0,1.0,9.0,4.0,22.0,
503.0,20221201.0,108.05,0.0,0.0,1.0,11.0,4.0,22.0,
503.0,20220301.0,159.81,0.0,0.0,1.0,1.0,4.0,22.0,
503.0,20221101.0,161.04,0.0,0.0,1.0,10.0,4.0,22.0,
503.0,20220201.0,130.16,0.0,0.0,1.0,1.0,4.0,22.0,
503.0,20220101.0,156.23,0.0,0.0,1.0,0.0,4.0,22.0,
503.0,20220901.0,115.42,0.0,0.0,1.0,8.0,4.0,22.0,
422.0,20231001.0,198.0,0.0,0.0,1.0,21.0,3.0,13.0,
422.0,20220101.0,135.0,0.0,0.0,1.0,0.0,3.0,13.0,
422.0,20230401.0,123.0,0.0,0.0,1.0,15.0,3.0,13.0,
422.0,20230301.0,180.5,0.0,0.0,1.0,14.0,3.0,13.0,
422.0,20230101.0,198.0,0.0,0.0,1.0,12.0,3.0,13.0,
422.0,20220501.0,180.0,0.0,0.0,1.0,4.0,3.0,13.0,
422.0,20240601.0,99.0,0.0,0.0,1.0,29.0,3.0,13.0,
422.0,20230201.0,180.0,0.0,0.0,1.0,13.0,3.0,13.0,
422.0,20240201.0,189.0,0.0,0.0,1.0,25.0,3.0,13.0,
422.0,20230101.0,135.0,0.0,0.0,1.0,12.0,3.0,13.0,
422.0,20240301.0,145.0,0.0,0.0,1.0,26.0,3.0,13.0,
422.0,20220401.0,149.0,0.0,0.0,1.0,3.0,3.0,13.0,
422.0,20220601.0,189.0,0.0,0.0,1.0,5.0,3.0,13.0,
422.0,20230801.0,171.0,0.0,0.0,1.0,19.0,3.0,13.0,
422.0,20231201.0,144.0,0.0,0.0,1.0,23.0,3.0,13.0,
422.0,20221001.0,189.0,0.0,0.0,1.0,9.0,3.0,13.0,
422.0,20240101.0,0.0,0.0,0.0,1.0,24.0,3.0,13.0,
422.0,20230501.0,198.0,0.0,0.0,1.0,16.0,3.0,13.0,
422.0,20230901.0,180.0,0.0,0.0,1.0,20.0,3.0,13.0,
422.0,20240401.0,140.5,0.0,0.0,1.0,27.0,3.0,13.0,
422.0,20231101.0,198.0,0.0,0.0,1.0,22.0,3.0,13.0,
422.0,20230601.0,124.0,0.0,0.0,1.0,17.0,3.0,13.0,
422.0,20221201.0,153.0,0.0,0.0,1.0,11.0,3.0,13.0,
422.0,20220301.0,198.0,0.0,0.0,1.0,1.0,3.0,13.0,
422.0,20221101.0,198.0,0.0,0.0,1.0,10.0,3.0,13.0,
422.0,20220201.0,171.0,0.0,0.0,1.0,1.0,3.0,13.0,
422.0,20240101.0,162.0,0.0,0.0,1.0,24.0,3.0,13.0,
422.0,20240501.0,198.0,0.0,0.0,1.0,28.0,3.0,13.0,
422.0,20220101.0,189.0,0.0,0.0,1.0,0.0,3.0,13.0,
422.0,20220901.0,198.0,0.0,0.0,1.0,8.0,3.0,13.0,
372.0,20250101.0,127.52,0.0,0.0,1.0,36.0,2.0,19.0,
372.0,20220101.0,171.08,0.0,0.0,1.0,0.0,2.0,19.0,
372.0,20250501.0,193.2,0.0,0.0,1.0,40.0,2.0,19.0,
372.0,20220501.0,163.43,0.0,0.0,1.0,4.0,2.0,19.0,
372.0,20220401.0,131.66,0.0,0.0,1.0,3.0,2.0,19.0,
372.0,20220601.0,184.38,0.0,0.0,1.0,5.0,2.0,19.0,
372.0,20250601.0,178.97,0.0,0.0,1.0,41.0,2.0,19.0,
372.0,20250401.0,27.22,0.0,0.0,1.0,39.0,2.0,19.0,
372.0,20220301.0,200.22,0.0,0.0,1.0,1.0,2.0,19.0,
372.0,20220201.0,184.06,0.0,0.0,1.0,1.0,2.0,19.0,
372.0,20220101.0,197.18,0.0,0.0,1.0,0.0,2.0,19.0,
372.0,20220901.0,62.43,0.0,0.0,1.0,8.0,2.0,19.0,
13.0,20250101.0,199.7,0.0,0.0,1.0,36.0,2.0,22.0,
13.0,20250101.0,120.0,0.0,0.0,1.0,36.0,2.0,22.0,
13.0,20231001.0,197.63,0.0,0.0,1.0,21.0,2.0,22.0,
13.0,20220101.0,162.17,0.0,0.0,1.0,0.0,2.0,22.0,
13.0,20230401.0,127.17,0.0,0.0,1.0,15.0,2.0,22.0,
13.0,20230301.0,186.65,0.0,0.0,1.0,14.0,2.0,22.0,
13.0,20250501.0,192.74,0.0,0.0,1.0,40.0,2.0,22.0,
13.0,20230101.0,192.12,0.0,0.0,1.0,12.0,2.0,22.0,
13.0,20240801.0,135.63,0.0,0.0,1.0,31.0,2.0,22.0,
13.0,20241101.0,182.38,0.0,0.0,1.0,34.0,2.0,22.0,
13.0,20220501.0,183.1,0.0,0.0,1.0,4.0,2.0,22.0,
13.0,20241001.0,210.67,0.0,0.0,1.0,33.0,2.0,22.0,
13.0,20240601.0,147.6,0.0,0.0,1.0,29.0,2.0,22.0,
13.0,20250301.0,137.22,0.0,0.0,1.0,38.0,2.0,22.0,
13.0,20230201.0,184.28,0.0,0.0,1.0,13.0,2.0,22.0,
13.0,20240201.0,194.68,0.0,0.0,1.0,25.0,2.0,22.0,
13.0,20230101.0,173.81,0.0,0.0,1.0,12.0,2.0,22.0,
13.0,20240301.0,147.48,0.0,0.0,1.0,26.0,2.0,22.0,
13.0,20220401.0,145.55,0.0,0.0,1.0,3.0,2.0,22.0,
13.0,20220601.0,204.01,0.0,0.0,1.0,5.0,2.0,22.0,
13.0,20241201.0,165.88,0.0,0.0,1.0,35.0,2.0,22.0,
13.0,20230801.0,129.03,0.0,0.0,1.0,19.0,2.0,22.0,
13.0,20240901.0,192.89,0.0,0.0,1.0,32.0,2.0,22.0,
13.0,20231201.0,164.37,0.0,0.0,1.0,23.0,2.0,22.0,
13.0,20221001.0,170.35,0.0,0.0,1.0,9.0,2.0,22.0,
13.0,20240101.0,155.54,0.0,0.0,1.0,24.0,2.0,22.0,
13.0,20230501.0,199.84,0.0,0.0,1.0,16.0,2.0,22.0,
13.0,20250601.0,181.66,0.0,0.0,1.0,41.0,2.0,22.0,
13.0,20230901.0,175.5,0.0,0.0,1.0,20.0,2.0,22.0,
13.0,20240401.0,158.8,0.0,0.0,1.0,27.0,2.0,22.0,
13.0,20231101.0,193.2,0.0,0.0,1.0,22.0,2.0,22.0,
13.0,20250201.0,174.61,0.0,0.0,1.0,37.0,2.0,22.0,
13.0,20230601.0,174.11,0.0,0.0,1.0,17.0,2.0,22.0,
13.0,20250401.0,188.68,0.0,0.0,1.0,39.0,2.0,22.0,
13.0,20221201.0,186.26,0.0,0.0,1.0,11.0,2.0,22.0,
13.0,20220301.0,202.99,0.0,0.0,1.0,1.0,2.0,22.0,
13.0,20221101.0,201.85,0.0,0.0,1.0,10.0,2.0,22.0,
13.0,20220201.0,184.25,0.0,0.0,1.0,1.0,2.0,22.0,
13.0,20240101.0,199.93,0.0,0.0,1.0,24.0,2.0,22.0,
13.0,20240501.0,193.27,0.0,0.0,1.0,28.0,2.0,22.0,
13.0,20220101.0,184.22,0.0,0.0,1.0,0.0,2.0,22.0,
13.0,20220901.0,184.54,0.0,0.0,1.0,8.0,2.0,22.0,
504.0,20220101.0,178.03,0.0,0.0,1.0,0.0,1.0,22.0,
504.0,20230401.0,122.66,0.0,0.0,1.0,15.0,1.0,22.0,
504.0,20230301.0,172.82,0.0,0.0,1.0,14.0,1.0,22.0,
504.0,20230101.0,208.77,0.0,0.0,1.0,12.0,1.0,22.0,
504.0,20220501.0,164.33,0.0,0.0,1.0,4.0,1.0,22.0,
504.0,20230201.0,166.23,0.0,0.0,1.0,13.0,1.0,22.0,
504.0,20220401.0,142.26,0.0,0.0,1.0,3.0,1.0,22.0,
504.0,20220601.0,170.44,0.0,0.0,1.0,5.0,1.0,22.0,
504.0,20221001.0,174.05,0.0,0.0,1.0,9.0,1.0,22.0,
504.0,20230501.0,177.64,0.0,0.0,1.0,16.0,1.0,22.0,
504.0,20230601.0,0.0,0.0,0.0,1.0,17.0,1.0,22.0,
504.0,20221201.0,172.24,0.0,0.0,1.0,11.0,1.0,22.0,
504.0,20220301.0,210.82,0.0,0.0,1.0,1.0,1.0,22.0,
504.0,20221101.0,179.82,0.0,0.0,1.0,10.0,1.0,22.0,
504.0,20220201.0,74.03,0.0,0.0,1.0,1.0,1.0,22.0,
504.0,20220101.0,168.85,0.0,0.0,1.0,0.0,1.0,22.0,
504.0,20220901.0,176.79,0.0,0.0,1.0,8.0,1.0,22.0,
186.0,20250101.0,166.24,0.0,0.0,1.0,36.0,1.0,22.0,
186.0,20250101.0,111.87,0.0,0.0,1.0,36.0,1.0,22.0,
186.0,20231001.0,192.97,0.0,0.0,1.0,21.0,1.0,22.0,
186.0,20220101.0,152.05,0.0,0.0,1.0,0.0,1.0,22.0,
186.0,20230401.0,119.15,0.0,0.0,1.0,15.0,1.0,22.0,
186.0,20230301.0,159.78,0.0,0.0,1.0,14.0,1.0,22.0,
186.0,20250501.0,192.89,0.0,0.0,1.0,40.0,1.0,22.0,
186.0,20230101.0,193.22,0.0,0.0,1.0,12.0,1.0,22.0,
186.0,20240801.0,92.93,0.0,0.0,1.0,31.0,1.0,22.0,
186.0,20241101.0,173.2,0.0,0.0,1.0,34.0,1.0,22.0,
186.0,20220501.0,130.61,0.0,0.0,1.0,4.0,1.0,22.0,
186.0,20241001.0,210.14,0.0,0.0,1.0,33.0,1.0,22.0,
186.0,20240601.0,129.42,0.0,0.0,1.0,29.0,1.0,22.0,
186.0,20250301.0,121.88,0.0,0.0,1.0,38.0,1.0,22.0,
186.0,20230201.0,171.11,0.0,0.0,1.0,13.0,1.0,22.0,
186.0,20240201.0,192.28,0.0,0.0,1.0,25.0,1.0,22.0,
186.0,20230101.0,155.7,0.0,0.0,1.0,12.0,1.0,22.0,
186.0,20240301.0,147.6,0.0,0.0,1.0,26.0,1.0,22.0,
186.0,20220401.0,138.2,0.0,0.0,1.0,3.0,1.0,22.0,
186.0,20220601.0,156.05,0.0,0.0,1.0,5.0,1.0,22.0,
186.0,20241201.0,148.42,0.0,0.0,1.0,35.0,1.0,22.0,
186.0,20230801.0,120.56,0.0,0.0,1.0,19.0,1.0,22.0,
186.0,20240901.0,175.48,0.0,0.0,1.0,32.0,1.0,22.0,
186.0,20231201.0,172.8,0.0,0.0,1.0,23.0,1.0,22.0,
186.0,20221001.0,150.34,0.0,0.0,1.0,9.0,1.0,22.0,
186.0,20240101.0,189.21,0.0,0.0,1.0,24.0,1.0,22.0,
186.0,20230501.0,166.17,0.0,0.0,1.0,16.0,1.0,22.0,
186.0,20250601.0,133.98,0.0,0.0,1.0,41.0,1.0,22.0,
186.0,20230901.0,173.9,0.0,0.0,1.0,20.0,1.0,22.0,
186.0,20240401.0,146.45,0.0,0.0,1.0,27.0,1.0,22.0,
186.0,20231101.0,201.9,0.0,0.0,1.0,22.0,1.0,22.0,
186.0,20250201.0,155.05,0.0,0.0,1.0,37.0,1.0,22.0,
186.0,20230601.0,158.96,0.0,0.0,1.0,17.0,1.0,22.0,
186.0,20250401.0,174.76,0.0,0.0,1.0,39.0,1.0,22.0,
186.0,20221201.0,122.66,0.0,0.0,1.0,11.0,1.0,22.0,
186.0,20220301.0,175.03,0.0,0.0,1.0,1.0,1.0,22.0,
186.0,20221101.0,211.07,0.0,0.0,1.0,10.0,1.0,22.0,
186.0,20220201.0,122.2,0.0,0.0,1.0,1.0,1.0,22.0,
186.0,20240101.0,193.91,0.0,0.0,1.0,24.0,1.0,22.0,
186.0,20240501.0,193.54,0.0,0.0,1.0,28.0,1.0,22.0,
186.0,20220101.0,108.46,0.0,0.0,1.0,0.0,1.0,22.0,
186.0,20220901.0,167.05,0.0,0.0,1.0,8.0,1.0,22.0,
187.0,20250101.0,193.81,0.0,0.0,1.0,36.0,1.0,10.0,
187.0,20250101.0,129.2,0.0,0.0,1.0,36.0,1.0,10.0,
187.0,20231001.0,202.16,0.0,0.0,1.0,21.0,1.0,10.0,
187.0,20220101.0,170.77,0.0,0.0,1.0,0.0,1.0,10.0,
187.0,20230401.0,136.3,0.0,0.0,1.0,15.0,1.0,10.0,
187.0,20230301.0,185.16,0.0,0.0,1.0,14.0,1.0,10.0,
187.0,20250501.0,194.32,0.0,0.0,1.0,40.0,1.0,10.0,
187.0,20230101.0,200.93,0.0,0.0,1.0,12.0,1.0,10.0,
187.0,20240801.0,118.79,0.0,0.0,1.0,31.0,1.0,10.0,
187.0,20241101.0,194.39,0.0,0.0,1.0,34.0,1.0,10.0,
187.0,20220501.0,187.83,0.0,0.0,1.0,4.0,1.0,10.0,
187.0,20241001.0,210.79,0.0,0.0,1.0,33.0,1.0,10.0,
187.0,20240601.0,164.5,0.0,0.0,1.0,29.0,1.0,10.0,
187.0,20250301.0,137.05,0.0,0.0,1.0,38.0,1.0,10.0,
187.0,20230201.0,164.92,0.0,0.0,1.0,13.0,1.0,10.0,
187.0,20240201.0,189.03,0.0,0.0,1.0,25.0,1.0,10.0,
187.0,20230101.0,183.12,0.0,0.0,1.0,12.0,1.0,10.0,
187.0,20240301.0,98.09,0.0,0.0,1.0,26.0,1.0,10.0,
187.0,20220401.0,138.7,0.0,0.0,1.0,3.0,1.0,10.0,
187.0,20220601.0,200.59,0.0,0.0,1.0,5.0,1.0,10.0,
187.0,20241201.0,174.4,0.0,0.0,1.0,35.0,1.0,10.0,
187.0,20230801.0,83.19,0.0,0.0,1.0,19.0,1.0,10.0,
187.0,20240901.0,193.17,0.0,0.0,1.0,32.0,1.0,10.0,
187.0,20231201.0,171.66,0.0,0.0,1.0,23.0,1.0,10.0,
187.0,20221001.0,177.2,0.0,0.0,1.0,9.0,1.0,10.0,
187.0,20240101.0,192.82,0.0,0.0,1.0,24.0,1.0,10.0,
187.0,20230501.0,191.28,0.0,0.0,1.0,16.0,1.0,10.0,
187.0,20250601.0,181.93,0.0,0.0,1.0,41.0,1.0,10.0,
187.0,20230901.0,182.46,0.0,0.0,1.0,20.0,1.0,10.0,
187.0,20240401.0,167.4,0.0,0.0,1.0,27.0,1.0,10.0,
187.0,20231101.0,197.97,0.0,0.0,1.0,22.0,1.0,10.0,
187.0,20250201.0,184.73,0.0,0.0,1.0,37.0,1.0,10.0,
187.0,20230601.0,181.23,0.0,0.0,1.0,17.0,1.0,10.0,
187.0,20250401.0,192.97,0.0,0.0,1.0,39.0,1.0,10.0,
187.0,20221201.0,162.96,0.0,0.0,1.0,11.0,1.0,10.0,
187.0,20220301.0,211.5,0.0,0.0,1.0,1.0,1.0,10.0,
187.0,20221101.0,201.98,0.0,0.0,1.0,10.0,1.0,10.0,
187.0,20220201.0,184.49,0.0,0.0,1.0,1.0,1.0,10.0,
187.0,20240101.0,199.46,0.0,0.0,1.0,24.0,1.0,10.0,
187.0,20240501.0,199.97,0.0,0.0,1.0,28.0,1.0,10.0,
187.0,20220101.0,192.48,0.0,0.0,1.0,0.0,1.0,10.0,
187.0,20220901.0,206.52,0.0,0.0,1.0,8.0,1.0,10.0,
188.0,20250101.0,190.55,0.0,0.0,1.0,36.0,1.0,3.0,
188.0,20250101.0,142.1,0.0,0.0,1.0,36.0,1.0,3.0,
188.0,20231001.0,205.06,0.0,0.0,1.0,21.0,1.0,3.0,
188.0,20220101.0,175.44,0.0,0.0,1.0,0.0,1.0,3.0,
188.0,20230401.0,132.01,0.0,0.0,1.0,15.0,1.0,3.0,
188.0,20230301.0,170.88,0.0,0.0,1.0,14.0,1.0,3.0,
188.0,20250501.0,198.57,0.0,0.0,1.0,40.0,1.0,3.0,
188.0,20230101.0,192.72,0.0,0.0,1.0,12.0,1.0,3.0,
188.0,20240801.0,83.35,0.0,0.0,1.0,31.0,1.0,3.0,
188.0,20241101.0,205.92,0.0,0.0,1.0,34.0,1.0,3.0,
188.0,20220501.0,175.01,0.0,0.0,1.0,4.0,1.0,3.0,
188.0,20241001.0,215.56,0.0,0.0,1.0,33.0,1.0,3.0,
188.0,20240601.0,172.94,0.0,0.0,1.0,29.0,1.0,3.0,
188.0,20250301.0,148.15,0.0,0.0,1.0,38.0,1.0,3.0,
188.0,20230201.0,178.56,0.0,0.0,1.0,13.0,1.0,3.0,
188.0,20240201.0,179.35,0.0,0.0,1.0,25.0,1.0,3.0,
188.0,20230101.0,184.2,0.0,0.0,1.0,12.0,1.0,3.0,
188.0,20240301.0,147.99,0.0,0.0,1.0,26.0,1.0,3.0,
188.0,20220401.0,138.14,0.0,0.0,1.0,3.0,1.0,3.0,
188.0,20220601.0,165.51,0.0,0.0,1.0,5.0,1.0,3.0,
188.0,20241201.0,149.67,0.0,0.0,1.0,35.0,1.0,3.0,
188.0,20230801.0,54.26,0.0,0.0,1.0,19.0,1.0,3.0,
188.0,20240901.0,180.64,0.0,0.0,1.0,32.0,1.0,3.0,
188.0,20231201.0,124.98,0.0,0.0,1.0,23.0,1.0,3.0,
188.0,20221001.0,187.32,0.0,0.0,1.0,9.0,1.0,3.0,
188.0,20240101.0,205.68,0.0,0.0,1.0,24.0,1.0,3.0,
188.0,20230501.0,199.31,0.0,0.0,1.0,16.0,1.0,3.0,
188.0,20250601.0,168.71,0.0,0.0,1.0,41.0,1.0,3.0,
188.0,20230901.0,179.81,0.0,0.0,1.0,20.0,1.0,3.0,
188.0,20240401.0,161.47,0.0,0.0,1.0,27.0,1.0,3.0,
188.0,20231101.0,197.46,0.0,0.0,1.0,22.0,1.0,3.0,
188.0,20250201.0,187.82,0.0,0.0,1.0,37.0,1.0,3.0,
188.0,20230601.0,169.29,0.0,0.0,1.0,17.0,1.0,3.0,
188.0,20250401.0,197.81,0.0,0.0,1.0,39.0,1.0,3.0,
188.0,20221201.0,127.28,0.0,0.0,1.0,11.0,1.0,3.0,
188.0,20220301.0,210.09,0.0,0.0,1.0,1.0,1.0,3.0,
188.0,20221101.0,163.4,0.0,0.0,1.0,10.0,1.0,3.0,
188.0,20220201.0,175.64,0.0,0.0,1.0,1.0,1.0,3.0,
188.0,20240101.0,198.45,0.0,0.0,1.0,24.0,1.0,3.0,
188.0,20240501.0,191.6,0.0,0.0,1.0,28.0,1.0,3.0,
188.0,20220101.0,199.3,0.0,0.0,1.0,0.0,1.0,3.0,
188.0,20220901.0,207.18,0.0,0.0,1.0,8.0,1.0,3.0,
505.0,20220101.0,180.0,0.0,0.0,1.0,0.0,4.0,22.0,
505.0,20220501.0,180.0,0.0,0.0,1.0,4.0,4.0,22.0,
505.0,20220401.0,149.0,0.0,0.0,1.0,3.0,4.0,22.0,
505.0,20220601.0,198.0,0.0,0.0,1.0,5.0,4.0,22.0,
505.0,20221001.0,188.38,0.0,0.0,1.0,9.0,4.0,22.0,
505.0,20221201.0,78.97,0.0,0.0,1.0,11.0,4.0,22.0,
505.0,20220301.0,207.0,0.0,0.0,1.0,1.0,4.0,22.0,
505.0,20221101.0,138.83,0.0,0.0,1.0,10.0,4.0,22.0,
505.0,20220201.0,0.0,0.0,0.0,1.0,1.0,4.0,22.0,
505.0,20220901.0,198.0,0.0,0.0,1.0,8.0,4.0,22.0,
189.0,20250101.0,84.57,0.0,0.0,1.0,36.0,2.0,22.0,
189.0,20250101.0,0.0,0.0,0.0,1.0,36.0,2.0,22.0,
189.0,20231001.0,82.66,0.0,0.0,1.0,21.0,2.0,22.0,
189.0,20220101.0,60.3,0.0,0.0,1.0,0.0,2.0,22.0,
189.0,20230401.0,79.12,0.0,0.0,1.0,15.0,2.0,22.0,
189.0,20230301.0,88.38,0.0,0.0,1.0,14.0,2.0,22.0,
189.0,20250501.0,143.18,0.0,0.0,1.0,40.0,2.0,22.0,
189.0,20230101.0,133.17,0.0,0.0,1.0,12.0,2.0,22.0,
189.0,20240801.0,94.95,0.0,0.0,1.0,31.0,2.0,22.0,
189.0,20241101.0,94.88,0.0,0.0,1.0,34.0,2.0,22.0,
189.0,20220501.0,130.9,0.0,0.0,1.0,4.0,2.0,22.0,
189.0,20241001.0,104.83,0.0,0.0,1.0,33.0,2.0,22.0,
189.0,20240601.0,102.38,0.0,0.0,1.0,29.0,2.0,22.0,
189.0,20250301.0,84.54,0.0,0.0,1.0,38.0,2.0,22.0,
189.0,20230201.0,134.43,0.0,0.0,1.0,13.0,2.0,22.0,
189.0,20240201.0,165.12,0.0,0.0,1.0,25.0,2.0,22.0,
189.0,20230101.0,48.72,0.0,0.0,1.0,12.0,2.0,22.0,
189.0,20240301.0,109.8,0.0,0.0,1.0,26.0,2.0,22.0,
189.0,20220401.0,103.39,0.0,0.0,1.0,3.0,2.0,22.0,
189.0,20220601.0,154.06,0.0,0.0,1.0,5.0,2.0,22.0,
189.0,20241201.0,72.25,0.0,0.0,1.0,35.0,2.0,22.0,
189.0,20230801.0,51.2,0.0,0.0,1.0,19.0,2.0,22.0,
189.0,20240901.0,104.44,0.0,0.0,1.0,32.0,2.0,22.0,
189.0,20231201.0,133.44,0.0,0.0,1.0,23.0,2.0,22.0,
189.0,20221001.0,134.33,0.0,0.0,1.0,9.0,2.0,22.0,
189.0,20240101.0,127.69,0.0,0.0,1.0,24.0,2.0,22.0,
189.0,20230501.0,115.64,0.0,0.0,1.0,16.0,2.0,22.0,
189.0,20250601.0,73.52,0.0,0.0,1.0,41.0,2.0,22.0,
189.0,20230901.0,62.03,0.0,0.0,1.0,20.0,2.0,22.0,
189.0,20240401.0,67.18,0.0,0.0,1.0,27.0,2.0,22.0,
189.0,20231101.0,109.04,0.0,0.0,1.0,22.0,2.0,22.0,
189.0,20250201.0,137.86,0.0,0.0,1.0,37.0,2.0,22.0,
189.0,20230601.0,100.28,0.0,0.0,1.0,17.0,2.0,22.0,
189.0,20250401.0,109.6,0.0,0.0,1.0,39.0,2.0,22.0,
189.0,20221201.0,141.56,0.0,0.0,1.0,11.0,2.0,22.0,
189.0,20220301.0,194.67,0.0,0.0,1.0,1.0,2.0,22.0,
189.0,20221101.0,144.5,0.0,0.0,1.0,10.0,2.0,22.0,
189.0,20220201.0,121.31,0.0,0.0,1.0,1.0,2.0,22.0,
189.0,20240101.0,125.41,0.0,0.0,1.0,24.0,2.0,22.0,
189.0,20240501.0,191.01,0.0,0.0,1.0,28.0,2.0,22.0,
189.0,20220101.0,114.54,0.0,0.0,1.0,0.0,2.0,22.0,
189.0,20220901.0,55.72,0.0,0.0,1.0,8.0,2.0,22.0,
562.0,20230301.0,0.0,0.0,0.0,1.0,14.0,1.0,3.0,
562.0,20230101.0,45.19,0.0,0.0,1.0,12.0,1.0,3.0,
562.0,20230201.0,0.0,0.0,0.0,1.0,13.0,1.0,3.0,
562.0,20220401.0,0.0,0.0,0.0,1.0,3.0,1.0,3.0,
562.0,20221001.0,195.13,0.0,0.0,1.0,9.0,1.0,3.0,
562.0,20221201.0,90.22,0.0,0.0,1.0,11.0,1.0,3.0,
562.0,20220301.0,106.3,0.0,0.0,1.0,1.0,1.0,3.0,
562.0,20221101.0,187.31,0.0,0.0,1.0,10.0,1.0,3.0,
562.0,20220201.0,172.59,0.0,0.0,1.0,1.0,1.0,3.0,
562.0,20220101.0,143.18,0.0,0.0,1.0,0.0,1.0,3.0,
562.0,20220901.0,198.53,0.0,0.0,1.0,8.0,1.0,3.0,
506.0,20220101.0,159.02,0.0,0.0,1.0,0.0,1.0,3.0,
506.0,20220501.0,179.08,0.0,0.0,1.0,4.0,1.0,3.0,
506.0,20220401.0,140.64,0.0,0.0,1.0,3.0,1.0,3.0,
506.0,20220601.0,183.28,0.0,0.0,1.0,5.0,1.0,3.0,
506.0,20220301.0,205.42,0.0,0.0,1.0,1.0,1.0,3.0,
506.0,20220201.0,176.12,0.0,0.0,1.0,1.0,1.0,3.0,
506.0,20220101.0,195.39,0.0,0.0,1.0,0.0,1.0,3.0,
507.0,20220101.0,165.7,0.0,0.0,1.0,0.0,5.0,22.0,
507.0,20230401.0,127.22,0.0,0.0,1.0,15.0,5.0,22.0,
507.0,20230301.0,158.84,0.0,0.0,1.0,14.0,5.0,22.0,
507.0,20230101.0,167.44,0.0,0.0,1.0,12.0,5.0,22.0,
507.0,20220501.0,160.27,0.0,0.0,1.0,4.0,5.0,22.0,
507.0,20230201.0,148.34,0.0,0.0,1.0,13.0,5.0,22.0,
507.0,20220401.0,111.54,0.0,0.0,1.0,3.0,5.0,22.0,
507.0,20220601.0,171.04,0.0,0.0,1.0,5.0,5.0,22.0,
507.0,20221001.0,9.17,0.0,0.0,1.0,9.0,5.0,22.0,
507.0,20230501.0,0.0,0.0,0.0,1.0,16.0,5.0,22.0,
507.0,20221201.0,162.2,0.0,0.0,1.0,11.0,5.0,22.0,
507.0,20220301.0,196.45,0.0,0.0,1.0,1.0,5.0,22.0,
507.0,20221101.0,110.99,0.0,0.0,1.0,10.0,5.0,22.0,
507.0,20220201.0,188.59,0.0,0.0,1.0,1.0,5.0,22.0,
507.0,20220101.0,170.29,0.0,0.0,1.0,0.0,5.0,22.0,
507.0,20220901.0,196.77,0.0,0.0,1.0,8.0,5.0,22.0,
190.0,20250101.0,203.29,0.0,0.0,1.0,16.0,1.0,10.0,
190.0,20250101.0,125.78,0.0,0.0,1.0,16.0,1.0,10.0,
190.0,20231001.0,155.01,0.0,0.0,1.0,1.0,1.0,10.0,
190.0,20250501.0,190.46,0.0,0.0,1.0,20.0,1.0,10.0,
190.0,20240801.0,141.66,0.0,0.0,1.0,11.0,1.0,10.0,
190.0,20241101.0,191.59,0.0,0.0,1.0,14.0,1.0,10.0,
190.0,20241001.0,170.11,0.0,0.0,1.0,13.0,1.0,10.0,
190.0,20240601.0,161.66,0.0,0.0,1.0,9.0,1.0,10.0,
190.0,20250301.0,119.6,0.0,0.0,1.0,18.0,1.0,10.0,
190.0,20240201.0,188.85,0.0,0.0,1.0,5.0,1.0,10.0,
190.0,20240301.0,140.54,0.0,0.0,1.0,6.0,1.0,10.0,
190.0,20241201.0,185.21,0.0,0.0,1.0,15.0,1.0,10.0,
190.0,20240901.0,172.29,0.0,0.0,1.0,12.0,1.0,10.0,
190.0,20231201.0,175.33,0.0,0.0,1.0,3.0,1.0,10.0,
190.0,20240101.0,195.05,0.0,0.0,1.0,4.0,1.0,10.0,
190.0,20250601.0,179.22,0.0,0.0,1.0,21.0,1.0,10.0,
190.0,20230901.0,0.0,0.0,0.0,1.0,0.0,1.0,10.0,
190.0,20240401.0,160.59,0.0,0.0,1.0,7.0,1.0,10.0,
190.0,20231101.0,199.45,0.0,0.0,1.0,2.0,1.0,10.0,
190.0,20250201.0,180.83,0.0,0.0,1.0,17.0,1.0,10.0,
190.0,20250401.0,192.04,0.0,0.0,1.0,19.0,1.0,10.0,
190.0,20240101.0,185.29,0.0,0.0,1.0,4.0,1.0,10.0,
190.0,20240501.0,198.5,0.0,0.0,1.0,8.0,1.0,10.0,
191.0,20250101.0,188.82,0.0,0.0,1.0,36.0,1.0,1.0,
191.0,20250101.0,129.36,0.0,0.0,1.0,36.0,1.0,1.0,
191.0,20231001.0,209.36,0.0,0.0,1.0,21.0,1.0,1.0,
191.0,20220101.0,182.96,0.0,0.0,1.0,0.0,1.0,1.0,
191.0,20230401.0,132.56,0.0,0.0,1.0,15.0,1.0,1.0,
191.0,20230301.0,176.5,0.0,0.0,1.0,14.0,1.0,1.0,
191.0,20250501.0,193.98,0.0,0.0,1.0,40.0,1.0,1.0,
191.0,20230101.0,192.79,0.0,0.0,1.0,12.0,1.0,1.0,
191.0,20240801.0,125.23,0.0,0.0,1.0,31.0,1.0,1.0,
191.0,20241101.0,189.46,0.0,0.0,1.0,34.0,1.0,1.0,
191.0,20220501.0,157.41,0.0,0.0,1.0,4.0,1.0,1.0,
191.0,20241001.0,206.76,0.0,0.0,1.0,33.0,1.0,1.0,
191.0,20240601.0,154.16,0.0,0.0,1.0,29.0,1.0,1.0,
191.0,20250301.0,92.04,0.0,0.0,1.0,38.0,1.0,1.0,
191.0,20230201.0,159.17,0.0,0.0,1.0,13.0,1.0,1.0,
191.0,20240201.0,184.62,0.0,0.0,1.0,25.0,1.0,1.0,
191.0,20230101.0,180.25,0.0,0.0,1.0,12.0,1.0,1.0,
191.0,20240301.0,121.24,0.0,0.0,1.0,26.0,1.0,1.0,
191.0,20220401.0,141.97,0.0,0.0,1.0,3.0,1.0,1.0,
191.0,20220601.0,180.84,0.0,0.0,1.0,5.0,1.0,1.0,
191.0,20241201.0,195.45,0.0,0.0,1.0,35.0,1.0,1.0,
191.0,20230801.0,84.94,0.0,0.0,1.0,19.0,1.0,1.0,
191.0,20240901.0,189.41,0.0,0.0,1.0,32.0,1.0,1.0,
191.0,20231201.0,156.87,0.0,0.0,1.0,23.0,1.0,1.0,
191.0,20221001.0,168.34,0.0,0.0,1.0,9.0,1.0,1.0,
191.0,20240101.0,194.3,0.0,0.0,1.0,24.0,1.0,1.0,
191.0,20230501.0,178.25,0.0,0.0,1.0,16.0,1.0,1.0,
191.0,20250601.0,168.19,0.0,0.0,1.0,41.0,1.0,1.0,
191.0,20230901.0,179.95,0.0,0.0,1.0,20.0,1.0,1.0,
191.0,20240401.0,141.57,0.0,0.0,1.0,27.0,1.0,1.0,
191.0,20231101.0,172.05,0.0,0.0,1.0,22.0,1.0,1.0,
191.0,20250201.0,171.74,0.0,0.0,1.0,37.0,1.0,1.0,
191.0,20230601.0,172.23,0.0,0.0,1.0,17.0,1.0,1.0,
191.0,20250401.0,192.91,0.0,0.0,1.0,39.0,1.0,1.0,
191.0,20221201.0,185.65,0.0,0.0,1.0,11.0,1.0,1.0,
191.0,20220301.0,205.9,0.0,0.0,1.0,1.0,1.0,1.0,
191.0,20221101.0,167.5,0.0,0.0,1.0,10.0,1.0,1.0,
191.0,20220201.0,170.1,0.0,0.0,1.0,1.0,1.0,1.0,
191.0,20240101.0,204.46,0.0,0.0,1.0,24.0,1.0,1.0,
191.0,20240501.0,189.21,0.0,0.0,1.0,28.0,1.0,1.0,
191.0,20220101.0,182.3,0.0,0.0,1.0,0.0,1.0,1.0,
191.0,20220901.0,189.03,0.0,0.0,1.0,8.0,1.0,1.0,
508.0,20220101.0,146.96,0.0,0.0,1.0,0.0,1.0,3.0,
508.0,20230401.0,133.41,0.0,0.0,1.0,15.0,1.0,3.0,
508.0,20230301.0,180.38,0.0,0.0,1.0,14.0,1.0,3.0,
508.0,20230101.0,195.91,0.0,0.0,1.0,12.0,1.0,3.0,
508.0,20220501.0,171.21,0.0,0.0,1.0,4.0,1.0,3.0,
508.0,20230201.0,173.32,0.0,0.0,1.0,13.0,1.0,3.0,
508.0,20230101.0,182.5,0.0,0.0,1.0,12.0,1.0,3.0,
508.0,20220401.0,127.73,0.0,0.0,1.0,3.0,1.0,3.0,
508.0,20220601.0,200.99,0.0,0.0,1.0,5.0,1.0,3.0,
508.0,20230801.0,73.95,0.0,0.0,1.0,19.0,1.0,3.0,
508.0,20221001.0,137.64,0.0,0.0,1.0,9.0,1.0,3.0,
508.0,20230501.0,195.06,0.0,0.0,1.0,16.0,1.0,3.0,
508.0,20230901.0,127.02,0.0,0.0,1.0,20.0,1.0,3.0,
508.0,20230601.0,177.02,0.0,0.0,1.0,17.0,1.0,3.0,
508.0,20221201.0,127.45,0.0,0.0,1.0,11.0,1.0,3.0,
508.0,20220301.0,206.03,0.0,0.0,1.0,1.0,1.0,3.0,
508.0,20221101.0,182.0,0.0,0.0,1.0,10.0,1.0,3.0,
508.0,20220201.0,173.16,0.0,0.0,1.0,1.0,1.0,3.0,
508.0,20220101.0,194.35,0.0,0.0,1.0,0.0,1.0,3.0,
508.0,20220901.0,211.19,0.0,0.0,1.0,8.0,1.0,3.0,
509.0,20220101.0,97.38,0.0,0.0,1.0,0.0,5.0,22.0,
509.0,20230101.0,191.48,0.0,0.0,1.0,12.0,5.0,22.0,
509.0,20220501.0,176.84,0.0,0.0,1.0,4.0,5.0,22.0,
509.0,20230201.0,114.41,0.0,0.0,1.0,13.0,5.0,22.0,
509.0,20220401.0,125.96,0.0,0.0,1.0,3.0,5.0,22.0,
509.0,20220601.0,177.35,0.0,0.0,1.0,5.0,5.0,22.0,
509.0,20221001.0,157.46,0.0,0.0,1.0,9.0,5.0,22.0,
509.0,20221201.0,183.62,0.0,0.0,1.0,11.0,5.0,22.0,
509.0,20220301.0,126.6,0.0,0.0,1.0,1.0,5.0,22.0,
509.0,20221101.0,168.22,0.0,0.0,1.0,10.0,5.0,22.0,
509.0,20220201.0,176.29,0.0,0.0,1.0,1.0,5.0,22.0,
509.0,20220101.0,158.27,0.0,0.0,1.0,0.0,5.0,22.0,
509.0,20220901.0,196.8,0.0,0.0,1.0,8.0,5.0,22.0,
192.0,20250101.0,157.84,0.0,0.0,1.0,36.0,1.0,3.0,
192.0,20250101.0,117.0,0.0,0.0,1.0,36.0,1.0,3.0,
192.0,20231001.0,194.47,0.0,0.0,1.0,21.0,1.0,3.0,
192.0,20220101.0,169.43,0.0,0.0,1.0,0.0,1.0,3.0,
192.0,20230401.0,132.44,0.0,0.0,1.0,15.0,1.0,3.0,
192.0,20230301.0,176.42,0.0,0.0,1.0,14.0,1.0,3.0,
192.0,20250501.0,180.95,0.0,0.0,1.0,40.0,1.0,3.0,
192.0,20230101.0,198.86,0.0,0.0,1.0,12.0,1.0,3.0,
192.0,20240801.0,81.22,0.0,0.0,1.0,31.0,1.0,3.0,
192.0,20241101.0,180.99,0.0,0.0,1.0,34.0,1.0,3.0,
192.0,20220501.0,188.69,0.0,0.0,1.0,4.0,1.0,3.0,
192.0,20241001.0,181.19,0.0,0.0,1.0,33.0,1.0,3.0,
192.0,20240601.0,171.73,0.0,0.0,1.0,29.0,1.0,3.0,
192.0,20250301.0,133.1,0.0,0.0,1.0,38.0,1.0,3.0,
192.0,20230201.0,178.95,0.0,0.0,1.0,13.0,1.0,3.0,
192.0,20240201.0,197.14,0.0,0.0,1.0,25.0,1.0,3.0,
192.0,20230101.0,172.35,0.0,0.0,1.0,12.0,1.0,3.0,
192.0,20240301.0,138.19,0.0,0.0,1.0,26.0,1.0,3.0,
192.0,20220401.0,140.59,0.0,0.0,1.0,3.0,1.0,3.0,
192.0,20220601.0,194.41,0.0,0.0,1.0,5.0,1.0,3.0,
192.0,20241201.0,165.09,0.0,0.0,1.0,35.0,1.0,3.0,
192.0,20230801.0,81.53,0.0,0.0,1.0,19.0,1.0,3.0,
192.0,20240901.0,189.8,0.0,0.0,1.0,32.0,1.0,3.0,
192.0,20231201.0,125.38,0.0,0.0,1.0,23.0,1.0,3.0,
192.0,20221001.0,196.16,0.0,0.0,1.0,9.0,1.0,3.0,
192.0,20240101.0,190.1,0.0,0.0,1.0,24.0,1.0,3.0,
192.0,20230501.0,189.63,0.0,0.0,1.0,16.0,1.0,3.0,
192.0,20250601.0,178.08,0.0,0.0,1.0,41.0,1.0,3.0,
192.0,20230901.0,189.64,0.0,0.0,1.0,20.0,1.0,3.0,
192.0,20240401.0,153.53,0.0,0.0,1.0,27.0,1.0,3.0,
192.0,20231101.0,199.66,0.0,0.0,1.0,22.0,1.0,3.0,
192.0,20250201.0,180.98,0.0,0.0,1.0,37.0,1.0,3.0,
192.0,20230601.0,174.16,0.0,0.0,1.0,17.0,1.0,3.0,
192.0,20250401.0,183.04,0.0,0.0,1.0,39.0,1.0,3.0,
192.0,20221201.0,128.57,0.0,0.0,1.0,11.0,1.0,3.0,
192.0,20220301.0,208.89,0.0,0.0,1.0,1.0,1.0,3.0,
192.0,20221101.0,183.32,0.0,0.0,1.0,10.0,1.0,3.0,
192.0,20220201.0,169.61,0.0,0.0,1.0,1.0,1.0,3.0,
192.0,20240101.0,197.83,0.0,0.0,1.0,24.0,1.0,3.0,
192.0,20240501.0,198.3,0.0,0.0,1.0,28.0,1.0,3.0,
192.0,20220101.0,189.48,0.0,0.0,1.0,0.0,1.0,3.0,
192.0,20220901.0,202.62,0.0,0.0,1.0,8.0,1.0,3.0,
193.0,20250101.0,133.45,0.0,0.0,1.0,36.0,4.0,22.0,
193.0,20250101.0,93.11,0.0,0.0,1.0,36.0,4.0,22.0,
193.0,20231001.0,74.07,0.0,0.0,1.0,21.0,4.0,22.0,
193.0,20220101.0,81.88,0.0,0.0,1.0,0.0,4.0,22.0,
193.0,20230401.0,129.33,0.0,0.0,1.0,15.0,4.0,22.0,
193.0,20230301.0,117.5,0.0,0.0,1.0,14.0,4.0,22.0,
193.0,20250501.0,149.7,0.0,0.0,1.0,40.0,4.0,22.0,
193.0,20230101.0,85.68,0.0,0.0,1.0,12.0,4.0,22.0,
193.0,20240801.0,116.92,0.0,0.0,1.0,31.0,4.0,22.0,
193.0,20241101.0,149.14,0.0,0.0,1.0,34.0,4.0,22.0,
193.0,20220501.0,149.46,0.0,0.0,1.0,4.0,4.0,22.0,
193.0,20241001.0,134.56,0.0,0.0,1.0,33.0,4.0,22.0,
193.0,20240601.0,140.55,0.0,0.0,1.0,29.0,4.0,22.0,
193.0,20250301.0,109.51,0.0,0.0,1.0,38.0,4.0,22.0,
193.0,20230201.0,95.36,0.0,0.0,1.0,13.0,4.0,22.0,
193.0,20240201.0,77.56,0.0,0.0,1.0,25.0,4.0,22.0,
193.0,20230101.0,109.04,0.0,0.0,1.0,12.0,4.0,22.0,
193.0,20240301.0,123.31,0.0,0.0,1.0,26.0,4.0,22.0,
193.0,20220401.0,135.74,0.0,0.0,1.0,3.0,4.0,22.0,
193.0,20220601.0,150.65,0.0,0.0,1.0,5.0,4.0,22.0,
193.0,20241201.0,80.55,0.0,0.0,1.0,35.0,4.0,22.0,
193.0,20230801.0,117.03,0.0,0.0,1.0,19.0,4.0,22.0,
193.0,20240901.0,61.19,0.0,0.0,1.0,32.0,4.0,22.0,
193.0,20231201.0,95.62,0.0,0.0,1.0,23.0,4.0,22.0,
193.0,20221001.0,130.98,0.0,0.0,1.0,9.0,4.0,22.0,
193.0,20240101.0,138.96,0.0,0.0,1.0,24.0,4.0,22.0,
193.0,20230501.0,81.99,0.0,0.0,1.0,16.0,4.0,22.0,
193.0,20250601.0,125.03,0.0,0.0,1.0,41.0,4.0,22.0,
193.0,20230901.0,109.24,0.0,0.0,1.0,20.0,4.0,22.0,
193.0,20240401.0,128.38,0.0,0.0,1.0,27.0,4.0,22.0,
193.0,20231101.0,51.19,0.0,0.0,1.0,22.0,4.0,22.0,
193.0,20250201.0,87.55,0.0,0.0,1.0,37.0,4.0,22.0,
193.0,20230601.0,96.1,0.0,0.0,1.0,17.0,4.0,22.0,
193.0,20250401.0,144.57,0.0,0.0,1.0,39.0,4.0,22.0,
193.0,20221201.0,92.28,0.0,0.0,1.0,11.0,4.0,22.0,
193.0,20220301.0,73.2,0.0,0.0,1.0,1.0,4.0,22.0,
193.0,20221101.0,134.29,0.0,0.0,1.0,10.0,4.0,22.0,
193.0,20220201.0,105.16,0.0,0.0,1.0,1.0,4.0,22.0,
193.0,20240101.0,138.73,0.0,0.0,1.0,24.0,4.0,22.0,
193.0,20240501.0,162.88,0.0,0.0,1.0,28.0,4.0,22.0,
193.0,20220101.0,106.03,0.0,0.0,1.0,0.0,4.0,22.0,
193.0,20220901.0,80.32,0.0,0.0,1.0,8.0,4.0,22.0,
194.0,20250101.0,180.0,0.0,0.0,1.0,36.0,3.0,14.0,
194.0,20250101.0,126.0,0.0,0.0,1.0,36.0,3.0,14.0,
194.0,20231001.0,198.0,0.0,0.0,1.0,21.0,3.0,14.0,
194.0,20220101.0,180.0,0.0,0.0,1.0,0.0,3.0,14.0,
194.0,20230401.0,129.5,0.0,0.0,1.0,15.0,3.0,14.0,
194.0,20230301.0,180.5,0.0,0.0,1.0,14.0,3.0,14.0,
194.0,20250501.0,180.0,0.0,0.0,1.0,40.0,3.0,14.0,
194.0,20230101.0,180.0,0.0,0.0,1.0,12.0,3.0,14.0,
194.0,20240801.0,144.0,0.0,0.0,1.0,31.0,3.0,14.0,
194.0,20241101.0,189.0,0.0,0.0,1.0,34.0,3.0,14.0,
194.0,20220501.0,180.0,0.0,0.0,1.0,4.0,3.0,14.0,
194.0,20241001.0,207.0,0.0,0.0,1.0,33.0,3.0,14.0,
194.0,20240601.0,171.0,0.0,0.0,1.0,29.0,3.0,14.0,
194.0,20250301.0,133.0,0.0,0.0,1.0,38.0,3.0,14.0,
194.0,20230201.0,180.0,0.0,0.0,1.0,13.0,3.0,14.0,
194.0,20240201.0,189.0,0.0,0.0,1.0,25.0,3.0,14.0,
194.0,20230101.0,144.0,0.0,0.0,1.0,12.0,3.0,14.0,
194.0,20240301.0,145.0,0.0,0.0,1.0,26.0,3.0,14.0,
194.0,20220401.0,149.0,0.0,0.0,1.0,3.0,3.0,14.0,
194.0,20220601.0,198.0,0.0,0.0,1.0,5.0,3.0,14.0,
194.0,20241201.0,153.0,0.0,0.0,1.0,35.0,3.0,14.0,
194.0,20230801.0,162.0,0.0,0.0,1.0,19.0,3.0,14.0,
194.0,20240901.0,189.0,0.0,0.0,1.0,32.0,3.0,14.0,
194.0,20231201.0,144.0,0.0,0.0,1.0,23.0,3.0,14.0,
194.0,20221001.0,189.0,0.0,0.0,1.0,9.0,3.0,14.0,
194.0,20240101.0,180.0,0.0,0.0,1.0,24.0,3.0,14.0,
194.0,20230501.0,198.0,0.0,0.0,1.0,16.0,3.0,14.0,
194.0,20250601.0,177.0,0.0,0.0,1.0,41.0,3.0,14.0,
194.0,20230901.0,180.0,0.0,0.0,1.0,20.0,3.0,14.0,
194.0,20240401.0,140.5,0.0,0.0,1.0,27.0,3.0,14.0,
194.0,20231101.0,198.0,0.0,0.0,1.0,22.0,3.0,14.0,
194.0,20250201.0,180.0,0.0,0.0,1.0,37.0,3.0,14.0,
194.0,20230601.0,169.0,0.0,0.0,1.0,17.0,3.0,14.0,
194.0,20250401.0,189.0,0.0,0.0,1.0,39.0,3.0,14.0,
194.0,20221201.0,135.0,0.0,0.0,1.0,11.0,3.0,14.0,
194.0,20220301.0,207.0,0.0,0.0,1.0,1.0,3.0,14.0,
194.0,20221101.0,198.0,0.0,0.0,1.0,10.0,3.0,14.0,
194.0,20220201.0,180.0,0.0,0.0,1.0,1.0,3.0,14.0,
194.0,20240101.0,162.0,0.0,0.0,1.0,24.0,3.0,14.0,
194.0,20240501.0,198.0,0.0,0.0,1.0,28.0,3.0,14.0,
194.0,20220101.0,189.0,0.0,0.0,1.0,0.0,3.0,14.0,
194.0,20220901.0,198.0,0.0,0.0,1.0,8.0,3.0,14.0,
593.0,20220401.0,100.0,0.0,0.0,1.0,3.0,3.0,17.0,
593.0,20220301.0,171.0,0.0,0.0,1.0,1.0,3.0,17.0,
593.0,20220201.0,171.0,0.0,0.0,1.0,1.0,3.0,17.0,
593.0,20220101.0,180.0,0.0,0.0,1.0,0.0,3.0,17.0,
423.0,20231001.0,175.18,0.0,0.0,1.0,21.0,1.0,3.0,
423.0,20220101.0,141.22,0.0,0.0,1.0,0.0,1.0,3.0,
423.0,20230401.0,98.78,0.0,0.0,1.0,15.0,1.0,3.0,
423.0,20230301.0,143.06,0.0,0.0,1.0,14.0,1.0,3.0,
423.0,20230101.0,173.13,0.0,0.0,1.0,12.0,1.0,3.0,
423.0,20240801.0,40.55,0.0,0.0,1.0,31.0,1.0,3.0,
423.0,20220501.0,173.66,0.0,0.0,1.0,4.0,1.0,3.0,
423.0,20240601.0,132.93,0.0,0.0,1.0,29.0,1.0,3.0,
423.0,20230201.0,170.84,0.0,0.0,1.0,13.0,1.0,3.0,
423.0,20240201.0,173.95,0.0,0.0,1.0,25.0,1.0,3.0,
423.0,20230101.0,183.88,0.0,0.0,1.0,12.0,1.0,3.0,
423.0,20240301.0,136.33,0.0,0.0,1.0,26.0,1.0,3.0,
423.0,20220401.0,144.41,0.0,0.0,1.0,3.0,1.0,3.0,
423.0,20220601.0,183.04,0.0,0.0,1.0,5.0,1.0,3.0,
423.0,20230801.0,68.02,0.0,0.0,1.0,19.0,1.0,3.0,
423.0,20231201.0,120.5,0.0,0.0,1.0,23.0,1.0,3.0,
423.0,20221001.0,181.99,0.0,0.0,1.0,9.0,1.0,3.0,
423.0,20240101.0,200.06,0.0,0.0,1.0,24.0,1.0,3.0,
423.0,20230501.0,201.31,0.0,0.0,1.0,16.0,1.0,3.0,
423.0,20230901.0,183.46,0.0,0.0,1.0,20.0,1.0,3.0,
423.0,20240401.0,137.71,0.0,0.0,1.0,27.0,1.0,3.0,
423.0,20231101.0,119.62,0.0,0.0,1.0,22.0,1.0,3.0,
423.0,20230601.0,160.82,0.0,0.0,1.0,17.0,1.0,3.0,
423.0,20221201.0,105.99,0.0,0.0,1.0,11.0,1.0,3.0,
423.0,20220301.0,203.06,0.0,0.0,1.0,1.0,1.0,3.0,
423.0,20221101.0,162.51,0.0,0.0,1.0,10.0,1.0,3.0,
423.0,20220201.0,168.42,0.0,0.0,1.0,1.0,1.0,3.0,
423.0,20240101.0,190.46,0.0,0.0,1.0,24.0,1.0,3.0,
423.0,20240501.0,171.62,0.0,0.0,1.0,28.0,1.0,3.0,
423.0,20220101.0,173.07,0.0,0.0,1.0,0.0,1.0,3.0,
423.0,20220901.0,184.03,0.0,0.0,1.0,8.0,1.0,3.0,
195.0,20250101.0,190.12,0.0,0.0,1.0,36.0,1.0,1.0,
195.0,20250101.0,129.67,0.0,0.0,1.0,36.0,1.0,1.0,
195.0,20231001.0,197.22,0.0,0.0,1.0,21.0,1.0,1.0,
195.0,20220101.0,0.0,0.0,0.0,1.0,0.0,1.0,1.0,
195.0,20230401.0,120.4,0.0,0.0,1.0,15.0,1.0,1.0,
195.0,20230301.0,176.19,0.0,0.0,1.0,14.0,1.0,1.0,
195.0,20250501.0,194.34,0.0,0.0,1.0,40.0,1.0,1.0,
195.0,20230101.0,199.24,0.0,0.0,1.0,12.0,1.0,1.0,
195.0,20240801.0,101.61,0.0,0.0,1.0,31.0,1.0,1.0,
195.0,20241101.0,185.61,0.0,0.0,1.0,34.0,1.0,1.0,
195.0,20220501.0,36.17,0.0,0.0,1.0,4.0,1.0,1.0,
195.0,20241001.0,204.37,0.0,0.0,1.0,33.0,1.0,1.0,
195.0,20240601.0,176.42,0.0,0.0,1.0,29.0,1.0,1.0,
195.0,20250301.0,127.84,0.0,0.0,1.0,38.0,1.0,1.0,
195.0,20230201.0,172.28,0.0,0.0,1.0,13.0,1.0,1.0,
195.0,20240201.0,183.79,0.0,0.0,1.0,25.0,1.0,1.0,
195.0,20230101.0,90.09,0.0,0.0,1.0,12.0,1.0,1.0,
195.0,20240301.0,133.89,0.0,0.0,1.0,26.0,1.0,1.0,
195.0,20220401.0,121.94,0.0,0.0,1.0,3.0,1.0,1.0,
195.0,20220601.0,0.0,0.0,0.0,1.0,5.0,1.0,1.0,
195.0,20241201.0,165.58,0.0,0.0,1.0,35.0,1.0,1.0,
195.0,20230801.0,83.57,0.0,0.0,1.0,19.0,1.0,1.0,
195.0,20240901.0,180.45,0.0,0.0,1.0,32.0,1.0,1.0,
195.0,20231201.0,159.97,0.0,0.0,1.0,23.0,1.0,1.0,
195.0,20221001.0,153.32,0.0,0.0,1.0,9.0,1.0,1.0,
195.0,20240101.0,199.36,0.0,0.0,1.0,24.0,1.0,1.0,
195.0,20230501.0,188.23,0.0,0.0,1.0,16.0,1.0,1.0,
195.0,20250601.0,176.36,0.0,0.0,1.0,41.0,1.0,1.0,
195.0,20230901.0,180.92,0.0,0.0,1.0,20.0,1.0,1.0,
195.0,20240401.0,161.96,0.0,0.0,1.0,27.0,1.0,1.0,
195.0,20231101.0,201.97,0.0,0.0,1.0,22.0,1.0,1.0,
195.0,20250201.0,181.71,0.0,0.0,1.0,37.0,1.0,1.0,
195.0,20230601.0,171.3,0.0,0.0,1.0,17.0,1.0,1.0,
195.0,20250401.0,188.29,0.0,0.0,1.0,39.0,1.0,1.0,
195.0,20221201.0,137.38,0.0,0.0,1.0,11.0,1.0,1.0,
195.0,20220301.0,187.91,0.0,0.0,1.0,1.0,1.0,1.0,
195.0,20221101.0,183.74,0.0,0.0,1.0,10.0,1.0,1.0,
195.0,20220201.0,156.35,0.0,0.0,1.0,1.0,1.0,1.0,
195.0,20240101.0,198.07,0.0,0.0,1.0,24.0,1.0,1.0,
195.0,20240501.0,93.4,0.0,0.0,1.0,28.0,1.0,1.0,
195.0,20220101.0,188.58,0.0,0.0,1.0,0.0,1.0,1.0,
195.0,20220901.0,191.81,0.0,0.0,1.0,8.0,1.0,1.0,
510.0,20220101.0,172.65,0.0,0.0,1.0,0.0,1.0,22.0,
510.0,20230101.0,77.07,0.0,0.0,1.0,12.0,1.0,22.0,
510.0,20220501.0,174.97,0.0,0.0,1.0,4.0,1.0,22.0,
510.0,20230201.0,0.0,0.0,0.0,1.0,13.0,1.0,22.0,
510.0,20220401.0,139.84,0.0,0.0,1.0,3.0,1.0,22.0,
510.0,20220601.0,191.05,0.0,0.0,1.0,5.0,1.0,22.0,
510.0,20221001.0,159.15,0.0,0.0,1.0,9.0,1.0,22.0,
510.0,20221201.0,172.25,0.0,0.0,1.0,11.0,1.0,22.0,
510.0,20220301.0,209.77,0.0,0.0,1.0,1.0,1.0,22.0,
510.0,20221101.0,190.96,0.0,0.0,1.0,10.0,1.0,22.0,
510.0,20220201.0,111.66,0.0,0.0,1.0,1.0,1.0,22.0,
510.0,20220101.0,186.38,0.0,0.0,1.0,0.0,1.0,22.0,
510.0,20220901.0,208.58,0.0,0.0,1.0,8.0,1.0,22.0,
612.0,20220101.0,62.79,0.0,0.0,1.0,0.0,1.0,3.0,
196.0,20250101.0,197.44,0.0,0.0,1.0,36.0,1.0,2.0,
196.0,20250101.0,132.87,0.0,0.0,1.0,36.0,1.0,2.0,
196.0,20231001.0,192.98,0.0,0.0,1.0,21.0,1.0,2.0,
196.0,20220101.0,154.85,0.0,0.0,1.0,0.0,1.0,2.0,
196.0,20230401.0,130.9,0.0,0.0,1.0,15.0,1.0,2.0,
196.0,20230301.0,176.14,0.0,0.0,1.0,14.0,1.0,2.0,
196.0,20250501.0,157.17,0.0,0.0,1.0,40.0,1.0,2.0,
196.0,20230101.0,202.21,0.0,0.0,1.0,12.0,1.0,2.0,
196.0,20240801.0,182.37,0.0,0.0,1.0,31.0,1.0,2.0,
196.0,20241101.0,198.17,0.0,0.0,1.0,34.0,1.0,2.0,
196.0,20220501.0,176.7,0.0,0.0,1.0,4.0,1.0,2.0,
196.0,20241001.0,203.32,0.0,0.0,1.0,33.0,1.0,2.0,
196.0,20240601.0,171.01,0.0,0.0,1.0,29.0,1.0,2.0,
196.0,20250301.0,139.12,0.0,0.0,1.0,38.0,1.0,2.0,
196.0,20230201.0,182.93,0.0,0.0,1.0,13.0,1.0,2.0,
196.0,20240201.0,194.68,0.0,0.0,1.0,25.0,1.0,2.0,
196.0,20230101.0,180.65,0.0,0.0,1.0,12.0,1.0,2.0,
196.0,20240301.0,143.15,0.0,0.0,1.0,26.0,1.0,2.0,
196.0,20220401.0,127.7,0.0,0.0,1.0,3.0,1.0,2.0,
196.0,20220601.0,179.74,0.0,0.0,1.0,5.0,1.0,2.0,
196.0,20241201.0,161.6,0.0,0.0,1.0,35.0,1.0,2.0,
196.0,20230801.0,148.51,0.0,0.0,1.0,19.0,1.0,2.0,
196.0,20240901.0,119.88,0.0,0.0,1.0,32.0,1.0,2.0,
196.0,20231201.0,150.57,0.0,0.0,1.0,23.0,1.0,2.0,
196.0,20221001.0,162.95,0.0,0.0,1.0,9.0,1.0,2.0,
196.0,20240101.0,189.54,0.0,0.0,1.0,24.0,1.0,2.0,
196.0,20230501.0,198.25,0.0,0.0,1.0,16.0,1.0,2.0,
196.0,20250601.0,185.58,0.0,0.0,1.0,41.0,1.0,2.0,
196.0,20230901.0,184.86,0.0,0.0,1.0,20.0,1.0,2.0,
196.0,20240401.0,167.67,0.0,0.0,1.0,27.0,1.0,2.0,
196.0,20231101.0,204.09,0.0,0.0,1.0,22.0,1.0,2.0,
196.0,20250201.0,165.48,0.0,0.0,1.0,37.0,1.0,2.0,
196.0,20230601.0,182.0,0.0,0.0,1.0,17.0,1.0,2.0,
196.0,20250401.0,176.66,0.0,0.0,1.0,39.0,1.0,2.0,
196.0,20221201.0,189.24,0.0,0.0,1.0,11.0,1.0,2.0,
196.0,20220301.0,214.78,0.0,0.0,1.0,1.0,1.0,2.0,
196.0,20221101.0,192.88,0.0,0.0,1.0,10.0,1.0,2.0,
196.0,20220201.0,157.56,0.0,0.0,1.0,1.0,1.0,2.0,
196.0,20240101.0,202.7,0.0,0.0,1.0,24.0,1.0,2.0,
196.0,20240501.0,175.38,0.0,0.0,1.0,28.0,1.0,2.0,
196.0,20220101.0,165.35,0.0,0.0,1.0,0.0,1.0,2.0,
196.0,20220901.0,211.84,0.0,0.0,1.0,8.0,1.0,2.0,
197.0,20250101.0,183.37,0.0,0.0,1.0,36.0,1.0,8.0,
197.0,20250101.0,163.21,0.0,0.0,1.0,36.0,1.0,8.0,
197.0,20231001.0,207.24,0.0,0.0,1.0,21.0,1.0,8.0,
197.0,20220101.0,174.32,0.0,0.0,1.0,0.0,1.0,8.0,
197.0,20230401.0,127.56,0.0,0.0,1.0,15.0,1.0,8.0,
197.0,20230301.0,190.5,0.0,0.0,1.0,14.0,1.0,8.0,
197.0,20250501.0,204.87,0.0,0.0,1.0,40.0,1.0,8.0,
197.0,20230101.0,216.2,0.0,0.0,1.0,12.0,1.0,8.0,
197.0,20240801.0,103.82,0.0,0.0,1.0,31.0,1.0,8.0,
197.0,20241101.0,205.09,0.0,0.0,1.0,34.0,1.0,8.0,
197.0,20220501.0,188.52,0.0,0.0,1.0,4.0,1.0,8.0,
197.0,20241001.0,213.35,0.0,0.0,1.0,33.0,1.0,8.0,
197.0,20240601.0,178.99,0.0,0.0,1.0,29.0,1.0,8.0,
197.0,20250301.0,135.02,0.0,0.0,1.0,38.0,1.0,8.0,
197.0,20230201.0,165.97,0.0,0.0,1.0,13.0,1.0,8.0,
197.0,20240201.0,199.0,0.0,0.0,1.0,25.0,1.0,8.0,
197.0,20230101.0,174.78,0.0,0.0,1.0,12.0,1.0,8.0,
197.0,20240301.0,149.75,0.0,0.0,1.0,26.0,1.0,8.0,
197.0,20220401.0,145.04,0.0,0.0,1.0,3.0,1.0,8.0,
197.0,20220601.0,207.82,0.0,0.0,1.0,5.0,1.0,8.0,
197.0,20241201.0,208.73,0.0,0.0,1.0,35.0,1.0,8.0,
197.0,20230801.0,131.2,0.0,0.0,1.0,19.0,1.0,8.0,
197.0,20240901.0,172.44,0.0,0.0,1.0,32.0,1.0,8.0,
197.0,20231201.0,151.25,0.0,0.0,1.0,23.0,1.0,8.0,
197.0,20221001.0,196.18,0.0,0.0,1.0,9.0,1.0,8.0,
197.0,20240101.0,224.1,0.0,0.0,1.0,24.0,1.0,8.0,
197.0,20230501.0,210.77,0.0,0.0,1.0,16.0,1.0,8.0,
197.0,20250601.0,197.3,0.0,0.0,1.0,41.0,1.0,8.0,
197.0,20230901.0,199.75,0.0,0.0,1.0,20.0,1.0,8.0,
197.0,20240401.0,167.94,0.0,0.0,1.0,27.0,1.0,8.0,
197.0,20231101.0,209.24,0.0,0.0,1.0,22.0,1.0,8.0,
197.0,20250201.0,193.07,0.0,0.0,1.0,37.0,1.0,8.0,
197.0,20230601.0,187.08,0.0,0.0,1.0,17.0,1.0,8.0,
197.0,20250401.0,183.66,0.0,0.0,1.0,39.0,1.0,8.0,
197.0,20221201.0,157.93,0.0,0.0,1.0,11.0,1.0,8.0,
197.0,20220301.0,213.47,0.0,0.0,1.0,1.0,1.0,8.0,
197.0,20221101.0,185.79,0.0,0.0,1.0,10.0,1.0,8.0,
197.0,20220201.0,188.76,0.0,0.0,1.0,1.0,1.0,8.0,
197.0,20240101.0,208.08,0.0,0.0,1.0,24.0,1.0,8.0,
197.0,20240501.0,215.08,0.0,0.0,1.0,28.0,1.0,8.0,
197.0,20220101.0,176.73,0.0,0.0,1.0,0.0,1.0,8.0,
197.0,20220901.0,226.74,0.0,0.0,1.0,8.0,1.0,8.0,
198.0,20250101.0,180.0,0.0,0.0,1.0,36.0,2.0,22.0,
198.0,20250101.0,126.0,0.0,0.0,1.0,36.0,2.0,22.0,
198.0,20231001.0,198.0,0.0,0.0,1.0,21.0,2.0,22.0,
198.0,20220101.0,171.0,0.0,0.0,1.0,0.0,2.0,22.0,
198.0,20230401.0,133.5,0.0,0.0,1.0,15.0,2.0,22.0,
198.0,20230301.0,180.5,0.0,0.0,1.0,14.0,2.0,22.0,
198.0,20250501.0,189.0,0.0,0.0,1.0,40.0,2.0,22.0,
198.0,20230101.0,180.0,0.0,0.0,1.0,12.0,2.0,22.0,
198.0,20240801.0,108.0,0.0,0.0,1.0,31.0,2.0,22.0,
198.0,20241101.0,189.0,0.0,0.0,1.0,34.0,2.0,22.0,
198.0,20220501.0,175.5,0.0,0.0,1.0,4.0,2.0,22.0,
198.0,20241001.0,207.0,0.0,0.0,1.0,33.0,2.0,22.0,
198.0,20240601.0,139.5,0.0,0.0,1.0,29.0,2.0,22.0,
198.0,20250301.0,133.0,0.0,0.0,1.0,38.0,2.0,22.0,
198.0,20230201.0,180.0,0.0,0.0,1.0,13.0,2.0,22.0,
198.0,20240201.0,180.0,0.0,0.0,1.0,25.0,2.0,22.0,
198.0,20230101.0,162.0,0.0,0.0,1.0,12.0,2.0,22.0,
198.0,20240301.0,145.0,0.0,0.0,1.0,26.0,2.0,22.0,
198.0,20220401.0,132.5,0.0,0.0,1.0,3.0,2.0,22.0,
198.0,20220601.0,198.0,0.0,0.0,1.0,5.0,2.0,22.0,
198.0,20241201.0,130.5,0.0,0.0,1.0,35.0,2.0,22.0,
198.0,20230801.0,126.0,0.0,0.0,1.0,19.0,2.0,22.0,
198.0,20240901.0,189.0,0.0,0.0,1.0,32.0,2.0,22.0,
198.0,20231201.0,185.5,0.0,0.0,1.0,23.0,2.0,22.0,
198.0,20221001.0,189.0,0.0,0.0,1.0,9.0,2.0,22.0,
198.0,20240101.0,175.5,0.0,0.0,1.0,24.0,2.0,22.0,
198.0,20230501.0,198.0,0.0,0.0,1.0,16.0,2.0,22.0,
198.0,20250601.0,177.0,0.0,0.0,1.0,41.0,2.0,22.0,
198.0,20230901.0,180.0,0.0,0.0,1.0,20.0,2.0,22.0,
198.0,20240401.0,162.5,0.0,0.0,1.0,27.0,2.0,22.0,
198.0,20231101.0,198.0,0.0,0.0,1.0,22.0,2.0,22.0,
198.0,20250201.0,153.0,0.0,0.0,1.0,37.0,2.0,22.0,
198.0,20230601.0,169.0,0.0,0.0,1.0,17.0,2.0,22.0,
198.0,20250401.0,189.0,0.0,0.0,1.0,39.0,2.0,22.0,
198.0,20221201.0,180.0,0.0,0.0,1.0,11.0,2.0,22.0,
198.0,20220301.0,209.62,0.0,0.0,1.0,1.0,2.0,22.0,
198.0,20221101.0,198.0,0.0,0.0,1.0,10.0,2.0,22.0,
198.0,20220201.0,173.54,0.0,0.0,1.0,1.0,2.0,22.0,
198.0,20240101.0,198.0,0.0,0.0,1.0,24.0,2.0,22.0,
198.0,20240501.0,198.0,0.0,0.0,1.0,28.0,2.0,22.0,
198.0,20220101.0,131.95,0.0,0.0,1.0,0.0,2.0,22.0,
198.0,20220901.0,198.0,0.0,0.0,1.0,8.0,2.0,22.0,
199.0,20250101.0,180.0,0.0,0.0,1.0,36.0,3.0,14.0,
199.0,20250101.0,126.0,0.0,0.0,1.0,36.0,3.0,14.0,
199.0,20231001.0,198.0,0.0,0.0,1.0,21.0,3.0,14.0,
199.0,20220101.0,135.0,0.0,0.0,1.0,0.0,3.0,14.0,
199.0,20230401.0,123.0,0.0,0.0,1.0,15.0,3.0,14.0,
199.0,20230301.0,171.5,0.0,0.0,1.0,14.0,3.0,14.0,
199.0,20250501.0,189.0,0.0,0.0,1.0,40.0,3.0,14.0,
199.0,20230101.0,198.0,0.0,0.0,1.0,12.0,3.0,14.0,
199.0,20240801.0,108.0,0.0,0.0,1.0,31.0,3.0,14.0,
199.0,20241101.0,189.0,0.0,0.0,1.0,34.0,3.0,14.0,
199.0,20220501.0,180.0,0.0,0.0,1.0,4.0,3.0,14.0,
199.0,20241001.0,207.0,0.0,0.0,1.0,33.0,3.0,14.0,
199.0,20240601.0,162.0,0.0,0.0,1.0,29.0,3.0,14.0,
199.0,20250301.0,133.0,0.0,0.0,1.0,38.0,3.0,14.0,
199.0,20230201.0,180.0,0.0,0.0,1.0,13.0,3.0,14.0,
199.0,20240201.0,180.0,0.0,0.0,1.0,25.0,3.0,14.0,
199.0,20230101.0,135.0,0.0,0.0,1.0,12.0,3.0,14.0,
199.0,20240301.0,145.0,0.0,0.0,1.0,26.0,3.0,14.0,
199.0,20220401.0,149.0,0.0,0.0,1.0,3.0,3.0,14.0,
199.0,20220601.0,189.0,0.0,0.0,1.0,5.0,3.0,14.0,
199.0,20241201.0,144.0,0.0,0.0,1.0,35.0,3.0,14.0,
199.0,20230801.0,171.0,0.0,0.0,1.0,19.0,3.0,14.0,
199.0,20240901.0,144.0,0.0,0.0,1.0,32.0,3.0,14.0,
199.0,20231201.0,144.0,0.0,0.0,1.0,23.0,3.0,14.0,
199.0,20221001.0,189.0,0.0,0.0,1.0,9.0,3.0,14.0,
199.0,20240101.0,198.0,0.0,0.0,1.0,24.0,3.0,14.0,
199.0,20230501.0,198.0,0.0,0.0,1.0,16.0,3.0,14.0,
199.0,20250601.0,171.0,0.0,0.0,1.0,41.0,3.0,14.0,
199.0,20230901.0,180.0,0.0,0.0,1.0,20.0,3.0,14.0,
199.0,20240401.0,140.5,0.0,0.0,1.0,27.0,3.0,14.0,
199.0,20231101.0,180.0,0.0,0.0,1.0,22.0,3.0,14.0,
199.0,20250201.0,180.0,0.0,0.0,1.0,37.0,3.0,14.0,
199.0,20230601.0,142.0,0.0,0.0,1.0,17.0,3.0,14.0,
199.0,20250401.0,180.0,0.0,0.0,1.0,39.0,3.0,14.0,
199.0,20221201.0,153.0,0.0,0.0,1.0,11.0,3.0,14.0,
199.0,20220301.0,207.0,0.0,0.0,1.0,1.0,3.0,14.0,
199.0,20221101.0,171.0,0.0,0.0,1.0,10.0,3.0,14.0,
199.0,20220201.0,171.0,0.0,0.0,1.0,1.0,3.0,14.0,
199.0,20240101.0,153.0,0.0,0.0,1.0,24.0,3.0,14.0,
199.0,20240501.0,198.0,0.0,0.0,1.0,28.0,3.0,14.0,
199.0,20220101.0,189.0,0.0,0.0,1.0,0.0,3.0,14.0,
199.0,20220901.0,198.0,0.0,0.0,1.0,8.0,3.0,14.0,
200.0,20250101.0,176.71,0.0,0.0,1.0,36.0,1.0,3.0,
200.0,20250101.0,136.07,0.0,0.0,1.0,36.0,1.0,3.0,
200.0,20231001.0,156.18,0.0,0.0,1.0,21.0,1.0,3.0,
200.0,20220101.0,155.94,0.0,0.0,1.0,0.0,1.0,3.0,
200.0,20230401.0,122.4,0.0,0.0,1.0,15.0,1.0,3.0,
200.0,20230301.0,160.33,0.0,0.0,1.0,14.0,1.0,3.0,
200.0,20250501.0,186.47,0.0,0.0,1.0,40.0,1.0,3.0,
200.0,20230101.0,180.88,0.0,0.0,1.0,12.0,1.0,3.0,
200.0,20240801.0,92.78,0.0,0.0,1.0,31.0,1.0,3.0,
200.0,20241101.0,183.96,0.0,0.0,1.0,34.0,1.0,3.0,
200.0,20220501.0,181.08,0.0,0.0,1.0,4.0,1.0,3.0,
200.0,20241001.0,209.21,0.0,0.0,1.0,33.0,1.0,3.0,
200.0,20240601.0,167.97,0.0,0.0,1.0,29.0,1.0,3.0,
200.0,20250301.0,134.67,0.0,0.0,1.0,38.0,1.0,3.0,
200.0,20230201.0,164.26,0.0,0.0,1.0,13.0,1.0,3.0,
200.0,20240201.0,159.31,0.0,0.0,1.0,25.0,1.0,3.0,
200.0,20230101.0,0.0,0.0,0.0,1.0,12.0,1.0,3.0,
200.0,20240301.0,125.64,0.0,0.0,1.0,26.0,1.0,3.0,
200.0,20220401.0,141.8,0.0,0.0,1.0,3.0,1.0,3.0,
200.0,20220601.0,195.69,0.0,0.0,1.0,5.0,1.0,3.0,
200.0,20241201.0,138.16,0.0,0.0,1.0,35.0,1.0,3.0,
200.0,20230801.0,0.0,0.0,0.0,1.0,19.0,1.0,3.0,
200.0,20240901.0,174.96,0.0,0.0,1.0,32.0,1.0,3.0,
200.0,20231201.0,101.32,0.0,0.0,1.0,23.0,1.0,3.0,
200.0,20221001.0,179.05,0.0,0.0,1.0,9.0,1.0,3.0,
200.0,20240101.0,188.96,0.0,0.0,1.0,24.0,1.0,3.0,
200.0,20230501.0,112.22,0.0,0.0,1.0,16.0,1.0,3.0,
200.0,20250601.0,169.29,0.0,0.0,1.0,41.0,1.0,3.0,
200.0,20230901.0,44.47,0.0,0.0,1.0,20.0,1.0,3.0,
200.0,20240401.0,152.98,0.0,0.0,1.0,27.0,1.0,3.0,
200.0,20231101.0,163.27,0.0,0.0,1.0,22.0,1.0,3.0,
200.0,20250201.0,179.73,0.0,0.0,1.0,37.0,1.0,3.0,
200.0,20230601.0,0.0,0.0,0.0,1.0,17.0,1.0,3.0,
200.0,20250401.0,177.41,0.0,0.0,1.0,39.0,1.0,3.0,
200.0,20221201.0,71.78,0.0,0.0,1.0,11.0,1.0,3.0,
200.0,20220301.0,204.63,0.0,0.0,1.0,1.0,1.0,3.0,
200.0,20221101.0,168.35,0.0,0.0,1.0,10.0,1.0,3.0,
200.0,20220201.0,171.39,0.0,0.0,1.0,1.0,1.0,3.0,
200.0,20240101.0,158.88,0.0,0.0,1.0,24.0,1.0,3.0,
200.0,20240501.0,183.39,0.0,0.0,1.0,28.0,1.0,3.0,
200.0,20220101.0,190.17,0.0,0.0,1.0,0.0,1.0,3.0,
200.0,20220901.0,156.28,0.0,0.0,1.0,8.0,1.0,3.0,
201.0,20250101.0,195.46,0.0,0.0,1.0,36.0,1.0,10.0,
201.0,20250101.0,135.13,0.0,0.0,1.0,36.0,1.0,10.0,
201.0,20231001.0,214.97,0.0,0.0,1.0,21.0,1.0,10.0,
201.0,20220101.0,167.48,0.0,0.0,1.0,0.0,1.0,10.0,
201.0,20230401.0,135.74,0.0,0.0,1.0,15.0,1.0,10.0,
201.0,20230301.0,184.15,0.0,0.0,1.0,14.0,1.0,10.0,
201.0,20250501.0,188.3,0.0,0.0,1.0,40.0,1.0,10.0,
201.0,20230101.0,198.08,0.0,0.0,1.0,12.0,1.0,10.0,
201.0,20240801.0,108.66,0.0,0.0,1.0,31.0,1.0,10.0,
201.0,20241101.0,200.55,0.0,0.0,1.0,34.0,1.0,10.0,
201.0,20220501.0,136.25,0.0,0.0,1.0,4.0,1.0,10.0,
201.0,20241001.0,226.68,0.0,0.0,1.0,33.0,1.0,10.0,
201.0,20240601.0,171.73,0.0,0.0,1.0,29.0,1.0,10.0,
201.0,20250301.0,135.2,0.0,0.0,1.0,38.0,1.0,10.0,
201.0,20230201.0,196.86,0.0,0.0,1.0,13.0,1.0,10.0,
201.0,20240201.0,201.59,0.0,0.0,1.0,25.0,1.0,10.0,
201.0,20230101.0,189.97,0.0,0.0,1.0,12.0,1.0,10.0,
201.0,20240301.0,104.16,0.0,0.0,1.0,26.0,1.0,10.0,
201.0,20220401.0,143.73,0.0,0.0,1.0,3.0,1.0,10.0,
201.0,20220601.0,206.35,0.0,0.0,1.0,5.0,1.0,10.0,
201.0,20241201.0,180.02,0.0,0.0,1.0,35.0,1.0,10.0,
201.0,20230801.0,103.53,0.0,0.0,1.0,19.0,1.0,10.0,
201.0,20240901.0,187.63,0.0,0.0,1.0,32.0,1.0,10.0,
201.0,20231201.0,194.3,0.0,0.0,1.0,23.0,1.0,10.0,
201.0,20221001.0,191.55,0.0,0.0,1.0,9.0,1.0,10.0,
201.0,20240101.0,202.59,0.0,0.0,1.0,24.0,1.0,10.0,
201.0,20230501.0,189.63,0.0,0.0,1.0,16.0,1.0,10.0,
201.0,20250601.0,192.9,0.0,0.0,1.0,41.0,1.0,10.0,
201.0,20230901.0,180.9,0.0,0.0,1.0,20.0,1.0,10.0,
201.0,20240401.0,167.16,0.0,0.0,1.0,27.0,1.0,10.0,
201.0,20231101.0,197.7,0.0,0.0,1.0,22.0,1.0,10.0,
201.0,20250201.0,191.16,0.0,0.0,1.0,37.0,1.0,10.0,
201.0,20230601.0,182.49,0.0,0.0,1.0,17.0,1.0,10.0,
201.0,20250401.0,196.52,0.0,0.0,1.0,39.0,1.0,10.0,
201.0,20221201.0,158.98,0.0,0.0,1.0,11.0,1.0,10.0,
201.0,20220301.0,207.86,0.0,0.0,1.0,1.0,1.0,10.0,
201.0,20221101.0,193.85,0.0,0.0,1.0,10.0,1.0,10.0,
201.0,20220201.0,186.82,0.0,0.0,1.0,1.0,1.0,10.0,
201.0,20240101.0,192.98,0.0,0.0,1.0,24.0,1.0,10.0,
201.0,20240501.0,193.28,0.0,0.0,1.0,28.0,1.0,10.0,
201.0,20220101.0,174.47,0.0,0.0,1.0,0.0,1.0,10.0,
201.0,20220901.0,201.49,0.0,0.0,1.0,8.0,1.0,10.0,
202.0,20250101.0,180.0,0.0,0.0,1.0,36.0,3.0,14.0,
202.0,20250101.0,126.0,0.0,0.0,1.0,36.0,3.0,14.0,
202.0,20231001.0,198.0,0.0,0.0,1.0,21.0,3.0,14.0,
202.0,20220101.0,180.0,0.0,0.0,1.0,0.0,3.0,14.0,
202.0,20230401.0,129.5,0.0,0.0,1.0,15.0,3.0,14.0,
202.0,20230301.0,180.5,0.0,0.0,1.0,14.0,3.0,14.0,
202.0,20250501.0,171.0,0.0,0.0,1.0,40.0,3.0,14.0,
202.0,20230101.0,198.0,0.0,0.0,1.0,12.0,3.0,14.0,
202.0,20240801.0,135.0,0.0,0.0,1.0,31.0,3.0,14.0,
202.0,20241101.0,189.0,0.0,0.0,1.0,34.0,3.0,14.0,
202.0,20220501.0,180.0,0.0,0.0,1.0,4.0,3.0,14.0,
202.0,20241001.0,189.0,0.0,0.0,1.0,33.0,3.0,14.0,
202.0,20240601.0,171.0,0.0,0.0,1.0,29.0,3.0,14.0,
202.0,20250301.0,133.0,0.0,0.0,1.0,38.0,3.0,14.0,
202.0,20230201.0,180.0,0.0,0.0,1.0,13.0,3.0,14.0,
202.0,20240201.0,180.0,0.0,0.0,1.0,25.0,3.0,14.0,
202.0,20230101.0,180.0,0.0,0.0,1.0,12.0,3.0,14.0,
202.0,20240301.0,136.0,0.0,0.0,1.0,26.0,3.0,14.0,
202.0,20220401.0,149.0,0.0,0.0,1.0,3.0,3.0,14.0,
202.0,20220601.0,198.0,0.0,0.0,1.0,5.0,3.0,14.0,
202.0,20241201.0,117.0,0.0,0.0,1.0,35.0,3.0,14.0,
202.0,20230801.0,162.0,0.0,0.0,1.0,19.0,3.0,14.0,
202.0,20240901.0,189.0,0.0,0.0,1.0,32.0,3.0,14.0,
202.0,20231201.0,144.0,0.0,0.0,1.0,23.0,3.0,14.0,
202.0,20221001.0,189.0,0.0,0.0,1.0,9.0,3.0,14.0,
202.0,20240101.0,189.0,0.0,0.0,1.0,24.0,3.0,14.0,
202.0,20230501.0,198.0,0.0,0.0,1.0,16.0,3.0,14.0,
202.0,20250601.0,177.0,0.0,0.0,1.0,41.0,3.0,14.0,
202.0,20230901.0,180.0,0.0,0.0,1.0,20.0,3.0,14.0,
202.0,20240401.0,140.5,0.0,0.0,1.0,27.0,3.0,14.0,
202.0,20231101.0,198.0,0.0,0.0,1.0,22.0,3.0,14.0,
202.0,20250201.0,180.0,0.0,0.0,1.0,37.0,3.0,14.0,
202.0,20230601.0,169.0,0.0,0.0,1.0,17.0,3.0,14.0,
202.0,20250401.0,189.0,0.0,0.0,1.0,39.0,3.0,14.0,
202.0,20221201.0,135.0,0.0,0.0,1.0,11.0,3.0,14.0,
202.0,20220301.0,207.0,0.0,0.0,1.0,1.0,3.0,14.0,
202.0,20221101.0,198.0,0.0,0.0,1.0,10.0,3.0,14.0,
202.0,20220201.0,180.0,0.0,0.0,1.0,1.0,3.0,14.0,
202.0,20240101.0,162.0,0.0,0.0,1.0,24.0,3.0,14.0,
202.0,20240501.0,198.0,0.0,0.0,1.0,28.0,3.0,14.0,
202.0,20220101.0,189.0,0.0,0.0,1.0,0.0,3.0,14.0,
202.0,20220901.0,198.0,0.0,0.0,1.0,8.0,3.0,14.0,
580.0,20220501.0,0.0,0.0,0.0,1.0,4.0,1.0,3.0,
580.0,20220401.0,0.0,0.0,0.0,1.0,3.0,1.0,3.0,
580.0,20220301.0,0.0,0.0,0.0,1.0,1.0,1.0,3.0,
580.0,20220201.0,102.46,0.0,0.0,1.0,1.0,1.0,3.0,
580.0,20220101.0,173.59,0.0,0.0,1.0,0.0,1.0,3.0,
203.0,20250101.0,203.73,0.0,0.0,1.0,36.0,5.0,22.0,
203.0,20250101.0,120.14,0.0,0.0,1.0,36.0,5.0,22.0,
203.0,20231001.0,184.92,0.0,0.0,1.0,21.0,5.0,22.0,
203.0,20220101.0,161.25,0.0,0.0,1.0,0.0,5.0,22.0,
203.0,20230401.0,132.58,0.0,0.0,1.0,15.0,5.0,22.0,
203.0,20230301.0,188.03,0.0,0.0,1.0,14.0,5.0,22.0,
203.0,20250501.0,168.91,0.0,0.0,1.0,40.0,5.0,22.0,
203.0,20230101.0,175.89,0.0,0.0,1.0,12.0,5.0,22.0,
203.0,20240801.0,147.2,0.0,0.0,1.0,31.0,5.0,22.0,
203.0,20241101.0,179.42,0.0,0.0,1.0,34.0,5.0,22.0,
203.0,20220501.0,178.35,0.0,0.0,1.0,4.0,5.0,22.0,
203.0,20241001.0,211.18,0.0,0.0,1.0,33.0,5.0,22.0,
203.0,20240601.0,158.04,0.0,0.0,1.0,29.0,5.0,22.0,
203.0,20250301.0,137.98,0.0,0.0,1.0,38.0,5.0,22.0,
203.0,20230201.0,149.98,0.0,0.0,1.0,13.0,5.0,22.0,
203.0,20240201.0,180.48,0.0,0.0,1.0,25.0,5.0,22.0,
203.0,20230101.0,185.25,0.0,0.0,1.0,12.0,5.0,22.0,
203.0,20240301.0,119.07,0.0,0.0,1.0,26.0,5.0,22.0,
203.0,20220401.0,126.85,0.0,0.0,1.0,3.0,5.0,22.0,
203.0,20220601.0,191.91,0.0,0.0,1.0,5.0,5.0,22.0,
203.0,20241201.0,106.83,0.0,0.0,1.0,35.0,5.0,22.0,
203.0,20230801.0,205.94,0.0,0.0,1.0,19.0,5.0,22.0,
203.0,20240901.0,194.11,0.0,0.0,1.0,32.0,5.0,22.0,
203.0,20231201.0,193.49,0.0,0.0,1.0,23.0,5.0,22.0,
203.0,20221001.0,181.31,0.0,0.0,1.0,9.0,5.0,22.0,
203.0,20240101.0,183.92,0.0,0.0,1.0,24.0,5.0,22.0,
203.0,20230501.0,206.75,0.0,0.0,1.0,16.0,5.0,22.0,
203.0,20250601.0,182.47,0.0,0.0,1.0,41.0,5.0,22.0,
203.0,20230901.0,182.8,0.0,0.0,1.0,20.0,5.0,22.0,
203.0,20240401.0,110.17,0.0,0.0,1.0,27.0,5.0,22.0,
203.0,20231101.0,196.29,0.0,0.0,1.0,22.0,5.0,22.0,
203.0,20250201.0,174.69,0.0,0.0,1.0,37.0,5.0,22.0,
203.0,20230601.0,171.57,0.0,0.0,1.0,17.0,5.0,22.0,
203.0,20250401.0,176.18,0.0,0.0,1.0,39.0,5.0,22.0,
203.0,20221201.0,194.77,0.0,0.0,1.0,11.0,5.0,22.0,
203.0,20220301.0,206.77,0.0,0.0,1.0,1.0,5.0,22.0,
203.0,20221101.0,192.84,0.0,0.0,1.0,10.0,5.0,22.0,
203.0,20220201.0,183.63,0.0,0.0,1.0,1.0,5.0,22.0,
203.0,20240101.0,184.93,0.0,0.0,1.0,24.0,5.0,22.0,
203.0,20240501.0,192.14,0.0,0.0,1.0,28.0,5.0,22.0,
203.0,20220101.0,165.27,0.0,0.0,1.0,0.0,5.0,22.0,
203.0,20220901.0,127.92,0.0,0.0,1.0,8.0,5.0,22.0,
373.0,20250101.0,154.13,0.0,0.0,1.0,0.0,1.0,8.0,
373.0,20250601.0,61.0,0.0,0.0,1.0,5.0,1.0,8.0,
204.0,20250101.0,197.98,0.0,0.0,1.0,36.0,1.0,3.0,
204.0,20250101.0,125.62,0.0,0.0,1.0,36.0,1.0,3.0,
204.0,20231001.0,200.3,0.0,0.0,1.0,21.0,1.0,3.0,
204.0,20220101.0,158.76,0.0,0.0,1.0,0.0,1.0,3.0,
204.0,20230401.0,124.94,0.0,0.0,1.0,15.0,1.0,3.0,
204.0,20230301.0,170.44,0.0,0.0,1.0,14.0,1.0,3.0,
204.0,20250501.0,159.58,0.0,0.0,1.0,40.0,1.0,3.0,
204.0,20230101.0,191.11,0.0,0.0,1.0,12.0,1.0,3.0,
204.0,20240801.0,92.98,0.0,0.0,1.0,31.0,1.0,3.0,
204.0,20241101.0,183.84,0.0,0.0,1.0,34.0,1.0,3.0,
204.0,20220501.0,190.2,0.0,0.0,1.0,4.0,1.0,3.0,
204.0,20241001.0,216.47,0.0,0.0,1.0,33.0,1.0,3.0,
204.0,20240601.0,187.91,0.0,0.0,1.0,29.0,1.0,3.0,
204.0,20250301.0,132.47,0.0,0.0,1.0,38.0,1.0,3.0,
204.0,20230201.0,162.02,0.0,0.0,1.0,13.0,1.0,3.0,
204.0,20240201.0,192.7,0.0,0.0,1.0,25.0,1.0,3.0,
204.0,20230101.0,162.05,0.0,0.0,1.0,12.0,1.0,3.0,
204.0,20240301.0,153.18,0.0,0.0,1.0,26.0,1.0,3.0,
204.0,20220401.0,133.12,0.0,0.0,1.0,3.0,1.0,3.0,
204.0,20220601.0,198.83,0.0,0.0,1.0,5.0,1.0,3.0,
204.0,20241201.0,127.73,0.0,0.0,1.0,35.0,1.0,3.0,
204.0,20230801.0,90.56,0.0,0.0,1.0,19.0,1.0,3.0,
204.0,20240901.0,191.03,0.0,0.0,1.0,32.0,1.0,3.0,
204.0,20231201.0,172.78,0.0,0.0,1.0,23.0,1.0,3.0,
204.0,20221001.0,185.59,0.0,0.0,1.0,9.0,1.0,3.0,
204.0,20240101.0,213.16,0.0,0.0,1.0,24.0,1.0,3.0,
204.0,20230501.0,171.79,0.0,0.0,1.0,16.0,1.0,3.0,
204.0,20250601.0,168.8,0.0,0.0,1.0,41.0,1.0,3.0,
204.0,20230901.0,185.68,0.0,0.0,1.0,20.0,1.0,3.0,
204.0,20240401.0,159.48,0.0,0.0,1.0,27.0,1.0,3.0,
204.0,20231101.0,195.75,0.0,0.0,1.0,22.0,1.0,3.0,
204.0,20250201.0,163.61,0.0,0.0,1.0,37.0,1.0,3.0,
204.0,20230601.0,168.71,0.0,0.0,1.0,17.0,1.0,3.0,
204.0,20250401.0,178.8,0.0,0.0,1.0,39.0,1.0,3.0,
204.0,20221201.0,151.36,0.0,0.0,1.0,11.0,1.0,3.0,
204.0,20220301.0,187.74,0.0,0.0,1.0,1.0,1.0,3.0,
204.0,20221101.0,197.9,0.0,0.0,1.0,10.0,1.0,3.0,
204.0,20220201.0,181.07,0.0,0.0,1.0,1.0,1.0,3.0,
204.0,20240101.0,163.64,0.0,0.0,1.0,24.0,1.0,3.0,
204.0,20240501.0,199.36,0.0,0.0,1.0,28.0,1.0,3.0,
204.0,20220101.0,180.98,0.0,0.0,1.0,0.0,1.0,3.0,
204.0,20220901.0,205.81,0.0,0.0,1.0,8.0,1.0,3.0,
511.0,20220101.0,157.68,0.0,0.0,1.0,0.0,1.0,22.0,
511.0,20220501.0,181.53,0.0,0.0,1.0,4.0,1.0,22.0,
511.0,20220401.0,133.76,0.0,0.0,1.0,3.0,1.0,22.0,
511.0,20220601.0,199.97,0.0,0.0,1.0,5.0,1.0,22.0,
511.0,20221001.0,157.1,0.0,0.0,1.0,9.0,1.0,22.0,
511.0,20221201.0,36.17,0.0,0.0,1.0,11.0,1.0,22.0,
511.0,20220301.0,196.75,0.0,0.0,1.0,1.0,1.0,22.0,
511.0,20221101.0,168.56,0.0,0.0,1.0,10.0,1.0,22.0,
511.0,20220201.0,169.64,0.0,0.0,1.0,1.0,1.0,22.0,
511.0,20220101.0,92.41,0.0,0.0,1.0,0.0,1.0,22.0,
511.0,20220901.0,205.71,0.0,0.0,1.0,8.0,1.0,22.0,
205.0,20250101.0,207.93,0.0,0.0,1.0,36.0,1.0,2.0,
205.0,20250101.0,131.63,0.0,0.0,1.0,36.0,1.0,2.0,
205.0,20231001.0,198.36,0.0,0.0,1.0,21.0,1.0,2.0,
205.0,20220101.0,167.3,0.0,0.0,1.0,0.0,1.0,2.0,
205.0,20230401.0,138.32,0.0,0.0,1.0,15.0,1.0,2.0,
205.0,20230301.0,191.05,0.0,0.0,1.0,14.0,1.0,2.0,
205.0,20250501.0,196.09,0.0,0.0,1.0,40.0,1.0,2.0,
205.0,20230101.0,217.27,0.0,0.0,1.0,12.0,1.0,2.0,
205.0,20240801.0,166.26,0.0,0.0,1.0,31.0,1.0,2.0,
205.0,20241101.0,194.17,0.0,0.0,1.0,34.0,1.0,2.0,
205.0,20220501.0,163.84,0.0,0.0,1.0,4.0,1.0,2.0,
205.0,20241001.0,202.26,0.0,0.0,1.0,33.0,1.0,2.0,
205.0,20240601.0,176.14,0.0,0.0,1.0,29.0,1.0,2.0,
205.0,20250301.0,137.59,0.0,0.0,1.0,38.0,1.0,2.0,
205.0,20230201.0,183.25,0.0,0.0,1.0,13.0,1.0,2.0,
205.0,20240201.0,187.72,0.0,0.0,1.0,25.0,1.0,2.0,
205.0,20230101.0,141.77,0.0,0.0,1.0,12.0,1.0,2.0,
205.0,20240301.0,98.5,0.0,0.0,1.0,26.0,1.0,2.0,
205.0,20220401.0,139.02,0.0,0.0,1.0,3.0,1.0,2.0,
205.0,20220601.0,184.01,0.0,0.0,1.0,5.0,1.0,2.0,
205.0,20241201.0,175.56,0.0,0.0,1.0,35.0,1.0,2.0,
205.0,20230801.0,208.94,0.0,0.0,1.0,19.0,1.0,2.0,
205.0,20240901.0,177.56,0.0,0.0,1.0,32.0,1.0,2.0,
205.0,20231201.0,182.76,0.0,0.0,1.0,23.0,1.0,2.0,
205.0,20221001.0,178.41,0.0,0.0,1.0,9.0,1.0,2.0,
205.0,20240101.0,199.29,0.0,0.0,1.0,24.0,1.0,2.0,
205.0,20230501.0,207.23,0.0,0.0,1.0,16.0,1.0,2.0,
205.0,20250601.0,160.28,0.0,0.0,1.0,41.0,1.0,2.0,
205.0,20230901.0,194.33,0.0,0.0,1.0,20.0,1.0,2.0,
205.0,20240401.0,146.44,0.0,0.0,1.0,27.0,1.0,2.0,
205.0,20231101.0,181.73,0.0,0.0,1.0,22.0,1.0,2.0,
205.0,20250201.0,176.39,0.0,0.0,1.0,37.0,1.0,2.0,
205.0,20230601.0,152.15,0.0,0.0,1.0,17.0,1.0,2.0,
205.0,20250401.0,196.1,0.0,0.0,1.0,39.0,1.0,2.0,
205.0,20221201.0,192.89,0.0,0.0,1.0,11.0,1.0,2.0,
205.0,20220301.0,208.04,0.0,0.0,1.0,1.0,1.0,2.0,
205.0,20221101.0,198.75,0.0,0.0,1.0,10.0,1.0,2.0,
205.0,20220201.0,127.76,0.0,0.0,1.0,1.0,1.0,2.0,
205.0,20240101.0,193.02,0.0,0.0,1.0,24.0,1.0,2.0,
205.0,20240501.0,180.88,0.0,0.0,1.0,28.0,1.0,2.0,
205.0,20220101.0,156.67,0.0,0.0,1.0,0.0,1.0,2.0,
205.0,20220901.0,206.94,0.0,0.0,1.0,8.0,1.0,2.0,
206.0,20250101.0,160.34,0.0,0.0,1.0,36.0,1.0,12.0,
206.0,20250101.0,41.85,0.0,0.0,1.0,36.0,1.0,12.0,
206.0,20231001.0,200.37,0.0,0.0,1.0,21.0,1.0,12.0,
206.0,20220101.0,101.09,0.0,0.0,1.0,0.0,1.0,12.0,
206.0,20230401.0,129.58,0.0,0.0,1.0,15.0,1.0,12.0,
206.0,20230301.0,184.46,0.0,0.0,1.0,14.0,1.0,12.0,
206.0,20250501.0,157.08,0.0,0.0,1.0,40.0,1.0,12.0,
206.0,20230101.0,162.81,0.0,0.0,1.0,12.0,1.0,12.0,
206.0,20240801.0,118.65,0.0,0.0,1.0,31.0,1.0,12.0,
206.0,20241101.0,191.72,0.0,0.0,1.0,34.0,1.0,12.0,
206.0,20220501.0,122.21,0.0,0.0,1.0,4.0,1.0,12.0,
206.0,20241001.0,210.46,0.0,0.0,1.0,33.0,1.0,12.0,
206.0,20240601.0,167.19,0.0,0.0,1.0,29.0,1.0,12.0,
206.0,20250301.0,135.77,0.0,0.0,1.0,38.0,1.0,12.0,
206.0,20230201.0,175.74,0.0,0.0,1.0,13.0,1.0,12.0,
206.0,20240201.0,151.71,0.0,0.0,1.0,25.0,1.0,12.0,
206.0,20230101.0,128.42,0.0,0.0,1.0,12.0,1.0,12.0,
206.0,20240301.0,134.63,0.0,0.0,1.0,26.0,1.0,12.0,
206.0,20220401.0,112.62,0.0,0.0,1.0,3.0,1.0,12.0,
206.0,20220601.0,116.96,0.0,0.0,1.0,5.0,1.0,12.0,
206.0,20241201.0,183.55,0.0,0.0,1.0,35.0,1.0,12.0,
206.0,20230801.0,83.25,0.0,0.0,1.0,19.0,1.0,12.0,
206.0,20240901.0,190.18,0.0,0.0,1.0,32.0,1.0,12.0,
206.0,20231201.0,169.47,0.0,0.0,1.0,23.0,1.0,12.0,
206.0,20221001.0,180.03,0.0,0.0,1.0,9.0,1.0,12.0,
206.0,20240101.0,192.85,0.0,0.0,1.0,24.0,1.0,12.0,
206.0,20230501.0,200.33,0.0,0.0,1.0,16.0,1.0,12.0,
206.0,20250601.0,0.0,0.0,0.0,1.0,41.0,1.0,12.0,
206.0,20230901.0,180.29,0.0,0.0,1.0,20.0,1.0,12.0,
206.0,20240401.0,155.5,0.0,0.0,1.0,27.0,1.0,12.0,
206.0,20231101.0,192.97,0.0,0.0,1.0,22.0,1.0,12.0,
206.0,20250201.0,155.75,0.0,0.0,1.0,37.0,1.0,12.0,
206.0,20230601.0,167.74,0.0,0.0,1.0,17.0,1.0,12.0,
206.0,20250401.0,173.02,0.0,0.0,1.0,39.0,1.0,12.0,
206.0,20221201.0,165.35,0.0,0.0,1.0,11.0,1.0,12.0,
206.0,20220301.0,153.15,0.0,0.0,1.0,1.0,1.0,12.0,
206.0,20221101.0,188.77,0.0,0.0,1.0,10.0,1.0,12.0,
206.0,20220201.0,125.34,0.0,0.0,1.0,1.0,1.0,12.0,
206.0,20240101.0,173.41,0.0,0.0,1.0,24.0,1.0,12.0,
206.0,20240501.0,184.14,0.0,0.0,1.0,28.0,1.0,12.0,
206.0,20220101.0,163.35,0.0,0.0,1.0,0.0,1.0,12.0,
206.0,20220901.0,182.24,0.0,0.0,1.0,8.0,1.0,12.0,
207.0,20250101.0,198.35,0.0,0.0,1.0,36.0,2.0,22.0,
207.0,20250101.0,96.18,0.0,0.0,1.0,36.0,2.0,22.0,
207.0,20231001.0,180.26,0.0,0.0,1.0,21.0,2.0,22.0,
207.0,20220101.0,167.85,0.0,0.0,1.0,0.0,2.0,22.0,
207.0,20230401.0,130.47,0.0,0.0,1.0,15.0,2.0,22.0,
207.0,20230301.0,180.73,0.0,0.0,1.0,14.0,2.0,22.0,
207.0,20250501.0,90.76,0.0,0.0,1.0,40.0,2.0,22.0,
207.0,20230101.0,195.06,0.0,0.0,1.0,12.0,2.0,22.0,
207.0,20240801.0,145.92,0.0,0.0,1.0,31.0,2.0,22.0,
207.0,20241101.0,184.7,0.0,0.0,1.0,34.0,2.0,22.0,
207.0,20220501.0,168.66,0.0,0.0,1.0,4.0,2.0,22.0,
207.0,20241001.0,204.4,0.0,0.0,1.0,33.0,2.0,22.0,
207.0,20240601.0,164.24,0.0,0.0,1.0,29.0,2.0,22.0,
207.0,20250301.0,70.68,0.0,0.0,1.0,38.0,2.0,22.0,
207.0,20230201.0,156.66,0.0,0.0,1.0,13.0,2.0,22.0,
207.0,20240201.0,158.68,0.0,0.0,1.0,25.0,2.0,22.0,
207.0,20230101.0,81.61,0.0,0.0,1.0,12.0,2.0,22.0,
207.0,20240301.0,131.34,0.0,0.0,1.0,26.0,2.0,22.0,
207.0,20220401.0,139.57,0.0,0.0,1.0,3.0,2.0,22.0,
207.0,20220601.0,198.98,0.0,0.0,1.0,5.0,2.0,22.0,
207.0,20241201.0,170.43,0.0,0.0,1.0,35.0,2.0,22.0,
207.0,20230801.0,0.0,0.0,0.0,1.0,19.0,2.0,22.0,
207.0,20240901.0,182.88,0.0,0.0,1.0,32.0,2.0,22.0,
207.0,20231201.0,151.98,0.0,0.0,1.0,23.0,2.0,22.0,
207.0,20221001.0,187.16,0.0,0.0,1.0,9.0,2.0,22.0,
207.0,20240101.0,187.7,0.0,0.0,1.0,24.0,2.0,22.0,
207.0,20230501.0,196.93,0.0,0.0,1.0,16.0,2.0,22.0,
207.0,20250601.0,139.78,0.0,0.0,1.0,41.0,2.0,22.0,
207.0,20230901.0,33.04,0.0,0.0,1.0,20.0,2.0,22.0,
207.0,20240401.0,145.89,0.0,0.0,1.0,27.0,2.0,22.0,
207.0,20231101.0,178.06,0.0,0.0,1.0,22.0,2.0,22.0,
207.0,20250201.0,179.5,0.0,0.0,1.0,37.0,2.0,22.0,
207.0,20230601.0,173.17,0.0,0.0,1.0,17.0,2.0,22.0,
207.0,20250401.0,0.0,0.0,0.0,1.0,39.0,2.0,22.0,
207.0,20221201.0,179.83,0.0,0.0,1.0,11.0,2.0,22.0,
207.0,20220301.0,194.62,0.0,0.0,1.0,1.0,2.0,22.0,
207.0,20221101.0,199.7,0.0,0.0,1.0,10.0,2.0,22.0,
207.0,20220201.0,171.34,0.0,0.0,1.0,1.0,2.0,22.0,
207.0,20240101.0,179.01,0.0,0.0,1.0,24.0,2.0,22.0,
207.0,20240501.0,197.66,0.0,0.0,1.0,28.0,2.0,22.0,
207.0,20220101.0,181.83,0.0,0.0,1.0,0.0,2.0,22.0,
207.0,20220901.0,90.72,0.0,0.0,1.0,8.0,2.0,22.0,
208.0,20250101.0,183.37,0.0,0.0,1.0,36.0,1.0,3.0,
208.0,20250101.0,133.47,0.0,0.0,1.0,36.0,1.0,3.0,
208.0,20231001.0,201.55,0.0,0.0,1.0,21.0,1.0,3.0,
208.0,20220101.0,158.48,0.0,0.0,1.0,0.0,1.0,3.0,
208.0,20230401.0,143.11,0.0,0.0,1.0,15.0,1.0,3.0,
208.0,20230301.0,173.89,0.0,0.0,1.0,14.0,1.0,3.0,
208.0,20250501.0,207.25,0.0,0.0,1.0,40.0,1.0,3.0,
208.0,20230101.0,192.57,0.0,0.0,1.0,12.0,1.0,3.0,
208.0,20240801.0,91.92,0.0,0.0,1.0,31.0,1.0,3.0,
208.0,20241101.0,215.2,0.0,0.0,1.0,34.0,1.0,3.0,
208.0,20220501.0,183.65,0.0,0.0,1.0,4.0,1.0,3.0,
208.0,20241001.0,231.01,0.0,0.0,1.0,33.0,1.0,3.0,
208.0,20240601.0,186.31,0.0,0.0,1.0,29.0,1.0,3.0,
208.0,20250301.0,153.79,0.0,0.0,1.0,38.0,1.0,3.0,
208.0,20230201.0,183.06,0.0,0.0,1.0,13.0,1.0,3.0,
208.0,20240201.0,188.04,0.0,0.0,1.0,25.0,1.0,3.0,
208.0,20230101.0,195.2,0.0,0.0,1.0,12.0,1.0,3.0,
208.0,20240301.0,149.49,0.0,0.0,1.0,26.0,1.0,3.0,
208.0,20220401.0,138.93,0.0,0.0,1.0,3.0,1.0,3.0,
208.0,20220601.0,200.02,0.0,0.0,1.0,5.0,1.0,3.0,
208.0,20241201.0,165.62,0.0,0.0,1.0,35.0,1.0,3.0,
208.0,20230801.0,87.56,0.0,0.0,1.0,19.0,1.0,3.0,
208.0,20240901.0,187.05,0.0,0.0,1.0,32.0,1.0,3.0,
208.0,20231201.0,132.4,0.0,0.0,1.0,23.0,1.0,3.0,
208.0,20221001.0,190.81,0.0,0.0,1.0,9.0,1.0,3.0,
208.0,20240101.0,203.87,0.0,0.0,1.0,24.0,1.0,3.0,
208.0,20230501.0,189.06,0.0,0.0,1.0,16.0,1.0,3.0,
208.0,20250601.0,173.41,0.0,0.0,1.0,41.0,1.0,3.0,
208.0,20230901.0,150.08,0.0,0.0,1.0,20.0,1.0,3.0,
208.0,20240401.0,150.94,0.0,0.0,1.0,27.0,1.0,3.0,
208.0,20231101.0,192.88,0.0,0.0,1.0,22.0,1.0,3.0,
208.0,20250201.0,187.12,0.0,0.0,1.0,37.0,1.0,3.0,
208.0,20230601.0,152.07,0.0,0.0,1.0,17.0,1.0,3.0,
208.0,20250401.0,189.95,0.0,0.0,1.0,39.0,1.0,3.0,
208.0,20221201.0,131.1,0.0,0.0,1.0,11.0,1.0,3.0,
208.0,20220301.0,202.54,0.0,0.0,1.0,1.0,1.0,3.0,
208.0,20221101.0,175.97,0.0,0.0,1.0,10.0,1.0,3.0,
208.0,20220201.0,171.96,0.0,0.0,1.0,1.0,1.0,3.0,
208.0,20240101.0,182.3,0.0,0.0,1.0,24.0,1.0,3.0,
208.0,20240501.0,191.92,0.0,0.0,1.0,28.0,1.0,3.0,
208.0,20220101.0,197.02,0.0,0.0,1.0,0.0,1.0,3.0,
208.0,20220901.0,192.1,0.0,0.0,1.0,8.0,1.0,3.0,
209.0,20250101.0,180.77,0.0,0.0,1.0,12.0,1.0,3.0,
209.0,20250101.0,127.86,0.0,0.0,1.0,12.0,1.0,3.0,
209.0,20250501.0,195.72,0.0,0.0,1.0,16.0,1.0,3.0,
209.0,20240801.0,0.0,0.0,0.0,1.0,7.0,1.0,3.0,
209.0,20241101.0,114.24,0.0,0.0,1.0,10.0,1.0,3.0,
209.0,20241001.0,0.0,0.0,0.0,1.0,9.0,1.0,3.0,
209.0,20240601.0,158.45,0.0,0.0,1.0,5.0,1.0,3.0,
209.0,20250301.0,148.2,0.0,0.0,1.0,14.0,1.0,3.0,
209.0,20240201.0,132.95,0.0,0.0,1.0,1.0,1.0,3.0,
209.0,20240301.0,138.02,0.0,0.0,1.0,2.0,1.0,3.0,
209.0,20241201.0,165.05,0.0,0.0,1.0,11.0,1.0,3.0,
209.0,20240101.0,187.74,0.0,0.0,1.0,0.0,1.0,3.0,
209.0,20250601.0,173.24,0.0,0.0,1.0,17.0,1.0,3.0,
209.0,20240401.0,154.66,0.0,0.0,1.0,3.0,1.0,3.0,
209.0,20250201.0,164.92,0.0,0.0,1.0,13.0,1.0,3.0,
209.0,20250401.0,198.21,0.0,0.0,1.0,15.0,1.0,3.0,
209.0,20240101.0,0.0,0.0,0.0,1.0,0.0,1.0,3.0,
209.0,20240501.0,188.54,0.0,0.0,1.0,4.0,1.0,3.0,
512.0,20220101.0,194.93,0.0,0.0,1.0,0.0,1.0,1.0,
512.0,20230301.0,26.38,0.0,0.0,1.0,14.0,1.0,1.0,
512.0,20230101.0,182.49,0.0,0.0,1.0,12.0,1.0,1.0,
512.0,20220501.0,179.68,0.0,0.0,1.0,4.0,1.0,1.0,
512.0,20230201.0,157.06,0.0,0.0,1.0,13.0,1.0,1.0,
512.0,20220401.0,140.64,0.0,0.0,1.0,3.0,1.0,1.0,
512.0,20220601.0,197.98,0.0,0.0,1.0,5.0,1.0,1.0,
512.0,20221001.0,172.42,0.0,0.0,1.0,9.0,1.0,1.0,
512.0,20221201.0,145.86,0.0,0.0,1.0,11.0,1.0,1.0,
512.0,20220301.0,187.1,0.0,0.0,1.0,1.0,1.0,1.0,
512.0,20221101.0,190.62,0.0,0.0,1.0,10.0,1.0,1.0,
512.0,20220201.0,178.64,0.0,0.0,1.0,1.0,1.0,1.0,
512.0,20220101.0,152.24,0.0,0.0,1.0,0.0,1.0,1.0,
512.0,20220901.0,187.42,0.0,0.0,1.0,8.0,1.0,1.0,
513.0,20220101.0,144.0,0.0,0.0,1.0,0.0,3.0,17.0,
513.0,20230301.0,27.0,0.0,0.0,1.0,14.0,3.0,17.0,
513.0,20230101.0,198.0,0.0,0.0,1.0,12.0,3.0,17.0,
513.0,20220501.0,180.0,0.0,0.0,1.0,4.0,3.0,17.0,
513.0,20230201.0,171.0,0.0,0.0,1.0,13.0,3.0,17.0,
513.0,20220401.0,149.0,0.0,0.0,1.0,3.0,3.0,17.0,
513.0,20220601.0,198.0,0.0,0.0,1.0,5.0,3.0,17.0,
513.0,20221001.0,189.0,0.0,0.0,1.0,9.0,3.0,17.0,
513.0,20221201.0,153.0,0.0,0.0,1.0,11.0,3.0,17.0,
513.0,20220301.0,189.0,0.0,0.0,1.0,1.0,3.0,17.0,
513.0,20221101.0,198.0,0.0,0.0,1.0,10.0,3.0,17.0,
513.0,20220201.0,180.0,0.0,0.0,1.0,1.0,3.0,17.0,
513.0,20220101.0,189.0,0.0,0.0,1.0,0.0,3.0,17.0,
513.0,20220901.0,198.0,0.0,0.0,1.0,8.0,3.0,17.0,
424.0,20231001.0,198.0,0.0,0.0,1.0,21.0,3.0,13.0,
424.0,20220101.0,144.0,0.0,0.0,1.0,0.0,3.0,13.0,
424.0,20230401.0,129.5,0.0,0.0,1.0,15.0,3.0,13.0,
424.0,20230301.0,180.5,0.0,0.0,1.0,14.0,3.0,13.0,
424.0,20230101.0,198.0,0.0,0.0,1.0,12.0,3.0,13.0,
424.0,20220501.0,180.0,0.0,0.0,1.0,4.0,3.0,13.0,
424.0,20240601.0,0.0,0.0,0.0,1.0,29.0,3.0,13.0,
424.0,20230201.0,153.0,0.0,0.0,1.0,13.0,3.0,13.0,
424.0,20240201.0,189.0,0.0,0.0,1.0,25.0,3.0,13.0,
424.0,20230101.0,135.0,0.0,0.0,1.0,12.0,3.0,13.0,
424.0,20240301.0,107.5,0.0,0.0,1.0,26.0,3.0,13.0,
424.0,20220401.0,149.0,0.0,0.0,1.0,3.0,3.0,13.0,
424.0,20220601.0,198.0,0.0,0.0,1.0,5.0,3.0,13.0,
424.0,20230801.0,117.0,0.0,0.0,1.0,19.0,3.0,13.0,
424.0,20231201.0,126.0,0.0,0.0,1.0,23.0,3.0,13.0,
424.0,20221001.0,184.5,0.0,0.0,1.0,9.0,3.0,13.0,
424.0,20230501.0,198.0,0.0,0.0,1.0,16.0,3.0,13.0,
424.0,20230901.0,171.0,0.0,0.0,1.0,20.0,3.0,13.0,
424.0,20240401.0,109.5,0.0,0.0,1.0,27.0,3.0,13.0,
424.0,20231101.0,198.0,0.0,0.0,1.0,22.0,3.0,13.0,
424.0,20230601.0,169.0,0.0,0.0,1.0,17.0,3.0,13.0,
424.0,20221201.0,153.0,0.0,0.0,1.0,11.0,3.0,13.0,
424.0,20220301.0,207.0,0.0,0.0,1.0,1.0,3.0,13.0,
424.0,20221101.0,198.0,0.0,0.0,1.0,10.0,3.0,13.0,
424.0,20220201.0,180.0,0.0,0.0,1.0,1.0,3.0,13.0,
424.0,20240101.0,162.0,0.0,0.0,1.0,24.0,3.0,13.0,
424.0,20240501.0,135.0,0.0,0.0,1.0,28.0,3.0,13.0,
424.0,20220101.0,189.0,0.0,0.0,1.0,0.0,3.0,13.0,
424.0,20220901.0,193.5,0.0,0.0,1.0,8.0,3.0,13.0,
210.0,20250101.0,180.0,0.0,0.0,1.0,36.0,3.0,14.0,
210.0,20250101.0,126.0,0.0,0.0,1.0,36.0,3.0,14.0,
210.0,20231001.0,198.0,0.0,0.0,1.0,21.0,3.0,14.0,
210.0,20220101.0,144.0,0.0,0.0,1.0,0.0,3.0,14.0,
210.0,20230401.0,129.5,0.0,0.0,1.0,15.0,3.0,14.0,
210.0,20230301.0,180.5,0.0,0.0,1.0,14.0,3.0,14.0,
210.0,20250501.0,180.0,0.0,0.0,1.0,40.0,3.0,14.0,
210.0,20230101.0,198.0,0.0,0.0,1.0,12.0,3.0,14.0,
210.0,20240801.0,135.0,0.0,0.0,1.0,31.0,3.0,14.0,
210.0,20241101.0,180.0,0.0,0.0,1.0,34.0,3.0,14.0,
210.0,20220501.0,180.0,0.0,0.0,1.0,4.0,3.0,14.0,
210.0,20241001.0,207.0,0.0,0.0,1.0,33.0,3.0,14.0,
210.0,20240601.0,171.0,0.0,0.0,1.0,29.0,3.0,14.0,
210.0,20250301.0,133.0,0.0,0.0,1.0,38.0,3.0,14.0,
210.0,20230201.0,180.0,0.0,0.0,1.0,13.0,3.0,14.0,
210.0,20240201.0,189.0,0.0,0.0,1.0,25.0,3.0,14.0,
210.0,20230101.0,171.0,0.0,0.0,1.0,12.0,3.0,14.0,
210.0,20240301.0,145.0,0.0,0.0,1.0,26.0,3.0,14.0,
210.0,20220401.0,149.0,0.0,0.0,1.0,3.0,3.0,14.0,
210.0,20220601.0,198.0,0.0,0.0,1.0,5.0,3.0,14.0,
210.0,20241201.0,126.0,0.0,0.0,1.0,35.0,3.0,14.0,
210.0,20230801.0,126.0,0.0,0.0,1.0,19.0,3.0,14.0,
210.0,20240901.0,189.0,0.0,0.0,1.0,32.0,3.0,14.0,
210.0,20231201.0,126.0,0.0,0.0,1.0,23.0,3.0,14.0,
210.0,20221001.0,189.0,0.0,0.0,1.0,9.0,3.0,14.0,
210.0,20240101.0,153.0,0.0,0.0,1.0,24.0,3.0,14.0,
210.0,20230501.0,198.0,0.0,0.0,1.0,16.0,3.0,14.0,
210.0,20250601.0,177.0,0.0,0.0,1.0,41.0,3.0,14.0,
210.0,20230901.0,180.0,0.0,0.0,1.0,20.0,3.0,14.0,
210.0,20240401.0,140.5,0.0,0.0,1.0,27.0,3.0,14.0,
210.0,20231101.0,198.0,0.0,0.0,1.0,22.0,3.0,14.0,
210.0,20250201.0,180.0,0.0,0.0,1.0,37.0,3.0,14.0,
210.0,20230601.0,160.0,0.0,0.0,1.0,17.0,3.0,14.0,
210.0,20250401.0,180.0,0.0,0.0,1.0,39.0,3.0,14.0,
210.0,20221201.0,135.0,0.0,0.0,1.0,11.0,3.0,14.0,
210.0,20220301.0,207.0,0.0,0.0,1.0,1.0,3.0,14.0,
210.0,20221101.0,198.0,0.0,0.0,1.0,10.0,3.0,14.0,
210.0,20220201.0,180.0,0.0,0.0,1.0,1.0,3.0,14.0,
210.0,20240101.0,162.0,0.0,0.0,1.0,24.0,3.0,14.0,
210.0,20240501.0,198.0,0.0,0.0,1.0,28.0,3.0,14.0,
210.0,20220101.0,189.0,0.0,0.0,1.0,0.0,3.0,14.0,
210.0,20220901.0,198.0,0.0,0.0,1.0,8.0,3.0,14.0,
211.0,20250101.0,194.34,0.0,0.0,1.0,36.0,1.0,3.0,
211.0,20250101.0,153.1,0.0,0.0,1.0,36.0,1.0,3.0,
211.0,20231001.0,185.02,0.0,0.0,1.0,21.0,1.0,3.0,
211.0,20220101.0,171.13,0.0,0.0,1.0,0.0,1.0,3.0,
211.0,20230401.0,130.95,0.0,0.0,1.0,15.0,1.0,3.0,
211.0,20230301.0,182.15,0.0,0.0,1.0,14.0,1.0,3.0,
211.0,20250501.0,211.5,0.0,0.0,1.0,40.0,1.0,3.0,
211.0,20230101.0,222.2,0.0,0.0,1.0,12.0,1.0,3.0,
211.0,20240801.0,109.95,0.0,0.0,1.0,31.0,1.0,3.0,
211.0,20241101.0,192.63,0.0,0.0,1.0,34.0,1.0,3.0,
211.0,20220501.0,162.57,0.0,0.0,1.0,4.0,1.0,3.0,
211.0,20241001.0,234.14,0.0,0.0,1.0,33.0,1.0,3.0,
211.0,20240601.0,180.08,0.0,0.0,1.0,29.0,1.0,3.0,
211.0,20250301.0,148.48,0.0,0.0,1.0,38.0,1.0,3.0,
211.0,20230201.0,181.56,0.0,0.0,1.0,13.0,1.0,3.0,
211.0,20240201.0,172.7,0.0,0.0,1.0,25.0,1.0,3.0,
211.0,20230101.0,173.77,0.0,0.0,1.0,12.0,1.0,3.0,
211.0,20240301.0,121.38,0.0,0.0,1.0,26.0,1.0,3.0,
211.0,20220401.0,140.99,0.0,0.0,1.0,3.0,1.0,3.0,
211.0,20220601.0,187.41,0.0,0.0,1.0,5.0,1.0,3.0,
211.0,20241201.0,161.78,0.0,0.0,1.0,35.0,1.0,3.0,
211.0,20230801.0,105.68,0.0,0.0,1.0,19.0,1.0,3.0,
211.0,20240901.0,190.14,0.0,0.0,1.0,32.0,1.0,3.0,
211.0,20231201.0,130.79,0.0,0.0,1.0,23.0,1.0,3.0,
211.0,20221001.0,189.18,0.0,0.0,1.0,9.0,1.0,3.0,
211.0,20240101.0,207.01,0.0,0.0,1.0,24.0,1.0,3.0,
211.0,20230501.0,185.57,0.0,0.0,1.0,16.0,1.0,3.0,
211.0,20250601.0,172.72,0.0,0.0,1.0,41.0,1.0,3.0,
211.0,20230901.0,180.29,0.0,0.0,1.0,20.0,1.0,3.0,
211.0,20240401.0,163.27,0.0,0.0,1.0,27.0,1.0,3.0,
211.0,20231101.0,191.2,0.0,0.0,1.0,22.0,1.0,3.0,
211.0,20250201.0,202.83,0.0,0.0,1.0,37.0,1.0,3.0,
211.0,20230601.0,170.22,0.0,0.0,1.0,17.0,1.0,3.0,
211.0,20250401.0,207.31,0.0,0.0,1.0,39.0,1.0,3.0,
211.0,20221201.0,117.56,0.0,0.0,1.0,11.0,1.0,3.0,
211.0,20220301.0,202.46,0.0,0.0,1.0,1.0,1.0,3.0,
211.0,20221101.0,187.82,0.0,0.0,1.0,10.0,1.0,3.0,
211.0,20220201.0,170.88,0.0,0.0,1.0,1.0,1.0,3.0,
211.0,20240101.0,189.66,0.0,0.0,1.0,24.0,1.0,3.0,
211.0,20240501.0,203.57,0.0,0.0,1.0,28.0,1.0,3.0,
211.0,20220101.0,192.45,0.0,0.0,1.0,0.0,1.0,3.0,
211.0,20220901.0,196.8,0.0,0.0,1.0,8.0,1.0,3.0,
212.0,20250101.0,193.86,0.0,0.0,1.0,36.0,1.0,3.0,
212.0,20250101.0,124.56,0.0,0.0,1.0,36.0,1.0,3.0,
212.0,20231001.0,203.04,0.0,0.0,1.0,21.0,1.0,3.0,
212.0,20220101.0,146.29,0.0,0.0,1.0,0.0,1.0,3.0,
212.0,20230401.0,132.62,0.0,0.0,1.0,15.0,1.0,3.0,
212.0,20230301.0,164.29,0.0,0.0,1.0,14.0,1.0,3.0,
212.0,20250501.0,166.38,0.0,0.0,1.0,40.0,1.0,3.0,
212.0,20230101.0,197.73,0.0,0.0,1.0,12.0,1.0,3.0,
212.0,20240801.0,75.57,0.0,0.0,1.0,31.0,1.0,3.0,
212.0,20241101.0,188.06,0.0,0.0,1.0,34.0,1.0,3.0,
212.0,20220501.0,160.63,0.0,0.0,1.0,4.0,1.0,3.0,
212.0,20241001.0,214.24,0.0,0.0,1.0,33.0,1.0,3.0,
212.0,20240601.0,168.73,0.0,0.0,1.0,29.0,1.0,3.0,
212.0,20250301.0,136.96,0.0,0.0,1.0,38.0,1.0,3.0,
212.0,20230201.0,173.44,0.0,0.0,1.0,13.0,1.0,3.0,
212.0,20240201.0,173.51,0.0,0.0,1.0,25.0,1.0,3.0,
212.0,20230101.0,162.65,0.0,0.0,1.0,12.0,1.0,3.0,
212.0,20240301.0,146.33,0.0,0.0,1.0,26.0,1.0,3.0,
212.0,20220401.0,136.06,0.0,0.0,1.0,3.0,1.0,3.0,
212.0,20220601.0,162.22,0.0,0.0,1.0,5.0,1.0,3.0,
212.0,20241201.0,127.34,0.0,0.0,1.0,35.0,1.0,3.0,
212.0,20230801.0,89.43,0.0,0.0,1.0,19.0,1.0,3.0,
212.0,20240901.0,187.93,0.0,0.0,1.0,32.0,1.0,3.0,
212.0,20231201.0,135.35,0.0,0.0,1.0,23.0,1.0,3.0,
212.0,20221001.0,167.11,0.0,0.0,1.0,9.0,1.0,3.0,
212.0,20240101.0,37.07,0.0,0.0,1.0,24.0,1.0,3.0,
212.0,20230501.0,187.21,0.0,0.0,1.0,16.0,1.0,3.0,
212.0,20250601.0,185.0,0.0,0.0,1.0,41.0,1.0,3.0,
212.0,20230901.0,154.62,0.0,0.0,1.0,20.0,1.0,3.0,
212.0,20240401.0,160.28,0.0,0.0,1.0,27.0,1.0,3.0,
212.0,20231101.0,183.58,0.0,0.0,1.0,22.0,1.0,3.0,
212.0,20250201.0,169.52,0.0,0.0,1.0,37.0,1.0,3.0,
212.0,20230601.0,157.56,0.0,0.0,1.0,17.0,1.0,3.0,
212.0,20250401.0,175.13,0.0,0.0,1.0,39.0,1.0,3.0,
212.0,20221201.0,127.19,0.0,0.0,1.0,11.0,1.0,3.0,
212.0,20220301.0,172.57,0.0,0.0,1.0,1.0,1.0,3.0,
212.0,20221101.0,170.22,0.0,0.0,1.0,10.0,1.0,3.0,
212.0,20220201.0,151.78,0.0,0.0,1.0,1.0,1.0,3.0,
212.0,20240101.0,167.18,0.0,0.0,1.0,24.0,1.0,3.0,
212.0,20240501.0,173.97,0.0,0.0,1.0,28.0,1.0,3.0,
212.0,20220101.0,138.26,0.0,0.0,1.0,0.0,1.0,3.0,
212.0,20220901.0,162.29,0.0,0.0,1.0,8.0,1.0,3.0,
514.0,20220101.0,171.0,0.0,0.0,1.0,0.0,3.0,14.0,
514.0,20230301.0,0.0,0.0,0.0,1.0,14.0,3.0,14.0,
514.0,20230101.0,198.0,0.0,0.0,1.0,12.0,3.0,14.0,
514.0,20220501.0,162.0,0.0,0.0,1.0,4.0,3.0,14.0,
514.0,20230201.0,99.0,0.0,0.0,1.0,13.0,3.0,14.0,
514.0,20220401.0,149.0,0.0,0.0,1.0,3.0,3.0,14.0,
514.0,20220601.0,0.0,0.0,0.0,1.0,5.0,3.0,14.0,
514.0,20221001.0,189.0,0.0,0.0,1.0,9.0,3.0,14.0,
514.0,20221201.0,153.0,0.0,0.0,1.0,11.0,3.0,14.0,
514.0,20220301.0,207.0,0.0,0.0,1.0,1.0,3.0,14.0,
514.0,20221101.0,153.0,0.0,0.0,1.0,10.0,3.0,14.0,
514.0,20220201.0,135.0,0.0,0.0,1.0,1.0,3.0,14.0,
514.0,20220101.0,189.0,0.0,0.0,1.0,0.0,3.0,14.0,
514.0,20220901.0,198.0,0.0,0.0,1.0,8.0,3.0,14.0,
613.0,20220101.0,65.13,0.0,0.0,1.0,0.0,1.0,22.0,
213.0,20250101.0,194.48,0.0,0.0,1.0,36.0,1.0,3.0,
213.0,20250101.0,143.5,0.0,0.0,1.0,36.0,1.0,3.0,
213.0,20231001.0,192.05,0.0,0.0,1.0,21.0,1.0,3.0,
213.0,20220101.0,38.62,0.0,0.0,1.0,0.0,1.0,3.0,
213.0,20230401.0,123.16,0.0,0.0,1.0,15.0,1.0,3.0,
213.0,20230301.0,162.31,0.0,0.0,1.0,14.0,1.0,3.0,
213.0,20250501.0,154.93,0.0,0.0,1.0,40.0,1.0,3.0,
213.0,20230101.0,160.25,0.0,0.0,1.0,12.0,1.0,3.0,
213.0,20240801.0,90.38,0.0,0.0,1.0,31.0,1.0,3.0,
213.0,20241101.0,205.57,0.0,0.0,1.0,34.0,1.0,3.0,
213.0,20220501.0,173.19,0.0,0.0,1.0,4.0,1.0,3.0,
213.0,20241001.0,224.48,0.0,0.0,1.0,33.0,1.0,3.0,
213.0,20240601.0,183.65,0.0,0.0,1.0,29.0,1.0,3.0,
213.0,20250301.0,156.32,0.0,0.0,1.0,38.0,1.0,3.0,
213.0,20230201.0,152.52,0.0,0.0,1.0,13.0,1.0,3.0,
213.0,20240201.0,183.66,0.0,0.0,1.0,25.0,1.0,3.0,
213.0,20230101.0,180.96,0.0,0.0,1.0,12.0,1.0,3.0,
213.0,20240301.0,143.42,0.0,0.0,1.0,26.0,1.0,3.0,
213.0,20220401.0,128.37,0.0,0.0,1.0,3.0,1.0,3.0,
213.0,20220601.0,180.96,0.0,0.0,1.0,5.0,1.0,3.0,
213.0,20241201.0,154.7,0.0,0.0,1.0,35.0,1.0,3.0,
213.0,20230801.0,79.68,0.0,0.0,1.0,19.0,1.0,3.0,
213.0,20240901.0,193.91,0.0,0.0,1.0,32.0,1.0,3.0,
213.0,20231201.0,142.41,0.0,0.0,1.0,23.0,1.0,3.0,
213.0,20221001.0,139.83,0.0,0.0,1.0,9.0,1.0,3.0,
213.0,20240101.0,205.75,0.0,0.0,1.0,24.0,1.0,3.0,
213.0,20230501.0,185.89,0.0,0.0,1.0,16.0,1.0,3.0,
213.0,20250601.0,186.28,0.0,0.0,1.0,41.0,1.0,3.0,
213.0,20230901.0,188.8,0.0,0.0,1.0,20.0,1.0,3.0,
213.0,20240401.0,163.56,0.0,0.0,1.0,27.0,1.0,3.0,
213.0,20231101.0,189.21,0.0,0.0,1.0,22.0,1.0,3.0,
213.0,20250201.0,161.42,0.0,0.0,1.0,37.0,1.0,3.0,
213.0,20230601.0,172.45,0.0,0.0,1.0,17.0,1.0,3.0,
213.0,20250401.0,198.23,0.0,0.0,1.0,39.0,1.0,3.0,
213.0,20221201.0,98.96,0.0,0.0,1.0,11.0,1.0,3.0,
213.0,20220301.0,179.65,0.0,0.0,1.0,1.0,1.0,3.0,
213.0,20221101.0,165.23,0.0,0.0,1.0,10.0,1.0,3.0,
213.0,20220201.0,186.44,0.0,0.0,1.0,1.0,1.0,3.0,
213.0,20240101.0,195.95,0.0,0.0,1.0,24.0,1.0,3.0,
213.0,20240501.0,197.16,0.0,0.0,1.0,28.0,1.0,3.0,
213.0,20220101.0,135.18,0.0,0.0,1.0,0.0,1.0,3.0,
213.0,20220901.0,0.0,0.0,0.0,1.0,8.0,1.0,3.0,
425.0,20231001.0,217.98,0.0,0.0,1.0,21.0,1.0,11.0,
425.0,20220101.0,150.42,0.0,0.0,1.0,0.0,1.0,11.0,
425.0,20230401.0,137.5,0.0,0.0,1.0,15.0,1.0,11.0,
425.0,20230301.0,172.15,0.0,0.0,1.0,14.0,1.0,11.0,
425.0,20230101.0,155.12,0.0,0.0,1.0,12.0,1.0,11.0,
425.0,20220501.0,136.01,0.0,0.0,1.0,4.0,1.0,11.0,
425.0,20230201.0,182.94,0.0,0.0,1.0,13.0,1.0,11.0,
425.0,20230101.0,200.52,0.0,0.0,1.0,12.0,1.0,11.0,
425.0,20220401.0,156.0,0.0,0.0,1.0,3.0,1.0,11.0,
425.0,20220601.0,198.32,0.0,0.0,1.0,5.0,1.0,11.0,
425.0,20230801.0,202.07,0.0,0.0,1.0,19.0,1.0,11.0,
425.0,20231201.0,204.77,0.0,0.0,1.0,23.0,1.0,11.0,
425.0,20221001.0,189.2,0.0,0.0,1.0,9.0,1.0,11.0,
425.0,20230501.0,191.34,0.0,0.0,1.0,16.0,1.0,11.0,
425.0,20230901.0,175.57,0.0,0.0,1.0,20.0,1.0,11.0,
425.0,20231101.0,199.07,0.0,0.0,1.0,22.0,1.0,11.0,
425.0,20230601.0,181.32,0.0,0.0,1.0,17.0,1.0,11.0,
425.0,20221201.0,197.54,0.0,0.0,1.0,11.0,1.0,11.0,
425.0,20220301.0,219.77,0.0,0.0,1.0,1.0,1.0,11.0,
425.0,20221101.0,187.94,0.0,0.0,1.0,10.0,1.0,11.0,
425.0,20220201.0,184.6,0.0,0.0,1.0,1.0,1.0,11.0,
425.0,20240101.0,37.02,0.0,0.0,1.0,24.0,1.0,11.0,
425.0,20220101.0,185.83,0.0,0.0,1.0,0.0,1.0,11.0,
425.0,20220901.0,221.77,0.0,0.0,1.0,8.0,1.0,11.0,
426.0,20231001.0,135.0,0.0,0.0,1.0,21.0,3.0,14.0,
426.0,20220101.0,144.0,0.0,0.0,1.0,0.0,3.0,14.0,
426.0,20230401.0,36.0,0.0,0.0,1.0,15.0,3.0,14.0,
426.0,20230301.0,0.0,0.0,0.0,1.0,14.0,3.0,14.0,
426.0,20230101.0,171.0,0.0,0.0,1.0,12.0,3.0,14.0,
426.0,20240801.0,144.0,0.0,0.0,1.0,31.0,3.0,14.0,
426.0,20241101.0,135.0,0.0,0.0,1.0,34.0,3.0,14.0,
426.0,20220501.0,180.0,0.0,0.0,1.0,4.0,3.0,14.0,
426.0,20241001.0,207.0,0.0,0.0,1.0,33.0,3.0,14.0,
426.0,20240601.0,162.0,0.0,0.0,1.0,29.0,3.0,14.0,
426.0,20230201.0,9.0,0.0,0.0,1.0,13.0,3.0,14.0,
426.0,20240201.0,180.0,0.0,0.0,1.0,25.0,3.0,14.0,
426.0,20230101.0,135.0,0.0,0.0,1.0,12.0,3.0,14.0,
426.0,20240301.0,138.5,0.0,0.0,1.0,26.0,3.0,14.0,
426.0,20220401.0,149.0,0.0,0.0,1.0,3.0,3.0,14.0,
426.0,20220601.0,198.0,0.0,0.0,1.0,5.0,3.0,14.0,
426.0,20241201.0,0.0,0.0,0.0,1.0,35.0,3.0,14.0,
426.0,20230801.0,207.0,0.0,0.0,1.0,19.0,3.0,14.0,
426.0,20240901.0,180.0,0.0,0.0,1.0,32.0,3.0,14.0,
426.0,20231201.0,185.5,0.0,0.0,1.0,23.0,3.0,14.0,
426.0,20221001.0,189.0,0.0,0.0,1.0,9.0,3.0,14.0,
426.0,20240101.0,171.0,0.0,0.0,1.0,24.0,3.0,14.0,
426.0,20230501.0,198.0,0.0,0.0,1.0,16.0,3.0,14.0,
426.0,20230901.0,171.0,0.0,0.0,1.0,20.0,3.0,14.0,
426.0,20240401.0,122.5,0.0,0.0,1.0,27.0,3.0,14.0,
426.0,20231101.0,153.0,0.0,0.0,1.0,22.0,3.0,14.0,
426.0,20230601.0,151.0,0.0,0.0,1.0,17.0,3.0,14.0,
426.0,20221201.0,153.0,0.0,0.0,1.0,11.0,3.0,14.0,
426.0,20220301.0,180.0,0.0,0.0,1.0,1.0,3.0,14.0,
426.0,20221101.0,198.0,0.0,0.0,1.0,10.0,3.0,14.0,
426.0,20220201.0,180.0,0.0,0.0,1.0,1.0,3.0,14.0,
426.0,20240101.0,162.0,0.0,0.0,1.0,24.0,3.0,14.0,
426.0,20240501.0,198.0,0.0,0.0,1.0,28.0,3.0,14.0,
426.0,20220101.0,162.0,0.0,0.0,1.0,0.0,3.0,14.0,
426.0,20220901.0,198.0,0.0,0.0,1.0,8.0,3.0,14.0,
214.0,20250101.0,202.15,0.0,0.0,1.0,36.0,1.0,1.0,
214.0,20250101.0,0.0,0.0,0.0,1.0,36.0,1.0,1.0,
214.0,20231001.0,200.19,0.0,0.0,1.0,21.0,1.0,1.0,
214.0,20220101.0,200.94,0.0,0.0,1.0,0.0,1.0,1.0,
214.0,20230401.0,137.05,0.0,0.0,1.0,15.0,1.0,1.0,
214.0,20230301.0,187.49,0.0,0.0,1.0,14.0,1.0,1.0,
214.0,20250501.0,184.69,0.0,0.0,1.0,40.0,1.0,1.0,
214.0,20230101.0,203.21,0.0,0.0,1.0,12.0,1.0,1.0,
214.0,20240801.0,95.68,0.0,0.0,1.0,31.0,1.0,1.0,
214.0,20241101.0,181.41,0.0,0.0,1.0,34.0,1.0,1.0,
214.0,20220501.0,174.59,0.0,0.0,1.0,4.0,1.0,1.0,
214.0,20241001.0,226.91,0.0,0.0,1.0,33.0,1.0,1.0,
214.0,20240601.0,191.67,0.0,0.0,1.0,29.0,1.0,1.0,
214.0,20250301.0,135.87,0.0,0.0,1.0,38.0,1.0,1.0,
214.0,20230201.0,190.8,0.0,0.0,1.0,13.0,1.0,1.0,
214.0,20240201.0,183.46,0.0,0.0,1.0,25.0,1.0,1.0,
214.0,20230101.0,184.71,0.0,0.0,1.0,12.0,1.0,1.0,
214.0,20240301.0,130.95,0.0,0.0,1.0,26.0,1.0,1.0,
214.0,20220401.0,149.1,0.0,0.0,1.0,3.0,1.0,1.0,
214.0,20220601.0,211.65,0.0,0.0,1.0,5.0,1.0,1.0,
214.0,20241201.0,175.16,0.0,0.0,1.0,35.0,1.0,1.0,
214.0,20230801.0,105.89,0.0,0.0,1.0,19.0,1.0,1.0,
214.0,20240901.0,196.89,0.0,0.0,1.0,32.0,1.0,1.0,
214.0,20231201.0,168.2,0.0,0.0,1.0,23.0,1.0,1.0,
214.0,20221001.0,199.8,0.0,0.0,1.0,9.0,1.0,1.0,
214.0,20240101.0,226.32,0.0,0.0,1.0,24.0,1.0,1.0,
214.0,20230501.0,213.05,0.0,0.0,1.0,16.0,1.0,1.0,
214.0,20250601.0,65.87,0.0,0.0,1.0,41.0,1.0,1.0,
214.0,20230901.0,195.81,0.0,0.0,1.0,20.0,1.0,1.0,
214.0,20240401.0,119.09,0.0,0.0,1.0,27.0,1.0,1.0,
214.0,20231101.0,216.2,0.0,0.0,1.0,22.0,1.0,1.0,
214.0,20250201.0,194.86,0.0,0.0,1.0,37.0,1.0,1.0,
214.0,20230601.0,175.95,0.0,0.0,1.0,17.0,1.0,1.0,
214.0,20250401.0,196.81,0.0,0.0,1.0,39.0,1.0,1.0,
214.0,20221201.0,172.55,0.0,0.0,1.0,11.0,1.0,1.0,
214.0,20220301.0,169.78,0.0,0.0,1.0,1.0,1.0,1.0,
214.0,20221101.0,180.07,0.0,0.0,1.0,10.0,1.0,1.0,
214.0,20220201.0,172.61,0.0,0.0,1.0,1.0,1.0,1.0,
214.0,20240101.0,200.82,0.0,0.0,1.0,24.0,1.0,1.0,
214.0,20240501.0,228.44,0.0,0.0,1.0,28.0,1.0,1.0,
214.0,20220101.0,201.38,0.0,0.0,1.0,0.0,1.0,1.0,
214.0,20220901.0,222.52,0.0,0.0,1.0,8.0,1.0,1.0,
600.0,20220301.0,56.2,0.0,0.0,1.0,1.0,1.0,22.0,
600.0,20220201.0,157.12,0.0,0.0,1.0,1.0,1.0,22.0,
600.0,20220101.0,139.89,0.0,0.0,1.0,0.0,1.0,22.0,
215.0,20250101.0,189.91,0.0,0.0,1.0,36.0,1.0,3.0,
215.0,20250101.0,138.82,0.0,0.0,1.0,36.0,1.0,3.0,
215.0,20231001.0,203.22,0.0,0.0,1.0,21.0,1.0,3.0,
215.0,20220101.0,172.39,0.0,0.0,1.0,0.0,1.0,3.0,
215.0,20230401.0,80.64,0.0,0.0,1.0,15.0,1.0,3.0,
215.0,20230301.0,175.87,0.0,0.0,1.0,14.0,1.0,3.0,
215.0,20250501.0,191.2,0.0,0.0,1.0,40.0,1.0,3.0,
215.0,20230101.0,198.65,0.0,0.0,1.0,12.0,1.0,3.0,
215.0,20240801.0,90.42,0.0,0.0,1.0,31.0,1.0,3.0,
215.0,20241101.0,217.35,0.0,0.0,1.0,34.0,1.0,3.0,
215.0,20220501.0,143.9,0.0,0.0,1.0,4.0,1.0,3.0,
215.0,20241001.0,212.06,0.0,0.0,1.0,33.0,1.0,3.0,
215.0,20240601.0,175.88,0.0,0.0,1.0,29.0,1.0,3.0,
215.0,20250301.0,153.06,0.0,0.0,1.0,38.0,1.0,3.0,
215.0,20230201.0,188.33,0.0,0.0,1.0,13.0,1.0,3.0,
215.0,20240201.0,166.36,0.0,0.0,1.0,25.0,1.0,3.0,
215.0,20230101.0,116.59,0.0,0.0,1.0,12.0,1.0,3.0,
215.0,20240301.0,147.47,0.0,0.0,1.0,26.0,1.0,3.0,
215.0,20220401.0,144.11,0.0,0.0,1.0,3.0,1.0,3.0,
215.0,20220601.0,182.5,0.0,0.0,1.0,5.0,1.0,3.0,
215.0,20241201.0,154.67,0.0,0.0,1.0,35.0,1.0,3.0,
215.0,20230801.0,36.17,0.0,0.0,1.0,19.0,1.0,3.0,
215.0,20240901.0,194.04,0.0,0.0,1.0,32.0,1.0,3.0,
215.0,20231201.0,142.94,0.0,0.0,1.0,23.0,1.0,3.0,
215.0,20221001.0,179.24,0.0,0.0,1.0,9.0,1.0,3.0,
215.0,20240101.0,200.12,0.0,0.0,1.0,24.0,1.0,3.0,
215.0,20230501.0,188.85,0.0,0.0,1.0,16.0,1.0,3.0,
215.0,20250601.0,185.22,0.0,0.0,1.0,41.0,1.0,3.0,
215.0,20230901.0,188.59,0.0,0.0,1.0,20.0,1.0,3.0,
215.0,20240401.0,160.18,0.0,0.0,1.0,27.0,1.0,3.0,
215.0,20231101.0,199.11,0.0,0.0,1.0,22.0,1.0,3.0,
215.0,20250201.0,191.34,0.0,0.0,1.0,37.0,1.0,3.0,
215.0,20230601.0,176.35,0.0,0.0,1.0,17.0,1.0,3.0,
215.0,20250401.0,195.89,0.0,0.0,1.0,39.0,1.0,3.0,
215.0,20221201.0,129.54,0.0,0.0,1.0,11.0,1.0,3.0,
215.0,20220301.0,191.78,0.0,0.0,1.0,1.0,1.0,3.0,
215.0,20221101.0,178.11,0.0,0.0,1.0,10.0,1.0,3.0,
215.0,20220201.0,163.07,0.0,0.0,1.0,1.0,1.0,3.0,
215.0,20240101.0,185.81,0.0,0.0,1.0,24.0,1.0,3.0,
215.0,20240501.0,195.25,0.0,0.0,1.0,28.0,1.0,3.0,
215.0,20220101.0,191.68,0.0,0.0,1.0,0.0,1.0,3.0,
215.0,20220901.0,182.45,0.0,0.0,1.0,8.0,1.0,3.0,
374.0,20250101.0,152.52,0.0,0.0,1.0,0.0,1.0,8.0,
374.0,20250601.0,62.0,0.0,0.0,1.0,5.0,1.0,8.0,
606.0,20220201.0,36.0,0.0,0.0,1.0,1.0,3.0,14.0,
606.0,20220101.0,135.0,0.0,0.0,1.0,0.0,3.0,14.0,
427.0,20231001.0,198.0,0.0,0.0,1.0,21.0,3.0,14.0,
427.0,20220101.0,144.0,0.0,0.0,1.0,0.0,3.0,14.0,
427.0,20230401.0,129.5,0.0,0.0,1.0,15.0,3.0,14.0,
427.0,20230301.0,156.0,0.0,0.0,1.0,14.0,3.0,14.0,
427.0,20230101.0,180.0,0.0,0.0,1.0,12.0,3.0,14.0,
427.0,20220501.0,180.0,0.0,0.0,1.0,4.0,3.0,14.0,
427.0,20230201.0,180.0,0.0,0.0,1.0,13.0,3.0,14.0,
427.0,20240201.0,162.0,0.0,0.0,1.0,25.0,3.0,14.0,
427.0,20230101.0,171.0,0.0,0.0,1.0,12.0,3.0,14.0,
427.0,20240301.0,0.0,0.0,0.0,1.0,26.0,3.0,14.0,
427.0,20220401.0,135.0,0.0,0.0,1.0,3.0,3.0,14.0,
427.0,20220601.0,189.0,0.0,0.0,1.0,5.0,3.0,14.0,
427.0,20230801.0,144.0,0.0,0.0,1.0,19.0,3.0,14.0,
427.0,20231201.0,144.0,0.0,0.0,1.0,23.0,3.0,14.0,
427.0,20221001.0,189.0,0.0,0.0,1.0,9.0,3.0,14.0,
427.0,20230501.0,198.0,0.0,0.0,1.0,16.0,3.0,14.0,
427.0,20230901.0,180.0,0.0,0.0,1.0,20.0,3.0,14.0,
427.0,20231101.0,198.0,0.0,0.0,1.0,22.0,3.0,14.0,
427.0,20230601.0,169.0,0.0,0.0,1.0,17.0,3.0,14.0,
427.0,20221201.0,153.0,0.0,0.0,1.0,11.0,3.0,14.0,
427.0,20220301.0,207.0,0.0,0.0,1.0,1.0,3.0,14.0,
427.0,20221101.0,198.0,0.0,0.0,1.0,10.0,3.0,14.0,
427.0,20220201.0,180.0,0.0,0.0,1.0,1.0,3.0,14.0,
427.0,20240101.0,135.0,0.0,0.0,1.0,24.0,3.0,14.0,
427.0,20220101.0,189.0,0.0,0.0,1.0,0.0,3.0,14.0,
427.0,20220901.0,198.0,0.0,0.0,1.0,8.0,3.0,14.0,
515.0,20220101.0,140.25,0.0,0.0,1.0,0.0,2.0,22.0,
515.0,20220501.0,175.26,0.0,0.0,1.0,4.0,2.0,22.0,
515.0,20220401.0,132.31,0.0,0.0,1.0,3.0,2.0,22.0,
515.0,20220601.0,187.38,0.0,0.0,1.0,5.0,2.0,22.0,
515.0,20221001.0,183.65,0.0,0.0,1.0,9.0,2.0,22.0,
515.0,20221201.0,27.06,0.0,0.0,1.0,11.0,2.0,22.0,
515.0,20220301.0,205.98,0.0,0.0,1.0,1.0,2.0,22.0,
515.0,20221101.0,188.55,0.0,0.0,1.0,10.0,2.0,22.0,
515.0,20220201.0,139.14,0.0,0.0,1.0,1.0,2.0,22.0,
515.0,20220101.0,190.27,0.0,0.0,1.0,0.0,2.0,22.0,
515.0,20220901.0,187.25,0.0,0.0,1.0,8.0,2.0,22.0,
216.0,20250101.0,193.43,0.0,0.0,1.0,36.0,1.0,3.0,
216.0,20250101.0,136.08,0.0,0.0,1.0,36.0,1.0,3.0,
216.0,20231001.0,184.85,0.0,0.0,1.0,21.0,1.0,3.0,
216.0,20220101.0,176.72,0.0,0.0,1.0,0.0,1.0,3.0,
216.0,20230401.0,131.69,0.0,0.0,1.0,15.0,1.0,3.0,
216.0,20230301.0,176.93,0.0,0.0,1.0,14.0,1.0,3.0,
216.0,20250501.0,163.95,0.0,0.0,1.0,40.0,1.0,3.0,
216.0,20230101.0,197.6,0.0,0.0,1.0,12.0,1.0,3.0,
216.0,20240801.0,88.67,0.0,0.0,1.0,31.0,1.0,3.0,
216.0,20241101.0,190.63,0.0,0.0,1.0,34.0,1.0,3.0,
216.0,20220501.0,187.9,0.0,0.0,1.0,4.0,1.0,3.0,
216.0,20241001.0,209.97,0.0,0.0,1.0,33.0,1.0,3.0,
216.0,20240601.0,153.16,0.0,0.0,1.0,29.0,1.0,3.0,
216.0,20250301.0,143.63,0.0,0.0,1.0,38.0,1.0,3.0,
216.0,20230201.0,175.78,0.0,0.0,1.0,13.0,1.0,3.0,
216.0,20240201.0,187.27,0.0,0.0,1.0,25.0,1.0,3.0,
216.0,20230101.0,174.87,0.0,0.0,1.0,12.0,1.0,3.0,
216.0,20240301.0,113.0,0.0,0.0,1.0,26.0,1.0,3.0,
216.0,20220401.0,120.09,0.0,0.0,1.0,3.0,1.0,3.0,
216.0,20220601.0,198.83,0.0,0.0,1.0,5.0,1.0,3.0,
216.0,20241201.0,170.05,0.0,0.0,1.0,35.0,1.0,3.0,
216.0,20230801.0,113.91,0.0,0.0,1.0,19.0,1.0,3.0,
216.0,20240901.0,174.44,0.0,0.0,1.0,32.0,1.0,3.0,
216.0,20231201.0,130.7,0.0,0.0,1.0,23.0,1.0,3.0,
216.0,20221001.0,171.81,0.0,0.0,1.0,9.0,1.0,3.0,
216.0,20240101.0,193.15,0.0,0.0,1.0,24.0,1.0,3.0,
216.0,20230501.0,178.58,0.0,0.0,1.0,16.0,1.0,3.0,
216.0,20250601.0,190.22,0.0,0.0,1.0,41.0,1.0,3.0,
216.0,20230901.0,175.55,0.0,0.0,1.0,20.0,1.0,3.0,
216.0,20240401.0,163.09,0.0,0.0,1.0,27.0,1.0,3.0,
216.0,20231101.0,188.29,0.0,0.0,1.0,22.0,1.0,3.0,
216.0,20250201.0,180.59,0.0,0.0,1.0,37.0,1.0,3.0,
216.0,20230601.0,161.9,0.0,0.0,1.0,17.0,1.0,3.0,
216.0,20250401.0,196.65,0.0,0.0,1.0,39.0,1.0,3.0,
216.0,20221201.0,181.24,0.0,0.0,1.0,11.0,1.0,3.0,
216.0,20220301.0,184.42,0.0,0.0,1.0,1.0,1.0,3.0,
216.0,20221101.0,193.01,0.0,0.0,1.0,10.0,1.0,3.0,
216.0,20220201.0,165.9,0.0,0.0,1.0,1.0,1.0,3.0,
216.0,20240101.0,186.24,0.0,0.0,1.0,24.0,1.0,3.0,
216.0,20240501.0,184.63,0.0,0.0,1.0,28.0,1.0,3.0,
216.0,20220101.0,150.62,0.0,0.0,1.0,0.0,1.0,3.0,
216.0,20220901.0,217.13,0.0,0.0,1.0,8.0,1.0,3.0,
217.0,20250101.0,194.21,0.0,0.0,1.0,36.0,1.0,10.0,
217.0,20250101.0,130.31,0.0,0.0,1.0,36.0,1.0,10.0,
217.0,20231001.0,172.81,0.0,0.0,1.0,21.0,1.0,10.0,
217.0,20220101.0,154.19,0.0,0.0,1.0,0.0,1.0,10.0,
217.0,20230401.0,137.21,0.0,0.0,1.0,15.0,1.0,10.0,
217.0,20230301.0,185.45,0.0,0.0,1.0,14.0,1.0,10.0,
217.0,20250501.0,119.93,0.0,0.0,1.0,40.0,1.0,10.0,
217.0,20230101.0,191.24,0.0,0.0,1.0,12.0,1.0,10.0,
217.0,20240801.0,110.79,0.0,0.0,1.0,31.0,1.0,10.0,
217.0,20241101.0,191.95,0.0,0.0,1.0,34.0,1.0,10.0,
217.0,20220501.0,198.11,0.0,0.0,1.0,4.0,1.0,10.0,
217.0,20241001.0,212.47,0.0,0.0,1.0,33.0,1.0,10.0,
217.0,20240601.0,157.41,0.0,0.0,1.0,29.0,1.0,10.0,
217.0,20250301.0,128.47,0.0,0.0,1.0,38.0,1.0,10.0,
217.0,20230201.0,112.27,0.0,0.0,1.0,13.0,1.0,10.0,
217.0,20240201.0,175.63,0.0,0.0,1.0,25.0,1.0,10.0,
217.0,20230101.0,0.0,0.0,0.0,1.0,12.0,1.0,10.0,
217.0,20240301.0,118.05,0.0,0.0,1.0,26.0,1.0,10.0,
217.0,20220401.0,143.71,0.0,0.0,1.0,3.0,1.0,10.0,
217.0,20220601.0,201.13,0.0,0.0,1.0,5.0,1.0,10.0,
217.0,20241201.0,171.04,0.0,0.0,1.0,35.0,1.0,10.0,
217.0,20230801.0,63.51,0.0,0.0,1.0,19.0,1.0,10.0,
217.0,20240901.0,194.06,0.0,0.0,1.0,32.0,1.0,10.0,
217.0,20231201.0,163.14,0.0,0.0,1.0,23.0,1.0,10.0,
217.0,20221001.0,178.24,0.0,0.0,1.0,9.0,1.0,10.0,
217.0,20240101.0,185.06,0.0,0.0,1.0,24.0,1.0,10.0,
217.0,20230501.0,119.56,0.0,0.0,1.0,16.0,1.0,10.0,
217.0,20250601.0,176.41,0.0,0.0,1.0,41.0,1.0,10.0,
217.0,20230901.0,156.87,0.0,0.0,1.0,20.0,1.0,10.0,
217.0,20240401.0,158.76,0.0,0.0,1.0,27.0,1.0,10.0,
217.0,20231101.0,173.49,0.0,0.0,1.0,22.0,1.0,10.0,
217.0,20250201.0,184.83,0.0,0.0,1.0,37.0,1.0,10.0,
217.0,20230601.0,0.0,0.0,0.0,1.0,17.0,1.0,10.0,
217.0,20250401.0,175.69,0.0,0.0,1.0,39.0,1.0,10.0,
217.0,20221201.0,156.4,0.0,0.0,1.0,11.0,1.0,10.0,
217.0,20220301.0,227.22,0.0,0.0,1.0,1.0,1.0,10.0,
217.0,20221101.0,193.57,0.0,0.0,1.0,10.0,1.0,10.0,
217.0,20220201.0,184.48,0.0,0.0,1.0,1.0,1.0,10.0,
217.0,20240101.0,148.3,0.0,0.0,1.0,24.0,1.0,10.0,
217.0,20240501.0,136.83,0.0,0.0,1.0,28.0,1.0,10.0,
217.0,20220101.0,128.48,0.0,0.0,1.0,0.0,1.0,10.0,
217.0,20220901.0,202.96,0.0,0.0,1.0,8.0,1.0,10.0,
218.0,20250101.0,0.0,0.0,0.0,1.0,36.0,4.0,22.0,
218.0,20250101.0,91.04,0.0,0.0,1.0,36.0,4.0,22.0,
218.0,20231001.0,107.66,0.0,0.0,1.0,21.0,4.0,22.0,
218.0,20220101.0,130.43,0.0,0.0,1.0,0.0,4.0,22.0,
218.0,20230401.0,118.11,0.0,0.0,1.0,15.0,4.0,22.0,
218.0,20230301.0,129.29,0.0,0.0,1.0,14.0,4.0,22.0,
218.0,20250501.0,183.61,0.0,0.0,1.0,40.0,4.0,22.0,
218.0,20230101.0,151.89,0.0,0.0,1.0,12.0,4.0,22.0,
218.0,20240801.0,108.25,0.0,0.0,1.0,31.0,4.0,22.0,
218.0,20241101.0,144.03,0.0,0.0,1.0,34.0,4.0,22.0,
218.0,20220501.0,139.07,0.0,0.0,1.0,4.0,4.0,22.0,
218.0,20241001.0,161.58,0.0,0.0,1.0,33.0,4.0,22.0,
218.0,20240601.0,172.67,0.0,0.0,1.0,29.0,4.0,22.0,
218.0,20250301.0,114.84,0.0,0.0,1.0,38.0,4.0,22.0,
218.0,20230201.0,171.29,0.0,0.0,1.0,13.0,4.0,22.0,
218.0,20240201.0,172.47,0.0,0.0,1.0,25.0,4.0,22.0,
218.0,20230101.0,137.7,0.0,0.0,1.0,12.0,4.0,22.0,
218.0,20240301.0,43.96,0.0,0.0,1.0,26.0,4.0,22.0,
218.0,20220401.0,172.29,0.0,0.0,1.0,3.0,4.0,22.0,
218.0,20220601.0,103.64,0.0,0.0,1.0,5.0,4.0,22.0,
218.0,20241201.0,112.08,0.0,0.0,1.0,35.0,4.0,22.0,
218.0,20230801.0,125.56,0.0,0.0,1.0,19.0,4.0,22.0,
218.0,20240901.0,171.63,0.0,0.0,1.0,32.0,4.0,22.0,
218.0,20231201.0,102.85,0.0,0.0,1.0,23.0,4.0,22.0,
218.0,20221001.0,157.68,0.0,0.0,1.0,9.0,4.0,22.0,
218.0,20240101.0,202.83,0.0,0.0,1.0,24.0,4.0,22.0,
218.0,20230501.0,112.47,0.0,0.0,1.0,16.0,4.0,22.0,
218.0,20250601.0,188.38,0.0,0.0,1.0,41.0,4.0,22.0,
218.0,20230901.0,98.2,0.0,0.0,1.0,20.0,4.0,22.0,
218.0,20240401.0,95.8,0.0,0.0,1.0,27.0,4.0,22.0,
218.0,20231101.0,218.63,0.0,0.0,1.0,22.0,4.0,22.0,
218.0,20250201.0,113.18,0.0,0.0,1.0,37.0,4.0,22.0,
218.0,20230601.0,92.14,0.0,0.0,1.0,17.0,4.0,22.0,
218.0,20250401.0,95.09,0.0,0.0,1.0,39.0,4.0,22.0,
218.0,20221201.0,154.5,0.0,0.0,1.0,11.0,4.0,22.0,
218.0,20220301.0,162.3,0.0,0.0,1.0,1.0,4.0,22.0,
218.0,20221101.0,150.5,0.0,0.0,1.0,10.0,4.0,22.0,
218.0,20220201.0,72.66,0.0,0.0,1.0,1.0,4.0,22.0,
218.0,20240101.0,155.66,0.0,0.0,1.0,24.0,4.0,22.0,
218.0,20240501.0,203.92,0.0,0.0,1.0,28.0,4.0,22.0,
218.0,20220101.0,129.14,0.0,0.0,1.0,0.0,4.0,22.0,
218.0,20220901.0,130.7,0.0,0.0,1.0,8.0,4.0,22.0,
219.0,20250101.0,67.56,0.0,0.0,1.0,36.0,6.0,22.0,
219.0,20250101.0,48.24,0.0,0.0,1.0,36.0,6.0,22.0,
219.0,20231001.0,0.0,0.0,0.0,1.0,21.0,6.0,22.0,
219.0,20220101.0,180.0,0.0,0.0,1.0,0.0,6.0,22.0,
219.0,20230401.0,68.8,0.0,0.0,1.0,15.0,6.0,22.0,
219.0,20230301.0,46.43,0.0,0.0,1.0,14.0,6.0,22.0,
219.0,20250501.0,69.99,0.0,0.0,1.0,40.0,6.0,22.0,
219.0,20230101.0,41.91,0.0,0.0,1.0,12.0,6.0,22.0,
219.0,20240801.0,68.93,0.0,0.0,1.0,31.0,6.0,22.0,
219.0,20241101.0,66.8,0.0,0.0,1.0,34.0,6.0,22.0,
219.0,20220501.0,126.0,0.0,0.0,1.0,4.0,6.0,22.0,
219.0,20241001.0,93.09,0.0,0.0,1.0,33.0,6.0,22.0,
219.0,20240601.0,57.22,0.0,0.0,1.0,29.0,6.0,22.0,
219.0,20250301.0,50.49,0.0,0.0,1.0,38.0,6.0,22.0,
219.0,20230201.0,98.91,0.0,0.0,1.0,13.0,6.0,22.0,
219.0,20240201.0,139.58,0.0,0.0,1.0,25.0,6.0,22.0,
219.0,20230101.0,80.34,0.0,0.0,1.0,12.0,6.0,22.0,
219.0,20240301.0,79.68,0.0,0.0,1.0,26.0,6.0,22.0,
219.0,20220401.0,135.0,0.0,0.0,1.0,3.0,6.0,22.0,
219.0,20220601.0,171.0,0.0,0.0,1.0,5.0,6.0,22.0,
219.0,20241201.0,68.76,0.0,0.0,1.0,35.0,6.0,22.0,
219.0,20230801.0,8.47,0.0,0.0,1.0,19.0,6.0,22.0,
219.0,20240901.0,76.63,0.0,0.0,1.0,32.0,6.0,22.0,
219.0,20231201.0,64.09,0.0,0.0,1.0,23.0,6.0,22.0,
219.0,20221001.0,179.47,0.0,0.0,1.0,9.0,6.0,22.0,
219.0,20240101.0,103.14,0.0,0.0,1.0,24.0,6.0,22.0,
219.0,20230501.0,118.27,0.0,0.0,1.0,16.0,6.0,22.0,
219.0,20250601.0,68.21,0.0,0.0,1.0,41.0,6.0,22.0,
219.0,20230901.0,0.0,0.0,0.0,1.0,20.0,6.0,22.0,
219.0,20240401.0,63.64,0.0,0.0,1.0,27.0,6.0,22.0,
219.0,20231101.0,66.77,0.0,0.0,1.0,22.0,6.0,22.0,
219.0,20250201.0,111.74,0.0,0.0,1.0,37.0,6.0,22.0,
219.0,20230601.0,98.06,0.0,0.0,1.0,17.0,6.0,22.0,
219.0,20250401.0,90.65,0.0,0.0,1.0,39.0,6.0,22.0,
219.0,20221201.0,89.53,0.0,0.0,1.0,11.0,6.0,22.0,
219.0,20220301.0,207.0,0.0,0.0,1.0,1.0,6.0,22.0,
219.0,20221101.0,107.91,0.0,0.0,1.0,10.0,6.0,22.0,
219.0,20220201.0,171.0,0.0,0.0,1.0,1.0,6.0,22.0,
219.0,20240101.0,79.11,0.0,0.0,1.0,24.0,6.0,22.0,
219.0,20240501.0,80.92,0.0,0.0,1.0,28.0,6.0,22.0,
219.0,20220101.0,135.0,0.0,0.0,1.0,0.0,6.0,22.0,
219.0,20220901.0,162.0,0.0,0.0,1.0,8.0,6.0,22.0,
220.0,20250101.0,198.0,0.0,0.0,1.0,36.0,4.0,6.0,
220.0,20250101.0,117.0,0.0,0.0,1.0,36.0,4.0,6.0,
220.0,20231001.0,198.0,0.0,0.0,1.0,21.0,4.0,6.0,
220.0,20220101.0,180.0,0.0,0.0,1.0,0.0,4.0,6.0,
220.0,20230401.0,129.5,0.0,0.0,1.0,15.0,4.0,6.0,
220.0,20230301.0,180.5,0.0,0.0,1.0,14.0,4.0,6.0,
220.0,20250501.0,189.0,0.0,0.0,1.0,40.0,4.0,6.0,
220.0,20230101.0,198.0,0.0,0.0,1.0,12.0,4.0,6.0,
220.0,20240801.0,99.0,0.0,0.0,1.0,31.0,4.0,6.0,
220.0,20241101.0,189.0,0.0,0.0,1.0,34.0,4.0,6.0,
220.0,20220501.0,180.0,0.0,0.0,1.0,4.0,4.0,6.0,
220.0,20241001.0,198.0,0.0,0.0,1.0,33.0,4.0,6.0,
220.0,20240601.0,153.0,0.0,0.0,1.0,29.0,4.0,6.0,
220.0,20250301.0,126.0,0.0,0.0,1.0,38.0,4.0,6.0,
220.0,20230201.0,180.0,0.0,0.0,1.0,13.0,4.0,6.0,
220.0,20240201.0,189.0,0.0,0.0,1.0,25.0,4.0,6.0,
220.0,20230101.0,162.0,0.0,0.0,1.0,12.0,4.0,6.0,
220.0,20240301.0,136.0,0.0,0.0,1.0,26.0,4.0,6.0,
220.0,20220401.0,149.0,0.0,0.0,1.0,3.0,4.0,6.0,
220.0,20220601.0,198.0,0.0,0.0,1.0,5.0,4.0,6.0,
220.0,20241201.0,126.0,0.0,0.0,1.0,35.0,4.0,6.0,
220.0,20230801.0,153.0,0.0,0.0,1.0,19.0,4.0,6.0,
220.0,20240901.0,189.0,0.0,0.0,1.0,32.0,4.0,6.0,
220.0,20231201.0,144.0,0.0,0.0,1.0,23.0,4.0,6.0,
220.0,20221001.0,189.0,0.0,0.0,1.0,9.0,4.0,6.0,
220.0,20240101.0,198.0,0.0,0.0,1.0,24.0,4.0,6.0,
220.0,20230501.0,198.0,0.0,0.0,1.0,16.0,4.0,6.0,
220.0,20250601.0,171.0,0.0,0.0,1.0,41.0,4.0,6.0,
220.0,20230901.0,180.0,0.0,0.0,1.0,20.0,4.0,6.0,
220.0,20240401.0,153.5,0.0,0.0,1.0,27.0,4.0,6.0,
220.0,20231101.0,153.0,0.0,0.0,1.0,22.0,4.0,6.0,
220.0,20250201.0,148.5,0.0,0.0,1.0,37.0,4.0,6.0,
220.0,20230601.0,169.0,0.0,0.0,1.0,17.0,4.0,6.0,
220.0,20250401.0,189.0,0.0,0.0,1.0,39.0,4.0,6.0,
220.0,20221201.0,189.0,0.0,0.0,1.0,11.0,4.0,6.0,
220.0,20220301.0,207.0,0.0,0.0,1.0,1.0,4.0,6.0,
220.0,20221101.0,198.0,0.0,0.0,1.0,10.0,4.0,6.0,
220.0,20220201.0,180.0,0.0,0.0,1.0,1.0,4.0,6.0,
220.0,20240501.0,198.0,0.0,0.0,1.0,28.0,4.0,6.0,
220.0,20220101.0,189.0,0.0,0.0,1.0,0.0,4.0,6.0,
220.0,20220901.0,198.0,0.0,0.0,1.0,8.0,4.0,6.0,
221.0,20250101.0,198.5,0.0,0.0,1.0,36.0,1.0,3.0,
221.0,20250101.0,124.53,0.0,0.0,1.0,36.0,1.0,3.0,
221.0,20231001.0,216.07,0.0,0.0,1.0,21.0,1.0,3.0,
221.0,20220101.0,181.13,0.0,0.0,1.0,0.0,1.0,3.0,
221.0,20230401.0,138.62,0.0,0.0,1.0,15.0,1.0,3.0,
221.0,20230301.0,167.72,0.0,0.0,1.0,14.0,1.0,3.0,
221.0,20250501.0,200.94,0.0,0.0,1.0,40.0,1.0,3.0,
221.0,20230101.0,187.65,0.0,0.0,1.0,12.0,1.0,3.0,
221.0,20240801.0,90.87,0.0,0.0,1.0,31.0,1.0,3.0,
221.0,20241101.0,199.15,0.0,0.0,1.0,34.0,1.0,3.0,
221.0,20220501.0,170.99,0.0,0.0,1.0,4.0,1.0,3.0,
221.0,20241001.0,214.22,0.0,0.0,1.0,33.0,1.0,3.0,
221.0,20240601.0,171.76,0.0,0.0,1.0,29.0,1.0,3.0,
221.0,20250301.0,135.32,0.0,0.0,1.0,38.0,1.0,3.0,
221.0,20230201.0,186.17,0.0,0.0,1.0,13.0,1.0,3.0,
221.0,20240201.0,192.72,0.0,0.0,1.0,25.0,1.0,3.0,
221.0,20230101.0,167.38,0.0,0.0,1.0,12.0,1.0,3.0,
221.0,20240301.0,156.3,0.0,0.0,1.0,26.0,1.0,3.0,
221.0,20220401.0,143.46,0.0,0.0,1.0,3.0,1.0,3.0,
221.0,20220601.0,202.37,0.0,0.0,1.0,5.0,1.0,3.0,
221.0,20241201.0,154.84,0.0,0.0,1.0,35.0,1.0,3.0,
221.0,20230801.0,99.72,0.0,0.0,1.0,19.0,1.0,3.0,
221.0,20240901.0,170.22,0.0,0.0,1.0,32.0,1.0,3.0,
221.0,20231201.0,193.4,0.0,0.0,1.0,23.0,1.0,3.0,
221.0,20221001.0,195.52,0.0,0.0,1.0,9.0,1.0,3.0,
221.0,20240101.0,194.55,0.0,0.0,1.0,24.0,1.0,3.0,
221.0,20230501.0,184.97,0.0,0.0,1.0,16.0,1.0,3.0,
221.0,20250601.0,170.48,0.0,0.0,1.0,41.0,1.0,3.0,
221.0,20230901.0,185.09,0.0,0.0,1.0,20.0,1.0,3.0,
221.0,20240401.0,164.69,0.0,0.0,1.0,27.0,1.0,3.0,
221.0,20231101.0,221.25,0.0,0.0,1.0,22.0,1.0,3.0,
221.0,20250201.0,182.48,0.0,0.0,1.0,37.0,1.0,3.0,
221.0,20230601.0,159.57,0.0,0.0,1.0,17.0,1.0,3.0,
221.0,20250401.0,183.53,0.0,0.0,1.0,39.0,1.0,3.0,
221.0,20221201.0,172.66,0.0,0.0,1.0,11.0,1.0,3.0,
221.0,20220301.0,198.59,0.0,0.0,1.0,1.0,1.0,3.0,
221.0,20221101.0,196.92,0.0,0.0,1.0,10.0,1.0,3.0,
221.0,20220201.0,144.16,0.0,0.0,1.0,1.0,1.0,3.0,
221.0,20240101.0,184.47,0.0,0.0,1.0,24.0,1.0,3.0,
221.0,20240501.0,204.46,0.0,0.0,1.0,28.0,1.0,3.0,
221.0,20220101.0,187.15,0.0,0.0,1.0,0.0,1.0,3.0,
221.0,20220901.0,204.12,0.0,0.0,1.0,8.0,1.0,3.0,
428.0,20231001.0,198.0,0.0,0.0,1.0,21.0,3.0,17.0,
428.0,20220101.0,180.0,0.0,0.0,1.0,0.0,3.0,17.0,
428.0,20230401.0,123.0,0.0,0.0,1.0,15.0,3.0,17.0,
428.0,20230301.0,180.5,0.0,0.0,1.0,14.0,3.0,17.0,
428.0,20230101.0,198.0,0.0,0.0,1.0,12.0,3.0,17.0,
428.0,20220501.0,180.0,0.0,0.0,1.0,4.0,3.0,17.0,
428.0,20230201.0,180.0,0.0,0.0,1.0,13.0,3.0,17.0,
428.0,20240201.0,180.0,0.0,0.0,1.0,25.0,3.0,17.0,
428.0,20230101.0,180.0,0.0,0.0,1.0,12.0,3.0,17.0,
428.0,20240301.0,145.0,0.0,0.0,1.0,26.0,3.0,17.0,
428.0,20220401.0,142.0,0.0,0.0,1.0,3.0,3.0,17.0,
428.0,20220601.0,198.0,0.0,0.0,1.0,5.0,3.0,17.0,
428.0,20230801.0,117.0,0.0,0.0,1.0,19.0,3.0,17.0,
428.0,20231201.0,144.0,0.0,0.0,1.0,23.0,3.0,17.0,
428.0,20221001.0,189.0,0.0,0.0,1.0,9.0,3.0,17.0,
428.0,20230501.0,198.0,0.0,0.0,1.0,16.0,3.0,17.0,
428.0,20230901.0,180.0,0.0,0.0,1.0,20.0,3.0,17.0,
428.0,20240401.0,77.5,0.0,0.0,1.0,27.0,3.0,17.0,
428.0,20231101.0,198.0,0.0,0.0,1.0,22.0,3.0,17.0,
428.0,20230601.0,169.0,0.0,0.0,1.0,17.0,3.0,17.0,
428.0,20221201.0,153.0,0.0,0.0,1.0,11.0,3.0,17.0,
428.0,20220301.0,207.0,0.0,0.0,1.0,1.0,3.0,17.0,
428.0,20221101.0,153.0,0.0,0.0,1.0,10.0,3.0,17.0,
428.0,20220201.0,180.0,0.0,0.0,1.0,1.0,3.0,17.0,
428.0,20240101.0,162.0,0.0,0.0,1.0,24.0,3.0,17.0,
428.0,20220101.0,144.0,0.0,0.0,1.0,0.0,3.0,17.0,
428.0,20220901.0,198.0,0.0,0.0,1.0,8.0,3.0,17.0,
429.0,20231001.0,198.0,0.0,0.0,1.0,21.0,3.0,14.0,
429.0,20220101.0,180.0,0.0,0.0,1.0,0.0,3.0,14.0,
429.0,20230401.0,129.5,0.0,0.0,1.0,15.0,3.0,14.0,
429.0,20230301.0,180.5,0.0,0.0,1.0,14.0,3.0,14.0,
429.0,20230101.0,198.0,0.0,0.0,1.0,12.0,3.0,14.0,
429.0,20220501.0,180.0,0.0,0.0,1.0,4.0,3.0,14.0,
429.0,20240601.0,0.0,0.0,0.0,1.0,29.0,3.0,14.0,
429.0,20230201.0,180.0,0.0,0.0,1.0,13.0,3.0,14.0,
429.0,20240201.0,189.0,0.0,0.0,1.0,25.0,3.0,14.0,
429.0,20230101.0,180.0,0.0,0.0,1.0,12.0,3.0,14.0,
429.0,20240301.0,145.0,0.0,0.0,1.0,26.0,3.0,14.0,
429.0,20220401.0,149.0,0.0,0.0,1.0,3.0,3.0,14.0,
429.0,20220601.0,198.0,0.0,0.0,1.0,5.0,3.0,14.0,
429.0,20230801.0,144.0,0.0,0.0,1.0,19.0,3.0,14.0,
429.0,20231201.0,135.0,0.0,0.0,1.0,23.0,3.0,14.0,
429.0,20221001.0,180.0,0.0,0.0,1.0,9.0,3.0,14.0,
429.0,20230501.0,198.0,0.0,0.0,1.0,16.0,3.0,14.0,
429.0,20230901.0,171.0,0.0,0.0,1.0,20.0,3.0,14.0,
429.0,20240401.0,140.5,0.0,0.0,1.0,27.0,3.0,14.0,
429.0,20231101.0,198.0,0.0,0.0,1.0,22.0,3.0,14.0,
429.0,20230601.0,169.0,0.0,0.0,1.0,17.0,3.0,14.0,
429.0,20221201.0,153.0,0.0,0.0,1.0,11.0,3.0,14.0,
429.0,20220301.0,207.0,0.0,0.0,1.0,1.0,3.0,14.0,
429.0,20221101.0,198.0,0.0,0.0,1.0,10.0,3.0,14.0,
429.0,20220201.0,180.0,0.0,0.0,1.0,1.0,3.0,14.0,
429.0,20240101.0,153.0,0.0,0.0,1.0,24.0,3.0,14.0,
429.0,20240501.0,144.0,0.0,0.0,1.0,28.0,3.0,14.0,
429.0,20220101.0,135.0,0.0,0.0,1.0,0.0,3.0,14.0,
429.0,20220901.0,198.0,0.0,0.0,1.0,8.0,3.0,14.0,
222.0,20250101.0,115.64,0.0,0.0,1.0,36.0,4.0,14.0,
222.0,20250101.0,76.84,0.0,0.0,1.0,36.0,4.0,14.0,
222.0,20231001.0,116.61,0.0,0.0,1.0,21.0,4.0,14.0,
222.0,20220101.0,180.0,0.0,0.0,1.0,0.0,4.0,14.0,
222.0,20230401.0,96.28,0.0,0.0,1.0,15.0,4.0,14.0,
222.0,20230301.0,124.73,0.0,0.0,1.0,14.0,4.0,14.0,
222.0,20250501.0,65.67,0.0,0.0,1.0,40.0,4.0,14.0,
222.0,20230101.0,189.0,0.0,0.0,1.0,12.0,4.0,14.0,
222.0,20240801.0,117.07,0.0,0.0,1.0,31.0,4.0,14.0,
222.0,20241101.0,99.02,0.0,0.0,1.0,34.0,4.0,14.0,
222.0,20220501.0,180.0,0.0,0.0,1.0,4.0,4.0,14.0,
222.0,20241001.0,103.66,0.0,0.0,1.0,33.0,4.0,14.0,
222.0,20240601.0,105.92,0.0,0.0,1.0,29.0,4.0,14.0,
222.0,20250301.0,102.93,0.0,0.0,1.0,38.0,4.0,14.0,
222.0,20230201.0,142.66,0.0,0.0,1.0,13.0,4.0,14.0,
222.0,20240201.0,147.0,0.0,0.0,1.0,25.0,4.0,14.0,
222.0,20230101.0,81.87,0.0,0.0,1.0,12.0,4.0,14.0,
222.0,20240301.0,99.05,0.0,0.0,1.0,26.0,4.0,14.0,
222.0,20220401.0,149.0,0.0,0.0,1.0,3.0,4.0,14.0,
222.0,20220601.0,198.0,0.0,0.0,1.0,5.0,4.0,14.0,
222.0,20241201.0,87.14,0.0,0.0,1.0,35.0,4.0,14.0,
222.0,20230801.0,141.92,0.0,0.0,1.0,19.0,4.0,14.0,
222.0,20240901.0,80.03,0.0,0.0,1.0,32.0,4.0,14.0,
222.0,20231201.0,104.44,0.0,0.0,1.0,23.0,4.0,14.0,
222.0,20221001.0,189.0,0.0,0.0,1.0,9.0,4.0,14.0,
222.0,20240101.0,118.26,0.0,0.0,1.0,24.0,4.0,14.0,
222.0,20230501.0,149.94,0.0,0.0,1.0,16.0,4.0,14.0,
222.0,20250601.0,47.32,0.0,0.0,1.0,41.0,4.0,14.0,
222.0,20230901.0,117.78,0.0,0.0,1.0,20.0,4.0,14.0,
222.0,20240401.0,84.5,0.0,0.0,1.0,27.0,4.0,14.0,
222.0,20231101.0,110.07,0.0,0.0,1.0,22.0,4.0,14.0,
222.0,20250201.0,90.53,0.0,0.0,1.0,37.0,4.0,14.0,
222.0,20230601.0,136.85,0.0,0.0,1.0,17.0,4.0,14.0,
222.0,20250401.0,99.09,0.0,0.0,1.0,39.0,4.0,14.0,
222.0,20221201.0,162.0,0.0,0.0,1.0,11.0,4.0,14.0,
222.0,20220301.0,207.0,0.0,0.0,1.0,1.0,4.0,14.0,
222.0,20221101.0,189.0,0.0,0.0,1.0,10.0,4.0,14.0,
222.0,20220201.0,171.0,0.0,0.0,1.0,1.0,4.0,14.0,
222.0,20240101.0,130.56,0.0,0.0,1.0,24.0,4.0,14.0,
222.0,20240501.0,96.05,0.0,0.0,1.0,28.0,4.0,14.0,
222.0,20220101.0,189.0,0.0,0.0,1.0,0.0,4.0,14.0,
222.0,20220901.0,162.0,0.0,0.0,1.0,8.0,4.0,14.0,
430.0,20231001.0,0.0,0.0,0.0,1.0,21.0,3.0,13.0,
430.0,20220101.0,162.0,0.0,0.0,1.0,0.0,3.0,13.0,
430.0,20230401.0,129.5,0.0,0.0,1.0,15.0,3.0,13.0,
430.0,20230301.0,171.5,0.0,0.0,1.0,14.0,3.0,13.0,
430.0,20230101.0,198.0,0.0,0.0,1.0,12.0,3.0,13.0,
430.0,20220501.0,153.0,0.0,0.0,1.0,4.0,3.0,13.0,
430.0,20230201.0,180.0,0.0,0.0,1.0,13.0,3.0,13.0,
430.0,20230101.0,171.0,0.0,0.0,1.0,12.0,3.0,13.0,
430.0,20220401.0,140.0,0.0,0.0,1.0,3.0,3.0,13.0,
430.0,20220601.0,198.0,0.0,0.0,1.0,5.0,3.0,13.0,
430.0,20230801.0,117.0,0.0,0.0,1.0,19.0,3.0,13.0,
430.0,20221001.0,180.0,0.0,0.0,1.0,9.0,3.0,13.0,
430.0,20230501.0,180.0,0.0,0.0,1.0,16.0,3.0,13.0,
430.0,20230901.0,99.0,0.0,0.0,1.0,20.0,3.0,13.0,
430.0,20230601.0,169.0,0.0,0.0,1.0,17.0,3.0,13.0,
430.0,20221201.0,153.0,0.0,0.0,1.0,11.0,3.0,13.0,
430.0,20220301.0,198.0,0.0,0.0,1.0,1.0,3.0,13.0,
430.0,20221101.0,171.0,0.0,0.0,1.0,10.0,3.0,13.0,
430.0,20220201.0,180.0,0.0,0.0,1.0,1.0,3.0,13.0,
430.0,20220101.0,171.0,0.0,0.0,1.0,0.0,3.0,13.0,
430.0,20220901.0,198.0,0.0,0.0,1.0,8.0,3.0,13.0,
223.0,20250101.0,0.0,0.0,0.0,1.0,36.0,3.0,13.0,
223.0,20231001.0,198.0,0.0,0.0,1.0,21.0,3.0,13.0,
223.0,20220101.0,180.0,0.0,0.0,1.0,0.0,3.0,13.0,
223.0,20230401.0,123.0,0.0,0.0,1.0,15.0,3.0,13.0,
223.0,20230301.0,180.5,0.0,0.0,1.0,14.0,3.0,13.0,
223.0,20230101.0,198.0,0.0,0.0,1.0,12.0,3.0,13.0,
223.0,20240801.0,126.0,0.0,0.0,1.0,31.0,3.0,13.0,
223.0,20241101.0,189.0,0.0,0.0,1.0,34.0,3.0,13.0,
223.0,20220501.0,180.0,0.0,0.0,1.0,4.0,3.0,13.0,
223.0,20241001.0,198.0,0.0,0.0,1.0,33.0,3.0,13.0,
223.0,20240601.0,171.0,0.0,0.0,1.0,29.0,3.0,13.0,
223.0,20230201.0,180.0,0.0,0.0,1.0,13.0,3.0,13.0,
223.0,20240201.0,189.0,0.0,0.0,1.0,25.0,3.0,13.0,
223.0,20230101.0,126.0,0.0,0.0,1.0,12.0,3.0,13.0,
223.0,20240301.0,145.0,0.0,0.0,1.0,26.0,3.0,13.0,
223.0,20220401.0,149.0,0.0,0.0,1.0,3.0,3.0,13.0,
223.0,20220601.0,189.0,0.0,0.0,1.0,5.0,3.0,13.0,
223.0,20241201.0,126.0,0.0,0.0,1.0,35.0,3.0,13.0,
223.0,20230801.0,180.0,0.0,0.0,1.0,19.0,3.0,13.0,
223.0,20240901.0,189.0,0.0,0.0,1.0,32.0,3.0,13.0,
223.0,20231201.0,162.0,0.0,0.0,1.0,23.0,3.0,13.0,
223.0,20221001.0,189.0,0.0,0.0,1.0,9.0,3.0,13.0,
223.0,20240101.0,198.0,0.0,0.0,1.0,24.0,3.0,13.0,
223.0,20230501.0,198.0,0.0,0.0,1.0,16.0,3.0,13.0,
223.0,20230901.0,180.0,0.0,0.0,1.0,20.0,3.0,13.0,
223.0,20240401.0,140.5,0.0,0.0,1.0,27.0,3.0,13.0,
223.0,20231101.0,198.0,0.0,0.0,1.0,22.0,3.0,13.0,
223.0,20230601.0,169.0,0.0,0.0,1.0,17.0,3.0,13.0,
223.0,20221201.0,153.0,0.0,0.0,1.0,11.0,3.0,13.0,
223.0,20220301.0,198.0,0.0,0.0,1.0,1.0,3.0,13.0,
223.0,20221101.0,189.0,0.0,0.0,1.0,10.0,3.0,13.0,
223.0,20220201.0,180.0,0.0,0.0,1.0,1.0,3.0,13.0,
223.0,20240101.0,162.0,0.0,0.0,1.0,24.0,3.0,13.0,
223.0,20240501.0,171.0,0.0,0.0,1.0,28.0,3.0,13.0,
223.0,20220101.0,189.0,0.0,0.0,1.0,0.0,3.0,13.0,
223.0,20220901.0,180.0,0.0,0.0,1.0,8.0,3.0,13.0,
516.0,20220101.0,147.17,0.0,0.0,1.0,0.0,1.0,10.0,
516.0,20230101.0,0.0,0.0,0.0,1.0,12.0,1.0,10.0,
516.0,20220501.0,197.97,0.0,0.0,1.0,4.0,1.0,10.0,
516.0,20220401.0,142.05,0.0,0.0,1.0,3.0,1.0,10.0,
516.0,20220601.0,178.77,0.0,0.0,1.0,5.0,1.0,10.0,
516.0,20221001.0,177.48,0.0,0.0,1.0,9.0,1.0,10.0,
516.0,20221201.0,108.85,0.0,0.0,1.0,11.0,1.0,10.0,
516.0,20220301.0,198.31,0.0,0.0,1.0,1.0,1.0,10.0,
516.0,20221101.0,166.62,0.0,0.0,1.0,10.0,1.0,10.0,
516.0,20220201.0,179.08,0.0,0.0,1.0,1.0,1.0,10.0,
516.0,20220101.0,197.87,0.0,0.0,1.0,0.0,1.0,10.0,
516.0,20220901.0,187.39,0.0,0.0,1.0,8.0,1.0,10.0,
224.0,20250101.0,199.78,0.0,0.0,1.0,36.0,1.0,11.0,
224.0,20250101.0,124.63,0.0,0.0,1.0,36.0,1.0,11.0,
224.0,20231001.0,194.24,0.0,0.0,1.0,21.0,1.0,11.0,
224.0,20220101.0,215.39,0.0,0.0,1.0,0.0,1.0,11.0,
224.0,20230401.0,242.05,0.0,0.0,1.0,15.0,1.0,11.0,
224.0,20230301.0,239.64,0.0,0.0,1.0,14.0,1.0,11.0,
224.0,20250501.0,172.84,0.0,0.0,1.0,40.0,1.0,11.0,
224.0,20230101.0,212.2,0.0,0.0,1.0,12.0,1.0,11.0,
224.0,20240801.0,193.71,0.0,0.0,1.0,31.0,1.0,11.0,
224.0,20241101.0,165.03,0.0,0.0,1.0,34.0,1.0,11.0,
224.0,20220501.0,185.98,0.0,0.0,1.0,4.0,1.0,11.0,
224.0,20241001.0,179.52,0.0,0.0,1.0,33.0,1.0,11.0,
224.0,20240601.0,205.13,0.0,0.0,1.0,29.0,1.0,11.0,
224.0,20250301.0,212.05,0.0,0.0,1.0,38.0,1.0,11.0,
224.0,20230201.0,170.22,0.0,0.0,1.0,13.0,1.0,11.0,
224.0,20240201.0,178.58,0.0,0.0,1.0,25.0,1.0,11.0,
224.0,20230101.0,207.62,0.0,0.0,1.0,12.0,1.0,11.0,
224.0,20240301.0,260.38,0.0,0.0,1.0,26.0,1.0,11.0,
224.0,20220401.0,276.37,0.0,0.0,1.0,3.0,1.0,11.0,
224.0,20220601.0,192.13,0.0,0.0,1.0,5.0,1.0,11.0,
224.0,20241201.0,247.28,0.0,0.0,1.0,35.0,1.0,11.0,
224.0,20230801.0,192.32,0.0,0.0,1.0,19.0,1.0,11.0,
224.0,20240901.0,209.47,0.0,0.0,1.0,32.0,1.0,11.0,
224.0,20231201.0,197.18,0.0,0.0,1.0,23.0,1.0,11.0,
224.0,20221001.0,179.81,0.0,0.0,1.0,9.0,1.0,11.0,
224.0,20240101.0,245.94,0.0,0.0,1.0,24.0,1.0,11.0,
224.0,20230501.0,189.0,0.0,0.0,1.0,16.0,1.0,11.0,
224.0,20250601.0,163.26,0.0,0.0,1.0,41.0,1.0,11.0,
224.0,20230901.0,219.03,0.0,0.0,1.0,20.0,1.0,11.0,
224.0,20240401.0,221.29,0.0,0.0,1.0,27.0,1.0,11.0,
224.0,20231101.0,190.39,0.0,0.0,1.0,22.0,1.0,11.0,
224.0,20250201.0,178.77,0.0,0.0,1.0,37.0,1.0,11.0,
224.0,20230601.0,215.81,0.0,0.0,1.0,17.0,1.0,11.0,
224.0,20250401.0,167.8,0.0,0.0,1.0,39.0,1.0,11.0,
224.0,20221201.0,213.54,0.0,0.0,1.0,11.0,1.0,11.0,
224.0,20220301.0,218.66,0.0,0.0,1.0,1.0,1.0,11.0,
224.0,20221101.0,203.05,0.0,0.0,1.0,10.0,1.0,11.0,
224.0,20220201.0,172.73,0.0,0.0,1.0,1.0,1.0,11.0,
224.0,20240101.0,233.55,0.0,0.0,1.0,24.0,1.0,11.0,
224.0,20240501.0,163.53,0.0,0.0,1.0,28.0,1.0,11.0,
224.0,20220101.0,240.65,0.0,0.0,1.0,0.0,1.0,11.0,
224.0,20220901.0,208.7,0.0,0.0,1.0,8.0,1.0,11.0,
517.0,20220101.0,180.77,0.0,0.0,1.0,0.0,1.0,11.0,
517.0,20230401.0,114.5,0.0,0.0,1.0,15.0,1.0,11.0,
517.0,20230301.0,186.12,0.0,0.0,1.0,14.0,1.0,11.0,
517.0,20230101.0,187.68,0.0,0.0,1.0,12.0,1.0,11.0,
517.0,20220501.0,201.76,0.0,0.0,1.0,4.0,1.0,11.0,
517.0,20230201.0,180.64,0.0,0.0,1.0,13.0,1.0,11.0,
517.0,20220401.0,155.84,0.0,0.0,1.0,3.0,1.0,11.0,
517.0,20220601.0,214.17,0.0,0.0,1.0,5.0,1.0,11.0,
517.0,20221001.0,200.47,0.0,0.0,1.0,9.0,1.0,11.0,
517.0,20230501.0,80.95,0.0,0.0,1.0,16.0,1.0,11.0,
517.0,20221201.0,205.67,0.0,0.0,1.0,11.0,1.0,11.0,
517.0,20220301.0,179.28,0.0,0.0,1.0,1.0,1.0,11.0,
517.0,20221101.0,181.18,0.0,0.0,1.0,10.0,1.0,11.0,
517.0,20220201.0,26.52,0.0,0.0,1.0,1.0,1.0,11.0,
517.0,20220101.0,193.35,0.0,0.0,1.0,0.0,1.0,11.0,
517.0,20220901.0,207.38,0.0,0.0,1.0,8.0,1.0,11.0,
225.0,20250101.0,180.0,0.0,0.0,1.0,36.0,3.0,14.0,
225.0,20250101.0,126.0,0.0,0.0,1.0,36.0,3.0,14.0,
225.0,20231001.0,108.0,0.0,0.0,1.0,21.0,3.0,14.0,
225.0,20220101.0,144.0,0.0,0.0,1.0,0.0,3.0,14.0,
225.0,20230401.0,129.5,0.0,0.0,1.0,15.0,3.0,14.0,
225.0,20230301.0,180.5,0.0,0.0,1.0,14.0,3.0,14.0,
225.0,20250501.0,180.0,0.0,0.0,1.0,40.0,3.0,14.0,
225.0,20230101.0,198.0,0.0,0.0,1.0,12.0,3.0,14.0,
225.0,20240801.0,153.0,0.0,0.0,1.0,31.0,3.0,14.0,
225.0,20241101.0,180.0,0.0,0.0,1.0,34.0,3.0,14.0,
225.0,20220501.0,171.0,0.0,0.0,1.0,4.0,3.0,14.0,
225.0,20241001.0,207.0,0.0,0.0,1.0,33.0,3.0,14.0,
225.0,20240601.0,171.0,0.0,0.0,1.0,29.0,3.0,14.0,
225.0,20250301.0,133.0,0.0,0.0,1.0,38.0,3.0,14.0,
225.0,20230201.0,144.0,0.0,0.0,1.0,13.0,3.0,14.0,
225.0,20240201.0,189.0,0.0,0.0,1.0,25.0,3.0,14.0,
225.0,20230101.0,180.0,0.0,0.0,1.0,12.0,3.0,14.0,
225.0,20240301.0,119.0,0.0,0.0,1.0,26.0,3.0,14.0,
225.0,20220401.0,114.0,0.0,0.0,1.0,3.0,3.0,14.0,
225.0,20220601.0,198.0,0.0,0.0,1.0,5.0,3.0,14.0,
225.0,20241201.0,126.0,0.0,0.0,1.0,35.0,3.0,14.0,
225.0,20230801.0,207.0,0.0,0.0,1.0,19.0,3.0,14.0,
225.0,20240901.0,189.0,0.0,0.0,1.0,32.0,3.0,14.0,
225.0,20231201.0,153.0,0.0,0.0,1.0,23.0,3.0,14.0,
225.0,20221001.0,126.0,0.0,0.0,1.0,9.0,3.0,14.0,
225.0,20240101.0,198.0,0.0,0.0,1.0,24.0,3.0,14.0,
225.0,20230501.0,198.0,0.0,0.0,1.0,16.0,3.0,14.0,
225.0,20250601.0,177.0,0.0,0.0,1.0,41.0,3.0,14.0,
225.0,20230901.0,180.0,0.0,0.0,1.0,20.0,3.0,14.0,
225.0,20240401.0,140.5,0.0,0.0,1.0,27.0,3.0,14.0,
225.0,20231101.0,198.0,0.0,0.0,1.0,22.0,3.0,14.0,
225.0,20250201.0,126.0,0.0,0.0,1.0,37.0,3.0,14.0,
225.0,20230601.0,169.0,0.0,0.0,1.0,17.0,3.0,14.0,
225.0,20250401.0,189.0,0.0,0.0,1.0,39.0,3.0,14.0,
225.0,20221201.0,153.0,0.0,0.0,1.0,11.0,3.0,14.0,
225.0,20220301.0,207.0,0.0,0.0,1.0,1.0,3.0,14.0,
225.0,20221101.0,198.0,0.0,0.0,1.0,10.0,3.0,14.0,
225.0,20220201.0,180.0,0.0,0.0,1.0,1.0,3.0,14.0,
225.0,20240101.0,162.0,0.0,0.0,1.0,24.0,3.0,14.0,
225.0,20240501.0,198.0,0.0,0.0,1.0,28.0,3.0,14.0,
225.0,20220101.0,189.0,0.0,0.0,1.0,0.0,3.0,14.0,
225.0,20220901.0,198.0,0.0,0.0,1.0,8.0,3.0,14.0,
518.0,20220101.0,0.0,0.0,0.0,1.0,0.0,1.0,1.0,
518.0,20220501.0,0.0,0.0,0.0,1.0,4.0,1.0,1.0,
518.0,20220401.0,0.0,0.0,0.0,1.0,3.0,1.0,1.0,
518.0,20220601.0,0.0,0.0,0.0,1.0,5.0,1.0,1.0,
518.0,20221001.0,3.15,0.0,0.0,1.0,9.0,1.0,1.0,
518.0,20220301.0,0.0,0.0,0.0,1.0,1.0,1.0,1.0,
518.0,20220201.0,0.0,0.0,0.0,1.0,1.0,1.0,1.0,
518.0,20220901.0,12.28,0.0,0.0,1.0,8.0,1.0,1.0,
614.0,20220101.0,96.5,0.0,0.0,1.0,0.0,1.0,8.0,
226.0,20250101.0,171.0,0.0,0.0,1.0,36.0,3.0,17.0,
226.0,20250101.0,126.0,0.0,0.0,1.0,36.0,3.0,17.0,
226.0,20231001.0,198.0,0.0,0.0,1.0,21.0,3.0,17.0,
226.0,20220101.0,126.0,0.0,0.0,1.0,0.0,3.0,17.0,
226.0,20230401.0,129.5,0.0,0.0,1.0,15.0,3.0,17.0,
226.0,20230301.0,180.5,0.0,0.0,1.0,14.0,3.0,17.0,
226.0,20250501.0,180.0,0.0,0.0,1.0,40.0,3.0,17.0,
226.0,20230101.0,189.0,0.0,0.0,1.0,12.0,3.0,17.0,
226.0,20240801.0,135.0,0.0,0.0,1.0,31.0,3.0,17.0,
226.0,20241101.0,189.0,0.0,0.0,1.0,34.0,3.0,17.0,
226.0,20220501.0,180.0,0.0,0.0,1.0,4.0,3.0,17.0,
226.0,20241001.0,207.0,0.0,0.0,1.0,33.0,3.0,17.0,
226.0,20240601.0,162.0,0.0,0.0,1.0,29.0,3.0,17.0,
226.0,20250301.0,119.0,0.0,0.0,1.0,38.0,3.0,17.0,
226.0,20230201.0,180.0,0.0,0.0,1.0,13.0,3.0,17.0,
226.0,20240201.0,189.0,0.0,0.0,1.0,25.0,3.0,17.0,
226.0,20230101.0,135.0,0.0,0.0,1.0,12.0,3.0,17.0,
226.0,20240301.0,145.0,0.0,0.0,1.0,26.0,3.0,17.0,
226.0,20220401.0,142.0,0.0,0.0,1.0,3.0,3.0,17.0,
226.0,20220601.0,198.0,0.0,0.0,1.0,5.0,3.0,17.0,
226.0,20241201.0,126.0,0.0,0.0,1.0,35.0,3.0,17.0,
226.0,20230801.0,171.0,0.0,0.0,1.0,19.0,3.0,17.0,
226.0,20240901.0,189.0,0.0,0.0,1.0,32.0,3.0,17.0,
226.0,20231201.0,144.0,0.0,0.0,1.0,23.0,3.0,17.0,
226.0,20221001.0,189.0,0.0,0.0,1.0,9.0,3.0,17.0,
226.0,20240101.0,189.0,0.0,0.0,1.0,24.0,3.0,17.0,
226.0,20230501.0,198.0,0.0,0.0,1.0,16.0,3.0,17.0,
226.0,20250601.0,177.0,0.0,0.0,1.0,41.0,3.0,17.0,
226.0,20230901.0,180.0,0.0,0.0,1.0,20.0,3.0,17.0,
226.0,20240401.0,140.5,0.0,0.0,1.0,27.0,3.0,17.0,
226.0,20231101.0,198.0,0.0,0.0,1.0,22.0,3.0,17.0,
226.0,20250201.0,180.0,0.0,0.0,1.0,37.0,3.0,17.0,
226.0,20230601.0,169.0,0.0,0.0,1.0,17.0,3.0,17.0,
226.0,20250401.0,180.0,0.0,0.0,1.0,39.0,3.0,17.0,
226.0,20221201.0,153.0,0.0,0.0,1.0,11.0,3.0,17.0,
226.0,20220301.0,207.0,0.0,0.0,1.0,1.0,3.0,17.0,
226.0,20221101.0,198.0,0.0,0.0,1.0,10.0,3.0,17.0,
226.0,20220201.0,180.0,0.0,0.0,1.0,1.0,3.0,17.0,
226.0,20240101.0,162.0,0.0,0.0,1.0,24.0,3.0,17.0,
226.0,20240501.0,198.0,0.0,0.0,1.0,28.0,3.0,17.0,
226.0,20220101.0,189.0,0.0,0.0,1.0,0.0,3.0,17.0,
226.0,20220901.0,180.0,0.0,0.0,1.0,8.0,3.0,17.0,
227.0,20250101.0,70.95,0.0,0.0,1.0,36.0,4.0,22.0,
227.0,20250101.0,70.11,0.0,0.0,1.0,36.0,4.0,22.0,
227.0,20231001.0,91.87,0.0,0.0,1.0,21.0,4.0,22.0,
227.0,20220101.0,171.0,0.0,0.0,1.0,0.0,4.0,22.0,
227.0,20230401.0,49.37,0.0,0.0,1.0,15.0,4.0,22.0,
227.0,20230301.0,110.9,0.0,0.0,1.0,14.0,4.0,22.0,
227.0,20250501.0,95.84,0.0,0.0,1.0,40.0,4.0,22.0,
227.0,20230101.0,0.0,0.0,0.0,1.0,12.0,4.0,22.0,
227.0,20240801.0,82.63,0.0,0.0,1.0,31.0,4.0,22.0,
227.0,20241101.0,83.86,0.0,0.0,1.0,34.0,4.0,22.0,
227.0,20220501.0,99.0,0.0,0.0,1.0,4.0,4.0,22.0,
227.0,20241001.0,132.27,0.0,0.0,1.0,33.0,4.0,22.0,
227.0,20240601.0,99.93,0.0,0.0,1.0,29.0,4.0,22.0,
227.0,20250301.0,83.57,0.0,0.0,1.0,38.0,4.0,22.0,
227.0,20230201.0,17.97,0.0,0.0,1.0,13.0,4.0,22.0,
227.0,20240201.0,167.02,0.0,0.0,1.0,25.0,4.0,22.0,
227.0,20230101.0,119.23,0.0,0.0,1.0,12.0,4.0,22.0,
227.0,20240301.0,89.28,0.0,0.0,1.0,26.0,4.0,22.0,
227.0,20220401.0,149.0,0.0,0.0,1.0,3.0,4.0,22.0,
227.0,20220601.0,189.0,0.0,0.0,1.0,5.0,4.0,22.0,
227.0,20241201.0,52.67,0.0,0.0,1.0,35.0,4.0,22.0,
227.0,20230801.0,36.4,0.0,0.0,1.0,19.0,4.0,22.0,
227.0,20240901.0,141.71,0.0,0.0,1.0,32.0,4.0,22.0,
227.0,20231201.0,84.07,0.0,0.0,1.0,23.0,4.0,22.0,
227.0,20221001.0,179.75,0.0,0.0,1.0,9.0,4.0,22.0,
227.0,20240101.0,164.91,0.0,0.0,1.0,24.0,4.0,22.0,
227.0,20230501.0,106.93,0.0,0.0,1.0,16.0,4.0,22.0,
227.0,20250601.0,86.73,0.0,0.0,1.0,41.0,4.0,22.0,
227.0,20230901.0,61.18,0.0,0.0,1.0,20.0,4.0,22.0,
227.0,20240401.0,99.72,0.0,0.0,1.0,27.0,4.0,22.0,
227.0,20231101.0,118.54,0.0,0.0,1.0,22.0,4.0,22.0,
227.0,20250201.0,116.02,0.0,0.0,1.0,37.0,4.0,22.0,
227.0,20230601.0,66.28,0.0,0.0,1.0,17.0,4.0,22.0,
227.0,20250401.0,92.4,0.0,0.0,1.0,39.0,4.0,22.0,
227.0,20221201.0,25.9,0.0,0.0,1.0,11.0,4.0,22.0,
227.0,20220301.0,144.0,0.0,0.0,1.0,1.0,4.0,22.0,
227.0,20221101.0,122.89,0.0,0.0,1.0,10.0,4.0,22.0,
227.0,20220201.0,144.0,0.0,0.0,1.0,1.0,4.0,22.0,
227.0,20240101.0,67.71,0.0,0.0,1.0,24.0,4.0,22.0,
227.0,20240501.0,110.01,0.0,0.0,1.0,28.0,4.0,22.0,
227.0,20220101.0,135.0,0.0,0.0,1.0,0.0,4.0,22.0,
227.0,20220901.0,198.0,0.0,0.0,1.0,8.0,4.0,22.0,
519.0,20220101.0,0.0,0.0,0.0,1.0,0.0,3.0,14.0,
519.0,20230301.0,0.0,0.0,0.0,1.0,14.0,3.0,14.0,
519.0,20230101.0,198.0,0.0,0.0,1.0,12.0,3.0,14.0,
519.0,20220501.0,0.0,0.0,0.0,1.0,4.0,3.0,14.0,
519.0,20230201.0,90.0,0.0,0.0,1.0,13.0,3.0,14.0,
519.0,20220401.0,100.0,0.0,0.0,1.0,3.0,3.0,14.0,
519.0,20220601.0,0.0,0.0,0.0,1.0,5.0,3.0,14.0,
519.0,20221001.0,189.0,0.0,0.0,1.0,9.0,3.0,14.0,
519.0,20221201.0,153.0,0.0,0.0,1.0,11.0,3.0,14.0,
519.0,20220301.0,207.0,0.0,0.0,1.0,1.0,3.0,14.0,
519.0,20221101.0,198.0,0.0,0.0,1.0,10.0,3.0,14.0,
519.0,20220201.0,180.0,0.0,0.0,1.0,1.0,3.0,14.0,
519.0,20220101.0,144.0,0.0,0.0,1.0,0.0,3.0,14.0,
519.0,20220901.0,180.0,0.0,0.0,1.0,8.0,3.0,14.0,
431.0,20231001.0,198.0,0.0,0.0,1.0,21.0,3.0,14.0,
431.0,20220101.0,180.0,0.0,0.0,1.0,0.0,3.0,14.0,
431.0,20230401.0,123.0,0.0,0.0,1.0,15.0,3.0,14.0,
431.0,20230301.0,180.5,0.0,0.0,1.0,14.0,3.0,14.0,
431.0,20230101.0,198.0,0.0,0.0,1.0,12.0,3.0,14.0,
431.0,20220501.0,180.0,0.0,0.0,1.0,4.0,3.0,14.0,
431.0,20240601.0,9.0,0.0,0.0,1.0,29.0,3.0,14.0,
431.0,20230201.0,180.0,0.0,0.0,1.0,13.0,3.0,14.0,
431.0,20240201.0,180.0,0.0,0.0,1.0,25.0,3.0,14.0,
431.0,20230101.0,144.0,0.0,0.0,1.0,12.0,3.0,14.0,
431.0,20240301.0,138.5,0.0,0.0,1.0,26.0,3.0,14.0,
431.0,20220401.0,149.0,0.0,0.0,1.0,3.0,3.0,14.0,
431.0,20220601.0,180.0,0.0,0.0,1.0,5.0,3.0,14.0,
431.0,20230801.0,180.0,0.0,0.0,1.0,19.0,3.0,14.0,
431.0,20231201.0,135.0,0.0,0.0,1.0,23.0,3.0,14.0,
431.0,20221001.0,153.0,0.0,0.0,1.0,9.0,3.0,14.0,
431.0,20230501.0,198.0,0.0,0.0,1.0,16.0,3.0,14.0,
431.0,20230901.0,171.0,0.0,0.0,1.0,20.0,3.0,14.0,
431.0,20240401.0,136.0,0.0,0.0,1.0,27.0,3.0,14.0,
431.0,20231101.0,171.0,0.0,0.0,1.0,22.0,3.0,14.0,
431.0,20230601.0,160.0,0.0,0.0,1.0,17.0,3.0,14.0,
431.0,20221201.0,162.0,0.0,0.0,1.0,11.0,3.0,14.0,
431.0,20220301.0,207.0,0.0,0.0,1.0,1.0,3.0,14.0,
431.0,20221101.0,180.0,0.0,0.0,1.0,10.0,3.0,14.0,
431.0,20220201.0,180.0,0.0,0.0,1.0,1.0,3.0,14.0,
431.0,20240101.0,144.0,0.0,0.0,1.0,24.0,3.0,14.0,
431.0,20240501.0,162.0,0.0,0.0,1.0,28.0,3.0,14.0,
431.0,20220101.0,189.0,0.0,0.0,1.0,0.0,3.0,14.0,
431.0,20220901.0,180.0,0.0,0.0,1.0,8.0,3.0,14.0,
615.0,20220101.0,32.05,0.0,0.0,1.0,0.0,4.0,22.0,
520.0,20220101.0,40.2,0.0,0.0,1.0,0.0,1.0,1.0,
520.0,20230101.0,7.55,0.0,0.0,1.0,12.0,1.0,1.0,
520.0,20220501.0,25.34,0.0,0.0,1.0,4.0,1.0,1.0,
520.0,20230201.0,0.0,0.0,0.0,1.0,13.0,1.0,1.0,
520.0,20220401.0,63.45,0.0,0.0,1.0,3.0,1.0,1.0,
520.0,20220601.0,75.27,0.0,0.0,1.0,5.0,1.0,1.0,
520.0,20221001.0,64.23,0.0,0.0,1.0,9.0,1.0,1.0,
520.0,20221201.0,17.08,0.0,0.0,1.0,11.0,1.0,1.0,
520.0,20220301.0,112.58,0.0,0.0,1.0,1.0,1.0,1.0,
520.0,20221101.0,20.91,0.0,0.0,1.0,10.0,1.0,1.0,
520.0,20220201.0,61.84,0.0,0.0,1.0,1.0,1.0,1.0,
520.0,20220101.0,29.07,0.0,0.0,1.0,0.0,1.0,1.0,
520.0,20220901.0,49.25,0.0,0.0,1.0,8.0,1.0,1.0,
14.0,20250101.0,198.0,0.0,0.0,1.0,36.0,4.0,6.0,
14.0,20250101.0,108.0,0.0,0.0,1.0,36.0,4.0,6.0,
14.0,20231001.0,198.0,0.0,0.0,1.0,21.0,4.0,6.0,
14.0,20220101.0,126.0,0.0,0.0,1.0,0.0,4.0,6.0,
14.0,20230401.0,133.5,0.0,0.0,1.0,15.0,4.0,6.0,
14.0,20230301.0,180.5,0.0,0.0,1.0,14.0,4.0,6.0,
14.0,20250501.0,189.0,0.0,0.0,1.0,40.0,4.0,6.0,
14.0,20230101.0,198.0,0.0,0.0,1.0,12.0,4.0,6.0,
14.0,20240801.0,144.0,0.0,0.0,1.0,31.0,4.0,6.0,
14.0,20241101.0,189.0,0.0,0.0,1.0,34.0,4.0,6.0,
14.0,20220501.0,153.0,0.0,0.0,1.0,4.0,4.0,6.0,
14.0,20241001.0,207.0,0.0,0.0,1.0,33.0,4.0,6.0,
14.0,20240601.0,144.0,0.0,0.0,1.0,29.0,4.0,6.0,
14.0,20250301.0,133.0,0.0,0.0,1.0,38.0,4.0,6.0,
14.0,20230201.0,180.0,0.0,0.0,1.0,13.0,4.0,6.0,
14.0,20240201.0,189.0,0.0,0.0,1.0,25.0,4.0,6.0,
14.0,20230101.0,126.0,0.0,0.0,1.0,12.0,4.0,6.0,
14.0,20240301.0,127.0,0.0,0.0,1.0,26.0,4.0,6.0,
14.0,20220401.0,149.0,0.0,0.0,1.0,3.0,4.0,6.0,
14.0,20220601.0,189.0,0.0,0.0,1.0,5.0,4.0,6.0,
14.0,20241201.0,184.5,0.0,0.0,1.0,35.0,4.0,6.0,
14.0,20230801.0,153.0,0.0,0.0,1.0,19.0,4.0,6.0,
14.0,20240901.0,162.0,0.0,0.0,1.0,32.0,4.0,6.0,
14.0,20231201.0,153.0,0.0,0.0,1.0,23.0,4.0,6.0,
14.0,20221001.0,189.0,0.0,0.0,1.0,9.0,4.0,6.0,
14.0,20240101.0,198.0,0.0,0.0,1.0,24.0,4.0,6.0,
14.0,20230501.0,198.0,0.0,0.0,1.0,16.0,4.0,6.0,
14.0,20250601.0,150.0,0.0,0.0,1.0,41.0,4.0,6.0,
14.0,20230901.0,144.0,0.0,0.0,1.0,20.0,4.0,6.0,
14.0,20240401.0,162.5,0.0,0.0,1.0,27.0,4.0,6.0,
14.0,20231101.0,198.0,0.0,0.0,1.0,22.0,4.0,6.0,
14.0,20250201.0,162.0,0.0,0.0,1.0,37.0,4.0,6.0,
14.0,20230601.0,169.0,0.0,0.0,1.0,17.0,4.0,6.0,
14.0,20250401.0,189.0,0.0,0.0,1.0,39.0,4.0,6.0,
14.0,20221201.0,153.0,0.0,0.0,1.0,11.0,4.0,6.0,
14.0,20220301.0,207.0,0.0,0.0,1.0,1.0,4.0,6.0,
14.0,20221101.0,198.0,0.0,0.0,1.0,10.0,4.0,6.0,
14.0,20220201.0,180.0,0.0,0.0,1.0,1.0,4.0,6.0,
14.0,20240101.0,162.0,0.0,0.0,1.0,24.0,4.0,6.0,
14.0,20240501.0,198.0,0.0,0.0,1.0,28.0,4.0,6.0,
14.0,20220101.0,189.0,0.0,0.0,1.0,0.0,4.0,6.0,
14.0,20220901.0,198.0,0.0,0.0,1.0,8.0,4.0,6.0,
521.0,20220101.0,18.0,0.0,0.0,1.0,0.0,3.0,14.0,
521.0,20220501.0,180.0,0.0,0.0,1.0,4.0,3.0,14.0,
521.0,20220401.0,149.0,0.0,0.0,1.0,3.0,3.0,14.0,
521.0,20220601.0,198.0,0.0,0.0,1.0,5.0,3.0,14.0,
521.0,20220301.0,198.0,0.0,0.0,1.0,1.0,3.0,14.0,
521.0,20220201.0,180.0,0.0,0.0,1.0,1.0,3.0,14.0,
521.0,20220101.0,189.0,0.0,0.0,1.0,0.0,3.0,14.0,
228.0,20250101.0,180.0,0.0,0.0,1.0,36.0,3.0,13.0,
228.0,20250101.0,0.0,0.0,0.0,1.0,36.0,3.0,13.0,
228.0,20231001.0,198.0,0.0,0.0,1.0,21.0,3.0,13.0,
228.0,20220101.0,144.0,0.0,0.0,1.0,0.0,3.0,13.0,
228.0,20230401.0,129.5,0.0,0.0,1.0,15.0,3.0,13.0,
228.0,20230301.0,180.5,0.0,0.0,1.0,14.0,3.0,13.0,
228.0,20250501.0,144.0,0.0,0.0,1.0,40.0,3.0,13.0,
228.0,20230101.0,180.0,0.0,0.0,1.0,12.0,3.0,13.0,
228.0,20240801.0,135.0,0.0,0.0,1.0,31.0,3.0,13.0,
228.0,20241101.0,189.0,0.0,0.0,1.0,34.0,3.0,13.0,
228.0,20220501.0,180.0,0.0,0.0,1.0,4.0,3.0,13.0,
228.0,20241001.0,180.0,0.0,0.0,1.0,33.0,3.0,13.0,
228.0,20240601.0,162.0,0.0,0.0,1.0,29.0,3.0,13.0,
228.0,20250301.0,133.0,0.0,0.0,1.0,38.0,3.0,13.0,
228.0,20230201.0,180.0,0.0,0.0,1.0,13.0,3.0,13.0,
228.0,20240201.0,189.0,0.0,0.0,1.0,25.0,3.0,13.0,
228.0,20240301.0,145.0,0.0,0.0,1.0,26.0,3.0,13.0,
228.0,20220401.0,142.0,0.0,0.0,1.0,3.0,3.0,13.0,
228.0,20220601.0,198.0,0.0,0.0,1.0,5.0,3.0,13.0,
228.0,20241201.0,126.0,0.0,0.0,1.0,35.0,3.0,13.0,
228.0,20230801.0,126.0,0.0,0.0,1.0,19.0,3.0,13.0,
228.0,20240901.0,189.0,0.0,0.0,1.0,32.0,3.0,13.0,
228.0,20231201.0,143.0,0.0,0.0,1.0,23.0,3.0,13.0,
228.0,20221001.0,189.0,0.0,0.0,1.0,9.0,3.0,13.0,
228.0,20240101.0,171.0,0.0,0.0,1.0,24.0,3.0,13.0,
228.0,20230501.0,198.0,0.0,0.0,1.0,16.0,3.0,13.0,
228.0,20250601.0,0.0,0.0,0.0,1.0,41.0,3.0,13.0,
228.0,20230901.0,180.0,0.0,0.0,1.0,20.0,3.0,13.0,
228.0,20240401.0,140.5,0.0,0.0,1.0,27.0,3.0,13.0,
228.0,20231101.0,189.0,0.0,0.0,1.0,22.0,3.0,13.0,
228.0,20250201.0,180.0,0.0,0.0,1.0,37.0,3.0,13.0,
228.0,20230601.0,169.0,0.0,0.0,1.0,17.0,3.0,13.0,
228.0,20250401.0,189.0,0.0,0.0,1.0,39.0,3.0,13.0,
228.0,20221201.0,153.0,0.0,0.0,1.0,11.0,3.0,13.0,
228.0,20220301.0,207.0,0.0,0.0,1.0,1.0,3.0,13.0,
228.0,20221101.0,198.0,0.0,0.0,1.0,10.0,3.0,13.0,
228.0,20220201.0,180.0,0.0,0.0,1.0,1.0,3.0,13.0,
228.0,20240101.0,162.0,0.0,0.0,1.0,24.0,3.0,13.0,
228.0,20240501.0,189.0,0.0,0.0,1.0,28.0,3.0,13.0,
228.0,20220101.0,162.0,0.0,0.0,1.0,0.0,3.0,13.0,
228.0,20220901.0,189.0,0.0,0.0,1.0,8.0,3.0,13.0,
229.0,20250101.0,144.14,0.0,0.0,1.0,36.0,1.0,3.0,
229.0,20250101.0,0.0,0.0,0.0,1.0,36.0,1.0,3.0,
229.0,20231001.0,210.81,0.0,0.0,1.0,21.0,1.0,3.0,
229.0,20220101.0,181.98,0.0,0.0,1.0,0.0,1.0,3.0,
229.0,20230401.0,132.05,0.0,0.0,1.0,15.0,1.0,3.0,
229.0,20230301.0,141.38,0.0,0.0,1.0,14.0,1.0,3.0,
229.0,20250501.0,0.0,0.0,0.0,1.0,40.0,1.0,3.0,
229.0,20230101.0,199.15,0.0,0.0,1.0,12.0,1.0,3.0,
229.0,20240801.0,17.97,0.0,0.0,1.0,31.0,1.0,3.0,
229.0,20241101.0,163.73,0.0,0.0,1.0,34.0,1.0,3.0,
229.0,20220501.0,182.93,0.0,0.0,1.0,4.0,1.0,3.0,
229.0,20241001.0,213.94,0.0,0.0,1.0,33.0,1.0,3.0,
229.0,20240601.0,173.69,0.0,0.0,1.0,29.0,1.0,3.0,
229.0,20250301.0,139.01,0.0,0.0,1.0,38.0,1.0,3.0,
229.0,20230201.0,170.43,0.0,0.0,1.0,13.0,1.0,3.0,
229.0,20240201.0,197.33,0.0,0.0,1.0,25.0,1.0,3.0,
229.0,20230101.0,195.56,0.0,0.0,1.0,12.0,1.0,3.0,
229.0,20240301.0,148.02,0.0,0.0,1.0,26.0,1.0,3.0,
229.0,20220401.0,136.02,0.0,0.0,1.0,3.0,1.0,3.0,
229.0,20220601.0,168.09,0.0,0.0,1.0,5.0,1.0,3.0,
229.0,20241201.0,130.16,0.0,0.0,1.0,35.0,1.0,3.0,
229.0,20230801.0,81.59,0.0,0.0,1.0,19.0,1.0,3.0,
229.0,20240901.0,109.24,0.0,0.0,1.0,32.0,1.0,3.0,
229.0,20231201.0,152.84,0.0,0.0,1.0,23.0,1.0,3.0,
229.0,20221001.0,182.18,0.0,0.0,1.0,9.0,1.0,3.0,
229.0,20240101.0,210.46,0.0,0.0,1.0,24.0,1.0,3.0,
229.0,20230501.0,196.22,0.0,0.0,1.0,16.0,1.0,3.0,
229.0,20250601.0,17.97,0.0,0.0,1.0,41.0,1.0,3.0,
229.0,20230901.0,152.69,0.0,0.0,1.0,20.0,1.0,3.0,
229.0,20240401.0,161.79,0.0,0.0,1.0,27.0,1.0,3.0,
229.0,20231101.0,197.62,0.0,0.0,1.0,22.0,1.0,3.0,
229.0,20250201.0,134.12,0.0,0.0,1.0,37.0,1.0,3.0,
229.0,20230601.0,180.9,0.0,0.0,1.0,17.0,1.0,3.0,
229.0,20250401.0,144.58,0.0,0.0,1.0,39.0,1.0,3.0,
229.0,20221201.0,130.43,0.0,0.0,1.0,11.0,1.0,3.0,
229.0,20220301.0,195.63,0.0,0.0,1.0,1.0,1.0,3.0,
229.0,20221101.0,178.6,0.0,0.0,1.0,10.0,1.0,3.0,
229.0,20220201.0,154.71,0.0,0.0,1.0,1.0,1.0,3.0,
229.0,20240101.0,196.74,0.0,0.0,1.0,24.0,1.0,3.0,
229.0,20240501.0,189.76,0.0,0.0,1.0,28.0,1.0,3.0,
229.0,20220101.0,198.55,0.0,0.0,1.0,0.0,1.0,3.0,
229.0,20220901.0,194.11,0.0,0.0,1.0,8.0,1.0,3.0,
522.0,20220101.0,134.45,0.0,0.0,1.0,0.0,1.0,2.0,
522.0,20220501.0,146.87,0.0,0.0,1.0,4.0,1.0,2.0,
522.0,20220401.0,127.43,0.0,0.0,1.0,3.0,1.0,2.0,
522.0,20220601.0,184.24,0.0,0.0,1.0,5.0,1.0,2.0,
522.0,20221001.0,188.77,0.0,0.0,1.0,9.0,1.0,2.0,
522.0,20220301.0,190.82,0.0,0.0,1.0,1.0,1.0,2.0,
522.0,20221101.0,45.05,0.0,0.0,1.0,10.0,1.0,2.0,
522.0,20220201.0,152.58,0.0,0.0,1.0,1.0,1.0,2.0,
522.0,20220101.0,149.78,0.0,0.0,1.0,0.0,1.0,2.0,
522.0,20220901.0,176.62,0.0,0.0,1.0,8.0,1.0,2.0,
432.0,20231001.0,198.0,0.0,0.0,1.0,21.0,3.0,14.0,
432.0,20220101.0,180.0,0.0,0.0,1.0,0.0,3.0,14.0,
432.0,20230401.0,129.5,0.0,0.0,1.0,15.0,3.0,14.0,
432.0,20230301.0,180.5,0.0,0.0,1.0,14.0,3.0,14.0,
432.0,20230101.0,198.0,0.0,0.0,1.0,12.0,3.0,14.0,
432.0,20220501.0,180.0,0.0,0.0,1.0,4.0,3.0,14.0,
432.0,20230201.0,180.0,0.0,0.0,1.0,13.0,3.0,14.0,
432.0,20240201.0,0.0,0.0,0.0,1.0,25.0,3.0,14.0,
432.0,20230101.0,153.0,0.0,0.0,1.0,12.0,3.0,14.0,
432.0,20220401.0,149.0,0.0,0.0,1.0,3.0,3.0,14.0,
432.0,20220601.0,198.0,0.0,0.0,1.0,5.0,3.0,14.0,
432.0,20230801.0,189.0,0.0,0.0,1.0,19.0,3.0,14.0,
432.0,20231201.0,63.0,0.0,0.0,1.0,23.0,3.0,14.0,
432.0,20221001.0,189.0,0.0,0.0,1.0,9.0,3.0,14.0,
432.0,20230501.0,189.0,0.0,0.0,1.0,16.0,3.0,14.0,
432.0,20230901.0,180.0,0.0,0.0,1.0,20.0,3.0,14.0,
432.0,20231101.0,198.0,0.0,0.0,1.0,22.0,3.0,14.0,
432.0,20230601.0,169.0,0.0,0.0,1.0,17.0,3.0,14.0,
432.0,20221201.0,153.0,0.0,0.0,1.0,11.0,3.0,14.0,
432.0,20220301.0,207.0,0.0,0.0,1.0,1.0,3.0,14.0,
432.0,20221101.0,198.0,0.0,0.0,1.0,10.0,3.0,14.0,
432.0,20220201.0,180.0,0.0,0.0,1.0,1.0,3.0,14.0,
432.0,20220101.0,189.0,0.0,0.0,1.0,0.0,3.0,14.0,
432.0,20220901.0,72.0,0.0,0.0,1.0,8.0,3.0,14.0,
581.0,20220501.0,180.0,0.0,0.0,1.0,4.0,3.0,14.0,
581.0,20220401.0,149.0,0.0,0.0,1.0,3.0,3.0,14.0,
581.0,20220601.0,108.0,0.0,0.0,1.0,5.0,3.0,14.0,
581.0,20220301.0,198.0,0.0,0.0,1.0,1.0,3.0,14.0,
581.0,20220201.0,180.0,0.0,0.0,1.0,1.0,3.0,14.0,
581.0,20220101.0,189.0,0.0,0.0,1.0,0.0,3.0,14.0,
523.0,20220101.0,144.0,0.0,0.0,1.0,0.0,3.0,14.0,
523.0,20230101.0,0.0,0.0,0.0,1.0,12.0,3.0,14.0,
523.0,20220501.0,180.0,0.0,0.0,1.0,4.0,3.0,14.0,
523.0,20220401.0,149.0,0.0,0.0,1.0,3.0,3.0,14.0,
523.0,20220601.0,180.0,0.0,0.0,1.0,5.0,3.0,14.0,
523.0,20221001.0,171.0,0.0,0.0,1.0,9.0,3.0,14.0,
523.0,20221201.0,126.0,0.0,0.0,1.0,11.0,3.0,14.0,
523.0,20220301.0,198.0,0.0,0.0,1.0,1.0,3.0,14.0,
523.0,20221101.0,108.0,0.0,0.0,1.0,10.0,3.0,14.0,
523.0,20220201.0,180.0,0.0,0.0,1.0,1.0,3.0,14.0,
523.0,20220101.0,189.0,0.0,0.0,1.0,0.0,3.0,14.0,
523.0,20220901.0,189.0,0.0,0.0,1.0,8.0,3.0,14.0,
433.0,20231001.0,171.0,0.0,0.0,1.0,21.0,3.0,17.0,
433.0,20220101.0,171.0,0.0,0.0,1.0,0.0,3.0,17.0,
433.0,20230401.0,129.5,0.0,0.0,1.0,15.0,3.0,17.0,
433.0,20230301.0,180.5,0.0,0.0,1.0,14.0,3.0,17.0,
433.0,20230101.0,198.0,0.0,0.0,1.0,12.0,3.0,17.0,
433.0,20240801.0,153.0,0.0,0.0,1.0,31.0,3.0,17.0,
433.0,20220501.0,180.0,0.0,0.0,1.0,4.0,3.0,17.0,
433.0,20241001.0,0.0,0.0,0.0,1.0,33.0,3.0,17.0,
433.0,20240601.0,171.0,0.0,0.0,1.0,29.0,3.0,17.0,
433.0,20230201.0,180.0,0.0,0.0,1.0,13.0,3.0,17.0,
433.0,20240201.0,189.0,0.0,0.0,1.0,25.0,3.0,17.0,
433.0,20230101.0,135.0,0.0,0.0,1.0,12.0,3.0,17.0,
433.0,20240301.0,145.0,0.0,0.0,1.0,26.0,3.0,17.0,
433.0,20220401.0,149.0,0.0,0.0,1.0,3.0,3.0,17.0,
433.0,20220601.0,198.0,0.0,0.0,1.0,5.0,3.0,17.0,
433.0,20230801.0,171.0,0.0,0.0,1.0,19.0,3.0,17.0,
433.0,20240901.0,135.0,0.0,0.0,1.0,32.0,3.0,17.0,
433.0,20231201.0,144.0,0.0,0.0,1.0,23.0,3.0,17.0,
433.0,20221001.0,189.0,0.0,0.0,1.0,9.0,3.0,17.0,
433.0,20240101.0,189.0,0.0,0.0,1.0,24.0,3.0,17.0,
433.0,20230501.0,198.0,0.0,0.0,1.0,16.0,3.0,17.0,
433.0,20230901.0,180.0,0.0,0.0,1.0,20.0,3.0,17.0,
433.0,20240401.0,140.5,0.0,0.0,1.0,27.0,3.0,17.0,
433.0,20231101.0,198.0,0.0,0.0,1.0,22.0,3.0,17.0,
433.0,20230601.0,169.0,0.0,0.0,1.0,17.0,3.0,17.0,
433.0,20221201.0,153.0,0.0,0.0,1.0,11.0,3.0,17.0,
433.0,20220301.0,198.0,0.0,0.0,1.0,1.0,3.0,17.0,
433.0,20221101.0,198.0,0.0,0.0,1.0,10.0,3.0,17.0,
433.0,20220201.0,180.0,0.0,0.0,1.0,1.0,3.0,17.0,
433.0,20240101.0,162.0,0.0,0.0,1.0,24.0,3.0,17.0,
433.0,20240501.0,198.0,0.0,0.0,1.0,28.0,3.0,17.0,
433.0,20220101.0,189.0,0.0,0.0,1.0,0.0,3.0,17.0,
433.0,20220901.0,198.0,0.0,0.0,1.0,8.0,3.0,17.0,
616.0,20220101.0,0.0,0.0,0.0,1.0,0.0,3.0,14.0,
524.0,20220101.0,144.0,0.0,0.0,1.0,0.0,3.0,13.0,
524.0,20220501.0,180.0,0.0,0.0,1.0,4.0,3.0,13.0,
524.0,20220401.0,149.0,0.0,0.0,1.0,3.0,3.0,13.0,
524.0,20220601.0,198.0,0.0,0.0,1.0,5.0,3.0,13.0,
524.0,20221001.0,153.0,0.0,0.0,1.0,9.0,3.0,13.0,
524.0,20221201.0,0.0,0.0,0.0,1.0,11.0,3.0,13.0,
524.0,20220301.0,207.0,0.0,0.0,1.0,1.0,3.0,13.0,
524.0,20221101.0,198.0,0.0,0.0,1.0,10.0,3.0,13.0,
524.0,20220201.0,180.0,0.0,0.0,1.0,1.0,3.0,13.0,
524.0,20220101.0,189.0,0.0,0.0,1.0,0.0,3.0,13.0,
524.0,20220901.0,198.0,0.0,0.0,1.0,8.0,3.0,13.0,
525.0,20220101.0,118.23,0.0,0.0,1.0,0.0,1.0,10.0,
525.0,20220501.0,202.72,0.0,0.0,1.0,4.0,1.0,10.0,
525.0,20220401.0,142.34,0.0,0.0,1.0,3.0,1.0,10.0,
525.0,20220601.0,188.54,0.0,0.0,1.0,5.0,1.0,10.0,
525.0,20220301.0,221.1,0.0,0.0,1.0,1.0,1.0,10.0,
525.0,20220201.0,184.95,0.0,0.0,1.0,1.0,1.0,10.0,
525.0,20220101.0,193.86,0.0,0.0,1.0,0.0,1.0,10.0,
230.0,20250101.0,180.0,0.0,0.0,1.0,36.0,3.0,14.0,
230.0,20250101.0,126.0,0.0,0.0,1.0,36.0,3.0,14.0,
230.0,20231001.0,198.0,0.0,0.0,1.0,21.0,3.0,14.0,
230.0,20220101.0,180.0,0.0,0.0,1.0,0.0,3.0,14.0,
230.0,20230401.0,129.5,0.0,0.0,1.0,15.0,3.0,14.0,
230.0,20230301.0,162.5,0.0,0.0,1.0,14.0,3.0,14.0,
230.0,20250501.0,180.0,0.0,0.0,1.0,40.0,3.0,14.0,
230.0,20230101.0,180.0,0.0,0.0,1.0,12.0,3.0,14.0,
230.0,20240801.0,135.0,0.0,0.0,1.0,31.0,3.0,14.0,
230.0,20241101.0,180.0,0.0,0.0,1.0,34.0,3.0,14.0,
230.0,20220501.0,180.0,0.0,0.0,1.0,4.0,3.0,14.0,
230.0,20241001.0,207.0,0.0,0.0,1.0,33.0,3.0,14.0,
230.0,20240601.0,171.0,0.0,0.0,1.0,29.0,3.0,14.0,
230.0,20250301.0,126.0,0.0,0.0,1.0,38.0,3.0,14.0,
230.0,20230201.0,153.0,0.0,0.0,1.0,13.0,3.0,14.0,
230.0,20240201.0,180.0,0.0,0.0,1.0,25.0,3.0,14.0,
230.0,20230101.0,162.0,0.0,0.0,1.0,12.0,3.0,14.0,
230.0,20240301.0,145.0,0.0,0.0,1.0,26.0,3.0,14.0,
230.0,20220401.0,142.0,0.0,0.0,1.0,3.0,3.0,14.0,
230.0,20220601.0,198.0,0.0,0.0,1.0,5.0,3.0,14.0,
230.0,20241201.0,126.0,0.0,0.0,1.0,35.0,3.0,14.0,
230.0,20230801.0,126.0,0.0,0.0,1.0,19.0,3.0,14.0,
230.0,20240901.0,189.0,0.0,0.0,1.0,32.0,3.0,14.0,
230.0,20231201.0,180.0,0.0,0.0,1.0,23.0,3.0,14.0,
230.0,20221001.0,180.0,0.0,0.0,1.0,9.0,3.0,14.0,
230.0,20240101.0,189.0,0.0,0.0,1.0,24.0,3.0,14.0,
230.0,20230501.0,180.0,0.0,0.0,1.0,16.0,3.0,14.0,
230.0,20250601.0,177.0,0.0,0.0,1.0,41.0,3.0,14.0,
230.0,20230901.0,153.0,0.0,0.0,1.0,20.0,3.0,14.0,
230.0,20240401.0,140.5,0.0,0.0,1.0,27.0,3.0,14.0,
230.0,20231101.0,198.0,0.0,0.0,1.0,22.0,3.0,14.0,
230.0,20250201.0,180.0,0.0,0.0,1.0,37.0,3.0,14.0,
230.0,20230601.0,142.0,0.0,0.0,1.0,17.0,3.0,14.0,
230.0,20250401.0,126.0,0.0,0.0,1.0,39.0,3.0,14.0,
230.0,20221201.0,135.0,0.0,0.0,1.0,11.0,3.0,14.0,
230.0,20220301.0,198.0,0.0,0.0,1.0,1.0,3.0,14.0,
230.0,20221101.0,198.0,0.0,0.0,1.0,10.0,3.0,14.0,
230.0,20220201.0,180.0,0.0,0.0,1.0,1.0,3.0,14.0,
230.0,20240101.0,162.0,0.0,0.0,1.0,24.0,3.0,14.0,
230.0,20240501.0,198.0,0.0,0.0,1.0,28.0,3.0,14.0,
230.0,20220901.0,180.0,0.0,0.0,1.0,8.0,3.0,14.0,
231.0,20250101.0,180.0,0.0,0.0,1.0,36.0,3.0,13.0,
231.0,20250101.0,126.0,0.0,0.0,1.0,36.0,3.0,13.0,
231.0,20231001.0,198.0,0.0,0.0,1.0,21.0,3.0,13.0,
231.0,20220101.0,180.0,0.0,0.0,1.0,0.0,3.0,13.0,
231.0,20230401.0,129.5,0.0,0.0,1.0,15.0,3.0,13.0,
231.0,20230301.0,180.5,0.0,0.0,1.0,14.0,3.0,13.0,
231.0,20250501.0,180.0,0.0,0.0,1.0,40.0,3.0,13.0,
231.0,20230101.0,198.0,0.0,0.0,1.0,12.0,3.0,13.0,
231.0,20240801.0,153.0,0.0,0.0,1.0,31.0,3.0,13.0,
231.0,20241101.0,189.0,0.0,0.0,1.0,34.0,3.0,13.0,
231.0,20220501.0,171.0,0.0,0.0,1.0,4.0,3.0,13.0,
231.0,20241001.0,135.0,0.0,0.0,1.0,33.0,3.0,13.0,
231.0,20240601.0,171.0,0.0,0.0,1.0,29.0,3.0,13.0,
231.0,20250301.0,133.0,0.0,0.0,1.0,38.0,3.0,13.0,
231.0,20230201.0,180.0,0.0,0.0,1.0,13.0,3.0,13.0,
231.0,20240201.0,189.0,0.0,0.0,1.0,25.0,3.0,13.0,
231.0,20230101.0,171.0,0.0,0.0,1.0,12.0,3.0,13.0,
231.0,20240301.0,145.0,0.0,0.0,1.0,26.0,3.0,13.0,
231.0,20220401.0,149.0,0.0,0.0,1.0,3.0,3.0,13.0,
231.0,20220601.0,198.0,0.0,0.0,1.0,5.0,3.0,13.0,
231.0,20241201.0,171.0,0.0,0.0,1.0,35.0,3.0,13.0,
231.0,20230801.0,162.0,0.0,0.0,1.0,19.0,3.0,13.0,
231.0,20240901.0,189.0,0.0,0.0,1.0,32.0,3.0,13.0,
231.0,20231201.0,135.0,0.0,0.0,1.0,23.0,3.0,13.0,
231.0,20221001.0,189.0,0.0,0.0,1.0,9.0,3.0,13.0,
231.0,20240101.0,162.0,0.0,0.0,1.0,24.0,3.0,13.0,
231.0,20230501.0,180.0,0.0,0.0,1.0,16.0,3.0,13.0,
231.0,20250601.0,150.0,0.0,0.0,1.0,41.0,3.0,13.0,
231.0,20230901.0,180.0,0.0,0.0,1.0,20.0,3.0,13.0,
231.0,20240401.0,140.5,0.0,0.0,1.0,27.0,3.0,13.0,
231.0,20231101.0,189.0,0.0,0.0,1.0,22.0,3.0,13.0,
231.0,20250201.0,153.0,0.0,0.0,1.0,37.0,3.0,13.0,
231.0,20230601.0,169.0,0.0,0.0,1.0,17.0,3.0,13.0,
231.0,20250401.0,189.0,0.0,0.0,1.0,39.0,3.0,13.0,
231.0,20221201.0,153.0,0.0,0.0,1.0,11.0,3.0,13.0,
231.0,20220301.0,207.0,0.0,0.0,1.0,1.0,3.0,13.0,
231.0,20221101.0,198.0,0.0,0.0,1.0,10.0,3.0,13.0,
231.0,20220201.0,180.0,0.0,0.0,1.0,1.0,3.0,13.0,
231.0,20240501.0,180.0,0.0,0.0,1.0,28.0,3.0,13.0,
231.0,20220101.0,189.0,0.0,0.0,1.0,0.0,3.0,13.0,
231.0,20220901.0,189.0,0.0,0.0,1.0,8.0,3.0,13.0,
526.0,20220101.0,162.25,0.0,0.0,1.0,0.0,2.0,22.0,
526.0,20230401.0,100.95,0.0,0.0,1.0,15.0,2.0,22.0,
526.0,20230301.0,177.88,0.0,0.0,1.0,14.0,2.0,22.0,
526.0,20230101.0,178.17,0.0,0.0,1.0,12.0,2.0,22.0,
526.0,20220501.0,179.33,0.0,0.0,1.0,4.0,2.0,22.0,
526.0,20230201.0,174.42,0.0,0.0,1.0,13.0,2.0,22.0,
526.0,20220401.0,119.44,0.0,0.0,1.0,3.0,2.0,22.0,
526.0,20220601.0,157.33,0.0,0.0,1.0,5.0,2.0,22.0,
526.0,20221001.0,161.12,0.0,0.0,1.0,9.0,2.0,22.0,
526.0,20230501.0,58.87,0.0,0.0,1.0,16.0,2.0,22.0,
526.0,20221201.0,178.43,0.0,0.0,1.0,11.0,2.0,22.0,
526.0,20220301.0,198.68,0.0,0.0,1.0,1.0,2.0,22.0,
526.0,20221101.0,178.8,0.0,0.0,1.0,10.0,2.0,22.0,
526.0,20220201.0,177.87,0.0,0.0,1.0,1.0,2.0,22.0,
526.0,20220101.0,143.7,0.0,0.0,1.0,0.0,2.0,22.0,
526.0,20220901.0,198.93,0.0,0.0,1.0,8.0,2.0,22.0,
434.0,20231001.0,186.83,0.0,0.0,1.0,21.0,5.0,22.0,
434.0,20220101.0,161.17,0.0,0.0,1.0,0.0,5.0,22.0,
434.0,20230401.0,141.52,0.0,0.0,1.0,15.0,5.0,22.0,
434.0,20230301.0,184.75,0.0,0.0,1.0,14.0,5.0,22.0,
434.0,20230101.0,129.9,0.0,0.0,1.0,12.0,5.0,22.0,
434.0,20220501.0,181.83,0.0,0.0,1.0,4.0,5.0,22.0,
434.0,20230201.0,185.51,0.0,0.0,1.0,13.0,5.0,22.0,
434.0,20240201.0,177.65,0.0,0.0,1.0,25.0,5.0,22.0,
434.0,20230101.0,186.09,0.0,0.0,1.0,12.0,5.0,22.0,
434.0,20240301.0,125.54,0.0,0.0,1.0,26.0,5.0,22.0,
434.0,20220401.0,146.68,0.0,0.0,1.0,3.0,5.0,22.0,
434.0,20220601.0,189.86,0.0,0.0,1.0,5.0,5.0,22.0,
434.0,20230801.0,185.42,0.0,0.0,1.0,19.0,5.0,22.0,
434.0,20231201.0,186.64,0.0,0.0,1.0,23.0,5.0,22.0,
434.0,20221001.0,172.34,0.0,0.0,1.0,9.0,5.0,22.0,
434.0,20230501.0,185.07,0.0,0.0,1.0,16.0,5.0,22.0,
434.0,20230901.0,178.66,0.0,0.0,1.0,20.0,5.0,22.0,
434.0,20240401.0,73.96,0.0,0.0,1.0,27.0,5.0,22.0,
434.0,20231101.0,184.1,0.0,0.0,1.0,22.0,5.0,22.0,
434.0,20230601.0,182.53,0.0,0.0,1.0,17.0,5.0,22.0,
434.0,20221201.0,159.81,0.0,0.0,1.0,11.0,5.0,22.0,
434.0,20220301.0,200.89,0.0,0.0,1.0,1.0,5.0,22.0,
434.0,20221101.0,185.27,0.0,0.0,1.0,10.0,5.0,22.0,
434.0,20220201.0,177.14,0.0,0.0,1.0,1.0,5.0,22.0,
434.0,20240101.0,184.62,0.0,0.0,1.0,24.0,5.0,22.0,
434.0,20220101.0,160.61,0.0,0.0,1.0,0.0,5.0,22.0,
434.0,20220901.0,195.68,0.0,0.0,1.0,8.0,5.0,22.0,
435.0,20231001.0,198.0,0.0,0.0,1.0,21.0,3.0,17.0,
435.0,20220101.0,162.0,0.0,0.0,1.0,0.0,3.0,17.0,
435.0,20230401.0,129.5,0.0,0.0,1.0,15.0,3.0,17.0,
435.0,20230301.0,171.5,0.0,0.0,1.0,14.0,3.0,17.0,
435.0,20230101.0,180.0,0.0,0.0,1.0,12.0,3.0,17.0,
435.0,20220501.0,171.0,0.0,0.0,1.0,4.0,3.0,17.0,
435.0,20230201.0,180.0,0.0,0.0,1.0,13.0,3.0,17.0,
435.0,20230101.0,144.0,0.0,0.0,1.0,12.0,3.0,17.0,
435.0,20220401.0,149.0,0.0,0.0,1.0,3.0,3.0,17.0,
435.0,20220601.0,198.0,0.0,0.0,1.0,5.0,3.0,17.0,
435.0,20230801.0,207.0,0.0,0.0,1.0,19.0,3.0,17.0,
435.0,20231201.0,126.0,0.0,0.0,1.0,23.0,3.0,17.0,
435.0,20221001.0,189.0,0.0,0.0,1.0,9.0,3.0,17.0,
435.0,20230501.0,171.0,0.0,0.0,1.0,16.0,3.0,17.0,
435.0,20230901.0,180.0,0.0,0.0,1.0,20.0,3.0,17.0,
435.0,20231101.0,189.0,0.0,0.0,1.0,22.0,3.0,17.0,
435.0,20230601.0,160.0,0.0,0.0,1.0,17.0,3.0,17.0,
435.0,20221201.0,144.0,0.0,0.0,1.0,11.0,3.0,17.0,
435.0,20220301.0,207.0,0.0,0.0,1.0,1.0,3.0,17.0,
435.0,20221101.0,189.0,0.0,0.0,1.0,10.0,3.0,17.0,
435.0,20220201.0,180.0,0.0,0.0,1.0,1.0,3.0,17.0,
435.0,20220101.0,189.0,0.0,0.0,1.0,0.0,3.0,17.0,
435.0,20220901.0,198.0,0.0,0.0,1.0,8.0,3.0,17.0,
582.0,20220501.0,180.0,0.0,0.0,1.0,4.0,3.0,14.0,
582.0,20220401.0,149.0,0.0,0.0,1.0,3.0,3.0,14.0,
582.0,20220601.0,99.0,0.0,0.0,1.0,5.0,3.0,14.0,
582.0,20220301.0,207.0,0.0,0.0,1.0,1.0,3.0,14.0,
582.0,20220201.0,180.0,0.0,0.0,1.0,1.0,3.0,14.0,
582.0,20220101.0,144.0,0.0,0.0,1.0,0.0,3.0,14.0,
583.0,20220501.0,180.0,0.0,0.0,1.0,4.0,3.0,14.0,
583.0,20220401.0,149.0,0.0,0.0,1.0,3.0,3.0,14.0,
583.0,20220601.0,0.0,0.0,0.0,1.0,5.0,3.0,14.0,
583.0,20220301.0,207.0,0.0,0.0,1.0,1.0,3.0,14.0,
583.0,20220201.0,153.0,0.0,0.0,1.0,1.0,3.0,14.0,
583.0,20220101.0,189.0,0.0,0.0,1.0,0.0,3.0,14.0,
436.0,20231001.0,198.0,0.0,0.0,1.0,21.0,3.0,14.0,
436.0,20220101.0,180.0,0.0,0.0,1.0,0.0,3.0,14.0,
436.0,20230401.0,129.5,0.0,0.0,1.0,15.0,3.0,14.0,
436.0,20230301.0,171.5,0.0,0.0,1.0,14.0,3.0,14.0,
436.0,20230101.0,198.0,0.0,0.0,1.0,12.0,3.0,14.0,
436.0,20240801.0,126.0,0.0,0.0,1.0,31.0,3.0,14.0,
436.0,20220501.0,166.5,0.0,0.0,1.0,4.0,3.0,14.0,
436.0,20241001.0,81.0,0.0,0.0,1.0,33.0,3.0,14.0,
436.0,20240601.0,162.0,0.0,0.0,1.0,29.0,3.0,14.0,
436.0,20230201.0,180.0,0.0,0.0,1.0,13.0,3.0,14.0,
436.0,20240201.0,189.0,0.0,0.0,1.0,25.0,3.0,14.0,
436.0,20230101.0,171.0,0.0,0.0,1.0,12.0,3.0,14.0,
436.0,20240301.0,145.0,0.0,0.0,1.0,26.0,3.0,14.0,
436.0,20220401.0,149.0,0.0,0.0,1.0,3.0,3.0,14.0,
436.0,20220601.0,198.0,0.0,0.0,1.0,5.0,3.0,14.0,
436.0,20230801.0,117.0,0.0,0.0,1.0,19.0,3.0,14.0,
436.0,20240901.0,189.0,0.0,0.0,1.0,32.0,3.0,14.0,
436.0,20231201.0,144.0,0.0,0.0,1.0,23.0,3.0,14.0,
436.0,20221001.0,189.0,0.0,0.0,1.0,9.0,3.0,14.0,
436.0,20240101.0,171.0,0.0,0.0,1.0,24.0,3.0,14.0,
436.0,20230501.0,198.0,0.0,0.0,1.0,16.0,3.0,14.0,
436.0,20230901.0,171.0,0.0,0.0,1.0,20.0,3.0,14.0,
436.0,20240401.0,140.5,0.0,0.0,1.0,27.0,3.0,14.0,
436.0,20231101.0,198.0,0.0,0.0,1.0,22.0,3.0,14.0,
436.0,20230601.0,160.0,0.0,0.0,1.0,17.0,3.0,14.0,
436.0,20221201.0,153.0,0.0,0.0,1.0,11.0,3.0,14.0,
436.0,20220301.0,135.0,0.0,0.0,1.0,1.0,3.0,14.0,
436.0,20221101.0,198.0,0.0,0.0,1.0,10.0,3.0,14.0,
436.0,20220201.0,180.0,0.0,0.0,1.0,1.0,3.0,14.0,
436.0,20240101.0,135.0,0.0,0.0,1.0,24.0,3.0,14.0,
436.0,20240501.0,198.0,0.0,0.0,1.0,28.0,3.0,14.0,
436.0,20220101.0,189.0,0.0,0.0,1.0,0.0,3.0,14.0,
436.0,20220901.0,198.0,0.0,0.0,1.0,8.0,3.0,14.0,
527.0,20220101.0,54.0,0.0,0.0,1.0,0.0,3.0,14.0,
527.0,20220501.0,180.0,0.0,0.0,1.0,4.0,3.0,14.0,
527.0,20220401.0,140.0,0.0,0.0,1.0,3.0,3.0,14.0,
527.0,20220601.0,171.0,0.0,0.0,1.0,5.0,3.0,14.0,
527.0,20220301.0,189.0,0.0,0.0,1.0,1.0,3.0,14.0,
527.0,20220201.0,180.0,0.0,0.0,1.0,1.0,3.0,14.0,
527.0,20220101.0,189.0,0.0,0.0,1.0,0.0,3.0,14.0,
607.0,20220201.0,63.0,0.0,0.0,1.0,1.0,4.0,22.0,
607.0,20220101.0,180.0,0.0,0.0,1.0,0.0,4.0,22.0,
528.0,20220101.0,180.0,0.0,0.0,1.0,0.0,3.0,13.0,
528.0,20230401.0,129.5,0.0,0.0,1.0,15.0,3.0,13.0,
528.0,20230301.0,180.5,0.0,0.0,1.0,14.0,3.0,13.0,
528.0,20230101.0,189.0,0.0,0.0,1.0,12.0,3.0,13.0,
528.0,20220501.0,171.0,0.0,0.0,1.0,4.0,3.0,13.0,
528.0,20230201.0,90.0,0.0,0.0,1.0,13.0,3.0,13.0,
528.0,20230101.0,180.0,0.0,0.0,1.0,12.0,3.0,13.0,
528.0,20220401.0,149.0,0.0,0.0,1.0,3.0,3.0,13.0,
528.0,20220601.0,180.0,0.0,0.0,1.0,5.0,3.0,13.0,
528.0,20230801.0,99.0,0.0,0.0,1.0,19.0,3.0,13.0,
528.0,20221001.0,189.0,0.0,0.0,1.0,9.0,3.0,13.0,
528.0,20230501.0,198.0,0.0,0.0,1.0,16.0,3.0,13.0,
528.0,20230601.0,169.0,0.0,0.0,1.0,17.0,3.0,13.0,
528.0,20221201.0,153.0,0.0,0.0,1.0,11.0,3.0,13.0,
528.0,20220301.0,198.0,0.0,0.0,1.0,1.0,3.0,13.0,
528.0,20221101.0,108.0,0.0,0.0,1.0,10.0,3.0,13.0,
528.0,20220201.0,180.0,0.0,0.0,1.0,1.0,3.0,13.0,
528.0,20220101.0,144.0,0.0,0.0,1.0,0.0,3.0,13.0,
528.0,20220901.0,198.0,0.0,0.0,1.0,8.0,3.0,13.0,
232.0,20250101.0,186.2,0.0,0.0,1.0,24.0,5.0,10.0,
232.0,20250101.0,0.0,0.0,0.0,1.0,24.0,5.0,10.0,
232.0,20231001.0,185.13,0.0,0.0,1.0,9.0,5.0,10.0,
232.0,20230401.0,138.93,0.0,0.0,1.0,3.0,5.0,10.0,
232.0,20230301.0,168.15,0.0,0.0,1.0,1.0,5.0,10.0,
232.0,20250501.0,139.64,0.0,0.0,1.0,28.0,5.0,10.0,
232.0,20230101.0,0.0,0.0,0.0,1.0,0.0,5.0,10.0,
232.0,20240801.0,109.22,0.0,0.0,1.0,19.0,5.0,10.0,
232.0,20241101.0,194.73,0.0,0.0,1.0,22.0,5.0,10.0,
232.0,20241001.0,215.14,0.0,0.0,1.0,21.0,5.0,10.0,
232.0,20240601.0,163.69,0.0,0.0,1.0,17.0,5.0,10.0,
232.0,20250301.0,133.77,0.0,0.0,1.0,26.0,5.0,10.0,
232.0,20230201.0,146.8,0.0,0.0,1.0,1.0,5.0,10.0,
232.0,20240201.0,200.11,0.0,0.0,1.0,13.0,5.0,10.0,
232.0,20230101.0,193.45,0.0,0.0,1.0,0.0,5.0,10.0,
232.0,20240301.0,150.6,0.0,0.0,1.0,14.0,5.0,10.0,
232.0,20241201.0,162.46,0.0,0.0,1.0,23.0,5.0,10.0,
232.0,20230801.0,213.73,0.0,0.0,1.0,7.0,5.0,10.0,
232.0,20240901.0,185.24,0.0,0.0,1.0,20.0,5.0,10.0,
232.0,20231201.0,191.86,0.0,0.0,1.0,11.0,5.0,10.0,
232.0,20240101.0,197.11,0.0,0.0,1.0,12.0,5.0,10.0,
232.0,20230501.0,185.3,0.0,0.0,1.0,4.0,5.0,10.0,
232.0,20250601.0,0.0,0.0,0.0,1.0,29.0,5.0,10.0,
232.0,20230901.0,185.25,0.0,0.0,1.0,8.0,5.0,10.0,
232.0,20240401.0,138.36,0.0,0.0,1.0,15.0,5.0,10.0,
232.0,20231101.0,194.96,0.0,0.0,1.0,10.0,5.0,10.0,
232.0,20250201.0,174.14,0.0,0.0,1.0,25.0,5.0,10.0,
232.0,20230601.0,182.64,0.0,0.0,1.0,5.0,5.0,10.0,
232.0,20250401.0,164.24,0.0,0.0,1.0,27.0,5.0,10.0,
232.0,20240101.0,189.47,0.0,0.0,1.0,12.0,5.0,10.0,
232.0,20240501.0,213.44,0.0,0.0,1.0,16.0,5.0,10.0,
529.0,20220101.0,180.0,0.0,0.0,1.0,0.0,4.0,22.0,
529.0,20220501.0,180.0,0.0,0.0,1.0,4.0,4.0,22.0,
529.0,20220401.0,145.5,0.0,0.0,1.0,3.0,4.0,22.0,
529.0,20220601.0,198.0,0.0,0.0,1.0,5.0,4.0,22.0,
529.0,20220301.0,207.0,0.0,0.0,1.0,1.0,4.0,22.0,
529.0,20220201.0,180.0,0.0,0.0,1.0,1.0,4.0,22.0,
529.0,20220101.0,99.0,0.0,0.0,1.0,0.0,4.0,22.0,
529.0,20220901.0,27.0,0.0,0.0,1.0,8.0,4.0,22.0,
233.0,20250101.0,181.1,0.0,0.0,1.0,36.0,2.0,22.0,
233.0,20250101.0,102.18,0.0,0.0,1.0,36.0,2.0,22.0,
233.0,20231001.0,18.15,0.0,0.0,1.0,21.0,2.0,22.0,
233.0,20220101.0,158.87,0.0,0.0,1.0,0.0,2.0,22.0,
233.0,20230401.0,133.55,0.0,0.0,1.0,15.0,2.0,22.0,
233.0,20230301.0,172.03,0.0,0.0,1.0,14.0,2.0,22.0,
233.0,20250501.0,178.08,0.0,0.0,1.0,40.0,2.0,22.0,
233.0,20230101.0,153.11,0.0,0.0,1.0,12.0,2.0,22.0,
233.0,20240801.0,99.33,0.0,0.0,1.0,31.0,2.0,22.0,
233.0,20241101.0,178.66,0.0,0.0,1.0,34.0,2.0,22.0,
233.0,20220501.0,181.91,0.0,0.0,1.0,4.0,2.0,22.0,
233.0,20241001.0,207.72,0.0,0.0,1.0,33.0,2.0,22.0,
233.0,20240601.0,144.81,0.0,0.0,1.0,29.0,2.0,22.0,
233.0,20250301.0,132.12,0.0,0.0,1.0,38.0,2.0,22.0,
233.0,20230201.0,169.14,0.0,0.0,1.0,13.0,2.0,22.0,
233.0,20240201.0,162.94,0.0,0.0,1.0,25.0,2.0,22.0,
233.0,20230101.0,180.04,0.0,0.0,1.0,12.0,2.0,22.0,
233.0,20240301.0,130.63,0.0,0.0,1.0,26.0,2.0,22.0,
233.0,20220401.0,134.88,0.0,0.0,1.0,3.0,2.0,22.0,
233.0,20220601.0,199.58,0.0,0.0,1.0,5.0,2.0,22.0,
233.0,20241201.0,185.63,0.0,0.0,1.0,35.0,2.0,22.0,
233.0,20230801.0,35.84,0.0,0.0,1.0,19.0,2.0,22.0,
233.0,20240901.0,188.26,0.0,0.0,1.0,32.0,2.0,22.0,
233.0,20231201.0,162.07,0.0,0.0,1.0,23.0,2.0,22.0,
233.0,20221001.0,187.71,0.0,0.0,1.0,9.0,2.0,22.0,
233.0,20240101.0,190.39,0.0,0.0,1.0,24.0,2.0,22.0,
233.0,20230501.0,197.49,0.0,0.0,1.0,16.0,2.0,22.0,
233.0,20250601.0,176.54,0.0,0.0,1.0,41.0,2.0,22.0,
233.0,20230901.0,0.0,0.0,0.0,1.0,20.0,2.0,22.0,
233.0,20240401.0,154.34,0.0,0.0,1.0,27.0,2.0,22.0,
233.0,20231101.0,179.67,0.0,0.0,1.0,22.0,2.0,22.0,
233.0,20250201.0,171.83,0.0,0.0,1.0,37.0,2.0,22.0,
233.0,20230601.0,159.64,0.0,0.0,1.0,17.0,2.0,22.0,
233.0,20250401.0,184.71,0.0,0.0,1.0,39.0,2.0,22.0,
233.0,20221201.0,189.41,0.0,0.0,1.0,11.0,2.0,22.0,
233.0,20220301.0,200.38,0.0,0.0,1.0,1.0,2.0,22.0,
233.0,20221101.0,199.27,0.0,0.0,1.0,10.0,2.0,22.0,
233.0,20220201.0,182.48,0.0,0.0,1.0,1.0,2.0,22.0,
233.0,20240101.0,171.65,0.0,0.0,1.0,24.0,2.0,22.0,
233.0,20240501.0,171.82,0.0,0.0,1.0,28.0,2.0,22.0,
233.0,20220101.0,182.17,0.0,0.0,1.0,0.0,2.0,22.0,
233.0,20220901.0,45.29,0.0,0.0,1.0,8.0,2.0,22.0,
480.0,20220101.0,161.03,0.0,0.0,1.0,0.0,1.0,3.0,
480.0,20220501.0,180.58,0.0,0.0,1.0,4.0,1.0,3.0,
480.0,20220401.0,139.39,0.0,0.0,1.0,3.0,1.0,3.0,
480.0,20220601.0,171.67,0.0,0.0,1.0,5.0,1.0,3.0,
480.0,20220301.0,72.05,0.0,0.0,1.0,1.0,1.0,3.0,
480.0,20220201.0,179.74,0.0,0.0,1.0,1.0,1.0,3.0,
480.0,20220101.0,180.76,0.0,0.0,1.0,0.0,1.0,3.0,
584.0,20220501.0,128.91,0.0,0.0,1.0,4.0,1.0,11.0,
584.0,20220401.0,124.84,0.0,0.0,1.0,3.0,1.0,11.0,
584.0,20220601.0,0.0,0.0,0.0,1.0,5.0,1.0,11.0,
584.0,20220301.0,154.48,0.0,0.0,1.0,1.0,1.0,11.0,
584.0,20220201.0,173.14,0.0,0.0,1.0,1.0,1.0,11.0,
584.0,20220101.0,163.18,0.0,0.0,1.0,0.0,1.0,11.0,
585.0,20220501.0,150.78,0.0,0.0,1.0,4.0,1.0,22.0,
585.0,20220401.0,133.31,0.0,0.0,1.0,3.0,1.0,22.0,
585.0,20220601.0,27.33,0.0,0.0,1.0,5.0,1.0,22.0,
585.0,20220301.0,201.05,0.0,0.0,1.0,1.0,1.0,22.0,
585.0,20220201.0,181.79,0.0,0.0,1.0,1.0,1.0,22.0,
585.0,20220101.0,192.3,0.0,0.0,1.0,0.0,1.0,22.0,
530.0,20220101.0,81.37,0.0,0.0,1.0,0.0,5.0,22.0,
530.0,20230401.0,169.11,0.0,0.0,1.0,15.0,5.0,22.0,
530.0,20230301.0,192.5,0.0,0.0,1.0,14.0,5.0,22.0,
530.0,20230101.0,193.71,0.0,0.0,1.0,12.0,5.0,22.0,
530.0,20220501.0,129.43,0.0,0.0,1.0,4.0,5.0,22.0,
530.0,20230201.0,171.19,0.0,0.0,1.0,13.0,5.0,22.0,
530.0,20230101.0,148.19,0.0,0.0,1.0,12.0,5.0,22.0,
530.0,20220401.0,132.67,0.0,0.0,1.0,3.0,5.0,22.0,
530.0,20220601.0,142.17,0.0,0.0,1.0,5.0,5.0,22.0,
530.0,20230801.0,91.29,0.0,0.0,1.0,19.0,5.0,22.0,
530.0,20221001.0,193.62,0.0,0.0,1.0,9.0,5.0,22.0,
530.0,20230501.0,199.13,0.0,0.0,1.0,16.0,5.0,22.0,
530.0,20230901.0,0.0,0.0,0.0,1.0,20.0,5.0,22.0,
530.0,20230601.0,188.18,0.0,0.0,1.0,17.0,5.0,22.0,
530.0,20221201.0,176.56,0.0,0.0,1.0,11.0,5.0,22.0,
530.0,20220301.0,154.47,0.0,0.0,1.0,1.0,5.0,22.0,
530.0,20221101.0,189.58,0.0,0.0,1.0,10.0,5.0,22.0,
530.0,20220201.0,175.16,0.0,0.0,1.0,1.0,5.0,22.0,
530.0,20220101.0,186.77,0.0,0.0,1.0,0.0,5.0,22.0,
530.0,20220901.0,178.91,0.0,0.0,1.0,8.0,5.0,22.0,
531.0,20220101.0,162.0,0.0,0.0,1.0,0.0,3.0,22.0,
531.0,20220501.0,180.0,0.0,0.0,1.0,4.0,3.0,22.0,
531.0,20220401.0,149.0,0.0,0.0,1.0,3.0,3.0,22.0,
531.0,20220601.0,198.0,0.0,0.0,1.0,5.0,3.0,22.0,
531.0,20220301.0,198.0,0.0,0.0,1.0,1.0,3.0,22.0,
531.0,20220201.0,171.0,0.0,0.0,1.0,1.0,3.0,22.0,
531.0,20220101.0,189.0,0.0,0.0,1.0,0.0,3.0,22.0,
437.0,20231001.0,198.99,0.0,0.0,1.0,21.0,2.0,15.0,
437.0,20220101.0,152.0,0.0,0.0,1.0,0.0,2.0,15.0,
437.0,20230401.0,141.51,0.0,0.0,1.0,15.0,2.0,15.0,
437.0,20230301.0,112.08,0.0,0.0,1.0,14.0,2.0,15.0,
437.0,20230101.0,199.71,0.0,0.0,1.0,12.0,2.0,15.0,
437.0,20220501.0,146.37,0.0,0.0,1.0,4.0,2.0,15.0,
437.0,20240601.0,82.7,0.0,0.0,1.0,29.0,2.0,15.0,
437.0,20230201.0,127.82,0.0,0.0,1.0,13.0,2.0,15.0,
437.0,20240201.0,154.19,0.0,0.0,1.0,25.0,2.0,15.0,
437.0,20230101.0,136.58,0.0,0.0,1.0,12.0,2.0,15.0,
437.0,20240301.0,146.06,0.0,0.0,1.0,26.0,2.0,15.0,
437.0,20220401.0,143.59,0.0,0.0,1.0,3.0,2.0,15.0,
437.0,20220601.0,193.74,0.0,0.0,1.0,5.0,2.0,15.0,
437.0,20230801.0,192.09,0.0,0.0,1.0,19.0,2.0,15.0,
437.0,20231201.0,167.71,0.0,0.0,1.0,23.0,2.0,15.0,
437.0,20221001.0,181.23,0.0,0.0,1.0,9.0,2.0,15.0,
437.0,20230501.0,201.25,0.0,0.0,1.0,16.0,2.0,15.0,
437.0,20230901.0,144.6,0.0,0.0,1.0,20.0,2.0,15.0,
437.0,20240401.0,146.23,0.0,0.0,1.0,27.0,2.0,15.0,
437.0,20231101.0,200.77,0.0,0.0,1.0,22.0,2.0,15.0,
437.0,20230601.0,145.9,0.0,0.0,1.0,17.0,2.0,15.0,
437.0,20221201.0,186.52,0.0,0.0,1.0,11.0,2.0,15.0,
437.0,20220301.0,211.59,0.0,0.0,1.0,1.0,2.0,15.0,
437.0,20221101.0,161.64,0.0,0.0,1.0,10.0,2.0,15.0,
437.0,20220201.0,179.41,0.0,0.0,1.0,1.0,2.0,15.0,
437.0,20240101.0,162.72,0.0,0.0,1.0,24.0,2.0,15.0,
437.0,20240501.0,186.93,0.0,0.0,1.0,28.0,2.0,15.0,
437.0,20220101.0,189.86,0.0,0.0,1.0,0.0,2.0,15.0,
437.0,20220901.0,161.97,0.0,0.0,1.0,8.0,2.0,15.0,
532.0,20220101.0,111.27,0.0,0.0,1.0,0.0,2.0,21.0,
532.0,20230101.0,126.14,0.0,0.0,1.0,12.0,2.0,21.0,
532.0,20220501.0,164.34,0.0,0.0,1.0,4.0,2.0,21.0,
532.0,20220401.0,139.52,0.0,0.0,1.0,3.0,2.0,21.0,
532.0,20220601.0,191.23,0.0,0.0,1.0,5.0,2.0,21.0,
532.0,20221001.0,186.61,0.0,0.0,1.0,9.0,2.0,21.0,
532.0,20221201.0,143.44,0.0,0.0,1.0,11.0,2.0,21.0,
532.0,20220301.0,206.44,0.0,0.0,1.0,1.0,2.0,21.0,
532.0,20221101.0,175.55,0.0,0.0,1.0,10.0,2.0,21.0,
532.0,20220201.0,172.08,0.0,0.0,1.0,1.0,2.0,21.0,
532.0,20220101.0,119.6,0.0,0.0,1.0,0.0,2.0,21.0,
532.0,20220901.0,140.15,0.0,0.0,1.0,8.0,2.0,21.0,
438.0,20231001.0,192.91,0.0,0.0,1.0,21.0,1.0,11.0,
438.0,20220101.0,180.74,0.0,0.0,1.0,0.0,1.0,11.0,
438.0,20230401.0,129.2,0.0,0.0,1.0,15.0,1.0,11.0,
438.0,20230301.0,186.63,0.0,0.0,1.0,14.0,1.0,11.0,
438.0,20230101.0,202.11,0.0,0.0,1.0,12.0,1.0,11.0,
438.0,20220501.0,202.91,0.0,0.0,1.0,4.0,1.0,11.0,
438.0,20230201.0,189.47,0.0,0.0,1.0,13.0,1.0,11.0,
438.0,20230101.0,174.88,0.0,0.0,1.0,12.0,1.0,11.0,
438.0,20220401.0,128.88,0.0,0.0,1.0,3.0,1.0,11.0,
438.0,20220601.0,208.9,0.0,0.0,1.0,5.0,1.0,11.0,
438.0,20230801.0,194.72,0.0,0.0,1.0,19.0,1.0,11.0,
438.0,20231201.0,170.55,0.0,0.0,1.0,23.0,1.0,11.0,
438.0,20221001.0,200.82,0.0,0.0,1.0,9.0,1.0,11.0,
438.0,20230501.0,201.03,0.0,0.0,1.0,16.0,1.0,11.0,
438.0,20230901.0,180.32,0.0,0.0,1.0,20.0,1.0,11.0,
438.0,20231101.0,197.68,0.0,0.0,1.0,22.0,1.0,11.0,
438.0,20230601.0,164.26,0.0,0.0,1.0,17.0,1.0,11.0,
438.0,20221201.0,182.73,0.0,0.0,1.0,11.0,1.0,11.0,
438.0,20220301.0,206.46,0.0,0.0,1.0,1.0,1.0,11.0,
438.0,20221101.0,199.36,0.0,0.0,1.0,10.0,1.0,11.0,
438.0,20220201.0,176.24,0.0,0.0,1.0,1.0,1.0,11.0,
438.0,20240101.0,36.35,0.0,0.0,1.0,24.0,1.0,11.0,
438.0,20220101.0,189.78,0.0,0.0,1.0,0.0,1.0,11.0,
438.0,20220901.0,207.71,0.0,0.0,1.0,8.0,1.0,11.0,
234.0,20250101.0,156.55,0.0,0.0,1.0,36.0,1.0,10.0,
234.0,20250101.0,93.17,0.0,0.0,1.0,36.0,1.0,10.0,
234.0,20231001.0,202.83,0.0,0.0,1.0,21.0,1.0,10.0,
234.0,20220101.0,165.3,0.0,0.0,1.0,0.0,1.0,10.0,
234.0,20230401.0,128.68,0.0,0.0,1.0,15.0,1.0,10.0,
234.0,20230301.0,176.17,0.0,0.0,1.0,14.0,1.0,10.0,
234.0,20250501.0,182.24,0.0,0.0,1.0,40.0,1.0,10.0,
234.0,20230101.0,202.03,0.0,0.0,1.0,12.0,1.0,10.0,
234.0,20240801.0,119.36,0.0,0.0,1.0,31.0,1.0,10.0,
234.0,20241101.0,191.99,0.0,0.0,1.0,34.0,1.0,10.0,
234.0,20220501.0,190.12,0.0,0.0,1.0,4.0,1.0,10.0,
234.0,20241001.0,191.93,0.0,0.0,1.0,33.0,1.0,10.0,
234.0,20240601.0,174.42,0.0,0.0,1.0,29.0,1.0,10.0,
234.0,20250301.0,135.17,0.0,0.0,1.0,38.0,1.0,10.0,
234.0,20230201.0,181.29,0.0,0.0,1.0,13.0,1.0,10.0,
234.0,20240201.0,188.52,0.0,0.0,1.0,25.0,1.0,10.0,
234.0,20230101.0,193.29,0.0,0.0,1.0,12.0,1.0,10.0,
234.0,20240301.0,142.88,0.0,0.0,1.0,26.0,1.0,10.0,
234.0,20220401.0,142.9,0.0,0.0,1.0,3.0,1.0,10.0,
234.0,20220601.0,201.77,0.0,0.0,1.0,5.0,1.0,10.0,
234.0,20241201.0,194.98,0.0,0.0,1.0,35.0,1.0,10.0,
234.0,20230801.0,91.95,0.0,0.0,1.0,19.0,1.0,10.0,
234.0,20240901.0,197.8,0.0,0.0,1.0,32.0,1.0,10.0,
234.0,20231201.0,184.7,0.0,0.0,1.0,23.0,1.0,10.0,
234.0,20221001.0,190.0,0.0,0.0,1.0,9.0,1.0,10.0,
234.0,20240101.0,203.07,0.0,0.0,1.0,24.0,1.0,10.0,
234.0,20230501.0,193.69,0.0,0.0,1.0,16.0,1.0,10.0,
234.0,20250601.0,172.45,0.0,0.0,1.0,41.0,1.0,10.0,
234.0,20230901.0,182.66,0.0,0.0,1.0,20.0,1.0,10.0,
234.0,20240401.0,151.65,0.0,0.0,1.0,27.0,1.0,10.0,
234.0,20231101.0,200.74,0.0,0.0,1.0,22.0,1.0,10.0,
234.0,20250201.0,175.21,0.0,0.0,1.0,37.0,1.0,10.0,
234.0,20230601.0,182.06,0.0,0.0,1.0,17.0,1.0,10.0,
234.0,20250401.0,190.93,0.0,0.0,1.0,39.0,1.0,10.0,
234.0,20221201.0,133.27,0.0,0.0,1.0,11.0,1.0,10.0,
234.0,20220301.0,219.96,0.0,0.0,1.0,1.0,1.0,10.0,
234.0,20221101.0,200.32,0.0,0.0,1.0,10.0,1.0,10.0,
234.0,20220201.0,184.58,0.0,0.0,1.0,1.0,1.0,10.0,
234.0,20240101.0,174.66,0.0,0.0,1.0,24.0,1.0,10.0,
234.0,20240501.0,198.12,0.0,0.0,1.0,28.0,1.0,10.0,
234.0,20220101.0,183.61,0.0,0.0,1.0,0.0,1.0,10.0,
234.0,20220901.0,217.68,0.0,0.0,1.0,8.0,1.0,10.0,
601.0,20220301.0,44.78,0.0,0.0,1.0,1.0,5.0,22.0,
601.0,20220201.0,168.19,0.0,0.0,1.0,1.0,5.0,22.0,
601.0,20220101.0,186.33,0.0,0.0,1.0,0.0,5.0,22.0,
235.0,20250101.0,186.7,0.0,0.0,1.0,36.0,1.0,11.0,
235.0,20250101.0,135.46,0.0,0.0,1.0,36.0,1.0,11.0,
235.0,20231001.0,190.5,0.0,0.0,1.0,21.0,1.0,11.0,
235.0,20220101.0,175.1,0.0,0.0,1.0,0.0,1.0,11.0,
235.0,20230401.0,167.72,0.0,0.0,1.0,15.0,1.0,11.0,
235.0,20230301.0,159.7,0.0,0.0,1.0,14.0,1.0,11.0,
235.0,20250501.0,189.37,0.0,0.0,1.0,40.0,1.0,11.0,
235.0,20230101.0,175.32,0.0,0.0,1.0,12.0,1.0,11.0,
235.0,20240801.0,149.76,0.0,0.0,1.0,31.0,1.0,11.0,
235.0,20241101.0,191.71,0.0,0.0,1.0,34.0,1.0,11.0,
235.0,20220501.0,203.89,0.0,0.0,1.0,4.0,1.0,11.0,
235.0,20241001.0,194.66,0.0,0.0,1.0,33.0,1.0,11.0,
235.0,20240601.0,163.67,0.0,0.0,1.0,29.0,1.0,11.0,
235.0,20250301.0,134.58,0.0,0.0,1.0,38.0,1.0,11.0,
235.0,20230201.0,156.11,0.0,0.0,1.0,13.0,1.0,11.0,
235.0,20240201.0,169.14,0.0,0.0,1.0,25.0,1.0,11.0,
235.0,20230101.0,209.63,0.0,0.0,1.0,12.0,1.0,11.0,
235.0,20240301.0,121.69,0.0,0.0,1.0,26.0,1.0,11.0,
235.0,20220401.0,136.5,0.0,0.0,1.0,3.0,1.0,11.0,
235.0,20220601.0,185.63,0.0,0.0,1.0,5.0,1.0,11.0,
235.0,20241201.0,202.81,0.0,0.0,1.0,35.0,1.0,11.0,
235.0,20230801.0,189.21,0.0,0.0,1.0,19.0,1.0,11.0,
235.0,20240901.0,178.43,0.0,0.0,1.0,32.0,1.0,11.0,
235.0,20231201.0,189.64,0.0,0.0,1.0,23.0,1.0,11.0,
235.0,20221001.0,194.68,0.0,0.0,1.0,9.0,1.0,11.0,
235.0,20240101.0,207.62,0.0,0.0,1.0,24.0,1.0,11.0,
235.0,20230501.0,196.69,0.0,0.0,1.0,16.0,1.0,11.0,
235.0,20250601.0,142.41,0.0,0.0,1.0,41.0,1.0,11.0,
235.0,20230901.0,172.61,0.0,0.0,1.0,20.0,1.0,11.0,
235.0,20240401.0,188.55,0.0,0.0,1.0,27.0,1.0,11.0,
235.0,20231101.0,176.5,0.0,0.0,1.0,22.0,1.0,11.0,
235.0,20250201.0,183.91,0.0,0.0,1.0,37.0,1.0,11.0,
235.0,20230601.0,156.99,0.0,0.0,1.0,17.0,1.0,11.0,
235.0,20250401.0,180.07,0.0,0.0,1.0,39.0,1.0,11.0,
235.0,20221201.0,215.33,0.0,0.0,1.0,11.0,1.0,11.0,
235.0,20220301.0,191.44,0.0,0.0,1.0,1.0,1.0,11.0,
235.0,20221101.0,176.19,0.0,0.0,1.0,10.0,1.0,11.0,
235.0,20220201.0,181.74,0.0,0.0,1.0,1.0,1.0,11.0,
235.0,20240101.0,182.71,0.0,0.0,1.0,24.0,1.0,11.0,
235.0,20240501.0,181.09,0.0,0.0,1.0,28.0,1.0,11.0,
235.0,20220101.0,181.55,0.0,0.0,1.0,0.0,1.0,11.0,
235.0,20220901.0,153.87,0.0,0.0,1.0,8.0,1.0,11.0,
439.0,20231001.0,215.91,0.0,0.0,1.0,21.0,1.0,1.0,
439.0,20220101.0,175.53,0.0,0.0,1.0,0.0,1.0,1.0,
439.0,20230401.0,158.55,0.0,0.0,1.0,15.0,1.0,1.0,
439.0,20230301.0,177.66,0.0,0.0,1.0,14.0,1.0,1.0,
439.0,20230101.0,191.31,0.0,0.0,1.0,12.0,1.0,1.0,
439.0,20220501.0,191.87,0.0,0.0,1.0,4.0,1.0,1.0,
439.0,20240601.0,146.0,0.0,0.0,1.0,29.0,1.0,1.0,
439.0,20230201.0,198.92,0.0,0.0,1.0,13.0,1.0,1.0,
439.0,20240201.0,205.37,0.0,0.0,1.0,25.0,1.0,1.0,
439.0,20230101.0,214.95,0.0,0.0,1.0,12.0,1.0,1.0,
439.0,20240301.0,139.25,0.0,0.0,1.0,26.0,1.0,1.0,
439.0,20220401.0,141.37,0.0,0.0,1.0,3.0,1.0,1.0,
439.0,20220601.0,190.73,0.0,0.0,1.0,5.0,1.0,1.0,
439.0,20230801.0,143.54,0.0,0.0,1.0,19.0,1.0,1.0,
439.0,20231201.0,171.22,0.0,0.0,1.0,23.0,1.0,1.0,
439.0,20221001.0,179.96,0.0,0.0,1.0,9.0,1.0,1.0,
439.0,20240101.0,0.0,0.0,0.0,1.0,24.0,1.0,1.0,
439.0,20230501.0,204.12,0.0,0.0,1.0,16.0,1.0,1.0,
439.0,20230901.0,183.17,0.0,0.0,1.0,20.0,1.0,1.0,
439.0,20240401.0,165.38,0.0,0.0,1.0,27.0,1.0,1.0,
439.0,20231101.0,196.81,0.0,0.0,1.0,22.0,1.0,1.0,
439.0,20230601.0,176.26,0.0,0.0,1.0,17.0,1.0,1.0,
439.0,20221201.0,193.08,0.0,0.0,1.0,11.0,1.0,1.0,
439.0,20220301.0,198.53,0.0,0.0,1.0,1.0,1.0,1.0,
439.0,20221101.0,196.62,0.0,0.0,1.0,10.0,1.0,1.0,
439.0,20220201.0,184.23,0.0,0.0,1.0,1.0,1.0,1.0,
439.0,20240101.0,211.72,0.0,0.0,1.0,24.0,1.0,1.0,
439.0,20240501.0,200.1,0.0,0.0,1.0,28.0,1.0,1.0,
439.0,20220101.0,193.77,0.0,0.0,1.0,0.0,1.0,1.0,
439.0,20220901.0,208.52,0.0,0.0,1.0,8.0,1.0,1.0,
533.0,20220101.0,183.34,0.0,0.0,1.0,0.0,1.0,1.0,
533.0,20220501.0,180.19,0.0,0.0,1.0,4.0,1.0,1.0,
533.0,20220401.0,135.99,0.0,0.0,1.0,3.0,1.0,1.0,
533.0,20220601.0,210.27,0.0,0.0,1.0,5.0,1.0,1.0,
533.0,20221001.0,43.7,0.0,0.0,1.0,9.0,1.0,1.0,
533.0,20220301.0,128.69,0.0,0.0,1.0,1.0,1.0,1.0,
533.0,20221101.0,0.0,0.0,0.0,1.0,10.0,1.0,1.0,
533.0,20220201.0,0.0,0.0,0.0,1.0,1.0,1.0,1.0,
533.0,20220101.0,0.0,0.0,0.0,1.0,0.0,1.0,1.0,
533.0,20220901.0,202.0,0.0,0.0,1.0,8.0,1.0,1.0,
594.0,20220401.0,41.79,0.0,0.0,1.0,3.0,1.0,22.0,
594.0,20220301.0,216.43,0.0,0.0,1.0,1.0,1.0,22.0,
594.0,20220201.0,184.52,0.0,0.0,1.0,1.0,1.0,22.0,
594.0,20220101.0,189.37,0.0,0.0,1.0,0.0,1.0,22.0,
236.0,20250101.0,180.0,0.0,0.0,1.0,36.0,3.0,17.0,
236.0,20250101.0,126.0,0.0,0.0,1.0,36.0,3.0,17.0,
236.0,20231001.0,198.0,0.0,0.0,1.0,21.0,3.0,17.0,
236.0,20220101.0,144.0,0.0,0.0,1.0,0.0,3.0,17.0,
236.0,20230401.0,129.5,0.0,0.0,1.0,15.0,3.0,17.0,
236.0,20230301.0,180.5,0.0,0.0,1.0,14.0,3.0,17.0,
236.0,20250501.0,189.0,0.0,0.0,1.0,40.0,3.0,17.0,
236.0,20230101.0,189.0,0.0,0.0,1.0,12.0,3.0,17.0,
236.0,20240801.0,153.0,0.0,0.0,1.0,31.0,3.0,17.0,
236.0,20241101.0,189.0,0.0,0.0,1.0,34.0,3.0,17.0,
236.0,20220501.0,180.0,0.0,0.0,1.0,4.0,3.0,17.0,
236.0,20241001.0,207.0,0.0,0.0,1.0,33.0,3.0,17.0,
236.0,20240601.0,171.0,0.0,0.0,1.0,29.0,3.0,17.0,
236.0,20250301.0,133.0,0.0,0.0,1.0,38.0,3.0,17.0,
236.0,20230201.0,180.0,0.0,0.0,1.0,13.0,3.0,17.0,
236.0,20240201.0,189.0,0.0,0.0,1.0,25.0,3.0,17.0,
236.0,20230101.0,180.0,0.0,0.0,1.0,12.0,3.0,17.0,
236.0,20240301.0,145.0,0.0,0.0,1.0,26.0,3.0,17.0,
236.0,20220401.0,149.0,0.0,0.0,1.0,3.0,3.0,17.0,
236.0,20220601.0,198.0,0.0,0.0,1.0,5.0,3.0,17.0,
236.0,20241201.0,126.0,0.0,0.0,1.0,35.0,3.0,17.0,
236.0,20230801.0,162.0,0.0,0.0,1.0,19.0,3.0,17.0,
236.0,20240901.0,180.0,0.0,0.0,1.0,32.0,3.0,17.0,
236.0,20231201.0,144.0,0.0,0.0,1.0,23.0,3.0,17.0,
236.0,20221001.0,180.0,0.0,0.0,1.0,9.0,3.0,17.0,
236.0,20240101.0,198.0,0.0,0.0,1.0,24.0,3.0,17.0,
236.0,20230501.0,180.0,0.0,0.0,1.0,16.0,3.0,17.0,
236.0,20250601.0,177.0,0.0,0.0,1.0,41.0,3.0,17.0,
236.0,20230901.0,180.0,0.0,0.0,1.0,20.0,3.0,17.0,
236.0,20240401.0,140.5,0.0,0.0,1.0,27.0,3.0,17.0,
236.0,20231101.0,189.0,0.0,0.0,1.0,22.0,3.0,17.0,
236.0,20250201.0,180.0,0.0,0.0,1.0,37.0,3.0,17.0,
236.0,20230601.0,169.0,0.0,0.0,1.0,17.0,3.0,17.0,
236.0,20250401.0,189.0,0.0,0.0,1.0,39.0,3.0,17.0,
236.0,20221201.0,135.0,0.0,0.0,1.0,11.0,3.0,17.0,
236.0,20220301.0,207.0,0.0,0.0,1.0,1.0,3.0,17.0,
236.0,20221101.0,198.0,0.0,0.0,1.0,10.0,3.0,17.0,
236.0,20220201.0,180.0,0.0,0.0,1.0,1.0,3.0,17.0,
236.0,20240101.0,162.0,0.0,0.0,1.0,24.0,3.0,17.0,
236.0,20240501.0,189.0,0.0,0.0,1.0,28.0,3.0,17.0,
236.0,20220101.0,189.0,0.0,0.0,1.0,0.0,3.0,17.0,
236.0,20220901.0,198.0,0.0,0.0,1.0,8.0,3.0,17.0,
237.0,20250101.0,216.94,0.0,0.0,1.0,36.0,1.0,22.0,
237.0,20250101.0,110.12,0.0,0.0,1.0,36.0,1.0,22.0,
237.0,20231001.0,199.76,0.0,0.0,1.0,21.0,1.0,22.0,
237.0,20220101.0,170.74,0.0,0.0,1.0,0.0,1.0,22.0,
237.0,20230401.0,137.16,0.0,0.0,1.0,15.0,1.0,22.0,
237.0,20230301.0,168.24,0.0,0.0,1.0,14.0,1.0,22.0,
237.0,20250501.0,191.5,0.0,0.0,1.0,40.0,1.0,22.0,
237.0,20230101.0,205.76,0.0,0.0,1.0,12.0,1.0,22.0,
237.0,20240801.0,145.86,0.0,0.0,1.0,31.0,1.0,22.0,
237.0,20241101.0,179.66,0.0,0.0,1.0,34.0,1.0,22.0,
237.0,20220501.0,207.41,0.0,0.0,1.0,4.0,1.0,22.0,
237.0,20241001.0,210.82,0.0,0.0,1.0,33.0,1.0,22.0,
237.0,20240601.0,174.0,0.0,0.0,1.0,29.0,1.0,22.0,
237.0,20250301.0,104.76,0.0,0.0,1.0,38.0,1.0,22.0,
237.0,20230201.0,176.61,0.0,0.0,1.0,13.0,1.0,22.0,
237.0,20240201.0,188.4,0.0,0.0,1.0,25.0,1.0,22.0,
237.0,20230101.0,174.59,0.0,0.0,1.0,12.0,1.0,22.0,
237.0,20240301.0,134.78,0.0,0.0,1.0,26.0,1.0,22.0,
237.0,20220401.0,159.96,0.0,0.0,1.0,3.0,1.0,22.0,
237.0,20220601.0,198.15,0.0,0.0,1.0,5.0,1.0,22.0,
237.0,20241201.0,204.73,0.0,0.0,1.0,35.0,1.0,22.0,
237.0,20230801.0,145.42,0.0,0.0,1.0,19.0,1.0,22.0,
237.0,20240901.0,174.62,0.0,0.0,1.0,32.0,1.0,22.0,
237.0,20231201.0,193.71,0.0,0.0,1.0,23.0,1.0,22.0,
237.0,20221001.0,146.77,0.0,0.0,1.0,9.0,1.0,22.0,
237.0,20240101.0,192.05,0.0,0.0,1.0,24.0,1.0,22.0,
237.0,20230501.0,157.17,0.0,0.0,1.0,16.0,1.0,22.0,
237.0,20250601.0,180.56,0.0,0.0,1.0,41.0,1.0,22.0,
237.0,20230901.0,200.93,0.0,0.0,1.0,20.0,1.0,22.0,
237.0,20240401.0,152.19,0.0,0.0,1.0,27.0,1.0,22.0,
237.0,20231101.0,191.19,0.0,0.0,1.0,22.0,1.0,22.0,
237.0,20250201.0,183.35,0.0,0.0,1.0,37.0,1.0,22.0,
237.0,20230601.0,171.41,0.0,0.0,1.0,17.0,1.0,22.0,
237.0,20250401.0,146.75,0.0,0.0,1.0,39.0,1.0,22.0,
237.0,20221201.0,204.22,0.0,0.0,1.0,11.0,1.0,22.0,
237.0,20220301.0,223.45,0.0,0.0,1.0,1.0,1.0,22.0,
237.0,20221101.0,187.17,0.0,0.0,1.0,10.0,1.0,22.0,
237.0,20220201.0,201.42,0.0,0.0,1.0,1.0,1.0,22.0,
237.0,20240101.0,200.0,0.0,0.0,1.0,24.0,1.0,22.0,
237.0,20240501.0,187.59,0.0,0.0,1.0,28.0,1.0,22.0,
237.0,20220101.0,200.6,0.0,0.0,1.0,0.0,1.0,22.0,
237.0,20220901.0,226.65,0.0,0.0,1.0,8.0,1.0,22.0,
534.0,20220101.0,144.0,0.0,0.0,1.0,0.0,3.0,7.0,
534.0,20220501.0,171.0,0.0,0.0,1.0,4.0,3.0,7.0,
534.0,20220401.0,149.0,0.0,0.0,1.0,3.0,3.0,7.0,
534.0,20220601.0,189.0,0.0,0.0,1.0,5.0,3.0,7.0,
534.0,20221001.0,36.0,0.0,0.0,1.0,9.0,3.0,7.0,
534.0,20220301.0,207.0,0.0,0.0,1.0,1.0,3.0,7.0,
534.0,20220201.0,171.0,0.0,0.0,1.0,1.0,3.0,7.0,
534.0,20220101.0,189.0,0.0,0.0,1.0,0.0,3.0,7.0,
534.0,20220901.0,198.0,0.0,0.0,1.0,8.0,3.0,7.0,
535.0,20220101.0,144.0,0.0,0.0,1.0,0.0,3.0,7.0,
535.0,20220501.0,162.0,0.0,0.0,1.0,4.0,3.0,7.0,
535.0,20220401.0,142.0,0.0,0.0,1.0,3.0,3.0,7.0,
535.0,20220601.0,198.0,0.0,0.0,1.0,5.0,3.0,7.0,
535.0,20221201.0,0.0,0.0,0.0,1.0,11.0,3.0,7.0,
535.0,20220301.0,207.0,0.0,0.0,1.0,1.0,3.0,7.0,
535.0,20220201.0,180.0,0.0,0.0,1.0,1.0,3.0,7.0,
535.0,20220101.0,189.0,0.0,0.0,1.0,0.0,3.0,7.0,
238.0,20250101.0,180.0,0.0,0.0,1.0,36.0,3.0,17.0,
238.0,20250101.0,126.0,0.0,0.0,1.0,36.0,3.0,17.0,
238.0,20231001.0,180.0,0.0,0.0,1.0,21.0,3.0,17.0,
238.0,20220101.0,171.0,0.0,0.0,1.0,0.0,3.0,17.0,
238.0,20230401.0,97.0,0.0,0.0,1.0,15.0,3.0,17.0,
238.0,20230301.0,174.0,0.0,0.0,1.0,14.0,3.0,17.0,
238.0,20250501.0,189.0,0.0,0.0,1.0,40.0,3.0,17.0,
238.0,20230101.0,189.0,0.0,0.0,1.0,12.0,3.0,17.0,
238.0,20240801.0,144.0,0.0,0.0,1.0,31.0,3.0,17.0,
238.0,20241101.0,189.0,0.0,0.0,1.0,34.0,3.0,17.0,
238.0,20220501.0,180.0,0.0,0.0,1.0,4.0,3.0,17.0,
238.0,20241001.0,189.0,0.0,0.0,1.0,33.0,3.0,17.0,
238.0,20240601.0,171.0,0.0,0.0,1.0,29.0,3.0,17.0,
238.0,20250301.0,133.0,0.0,0.0,1.0,38.0,3.0,17.0,
238.0,20230201.0,180.0,0.0,0.0,1.0,13.0,3.0,17.0,
238.0,20240201.0,171.0,0.0,0.0,1.0,25.0,3.0,17.0,
238.0,20230101.0,180.0,0.0,0.0,1.0,12.0,3.0,17.0,
238.0,20240301.0,145.0,0.0,0.0,1.0,26.0,3.0,17.0,
238.0,20220401.0,149.0,0.0,0.0,1.0,3.0,3.0,17.0,
238.0,20220601.0,198.0,0.0,0.0,1.0,5.0,3.0,17.0,
238.0,20241201.0,99.0,0.0,0.0,1.0,35.0,3.0,17.0,
238.0,20230801.0,162.0,0.0,0.0,1.0,19.0,3.0,17.0,
238.0,20240901.0,180.0,0.0,0.0,1.0,32.0,3.0,17.0,
238.0,20231201.0,144.0,0.0,0.0,1.0,23.0,3.0,17.0,
238.0,20221001.0,180.0,0.0,0.0,1.0,9.0,3.0,17.0,
238.0,20240101.0,171.0,0.0,0.0,1.0,24.0,3.0,17.0,
238.0,20230501.0,198.0,0.0,0.0,1.0,16.0,3.0,17.0,
238.0,20250601.0,162.0,0.0,0.0,1.0,41.0,3.0,17.0,
238.0,20230901.0,180.0,0.0,0.0,1.0,20.0,3.0,17.0,
238.0,20240401.0,140.5,0.0,0.0,1.0,27.0,3.0,17.0,
238.0,20231101.0,198.0,0.0,0.0,1.0,22.0,3.0,17.0,
238.0,20250201.0,180.0,0.0,0.0,1.0,37.0,3.0,17.0,
238.0,20230601.0,169.0,0.0,0.0,1.0,17.0,3.0,17.0,
238.0,20250401.0,189.0,0.0,0.0,1.0,39.0,3.0,17.0,
238.0,20221201.0,135.0,0.0,0.0,1.0,11.0,3.0,17.0,
238.0,20220301.0,189.0,0.0,0.0,1.0,1.0,3.0,17.0,
238.0,20221101.0,198.0,0.0,0.0,1.0,10.0,3.0,17.0,
238.0,20220201.0,180.0,0.0,0.0,1.0,1.0,3.0,17.0,
238.0,20240101.0,153.0,0.0,0.0,1.0,24.0,3.0,17.0,
238.0,20240501.0,189.0,0.0,0.0,1.0,28.0,3.0,17.0,
238.0,20220101.0,189.0,0.0,0.0,1.0,0.0,3.0,17.0,
238.0,20220901.0,198.0,0.0,0.0,1.0,8.0,3.0,17.0,
440.0,20231001.0,196.33,0.0,0.0,1.0,21.0,1.0,18.0,
440.0,20220101.0,168.65,0.0,0.0,1.0,0.0,1.0,18.0,
440.0,20230401.0,140.81,0.0,0.0,1.0,15.0,1.0,18.0,
440.0,20230301.0,175.23,0.0,0.0,1.0,14.0,1.0,18.0,
440.0,20230101.0,196.47,0.0,0.0,1.0,12.0,1.0,18.0,
440.0,20220501.0,191.61,0.0,0.0,1.0,4.0,1.0,18.0,
440.0,20230201.0,184.9,0.0,0.0,1.0,13.0,1.0,18.0,
440.0,20240201.0,186.04,0.0,0.0,1.0,25.0,1.0,18.0,
440.0,20230101.0,176.05,0.0,0.0,1.0,12.0,1.0,18.0,
440.0,20240301.0,91.51,0.0,0.0,1.0,26.0,1.0,18.0,
440.0,20220401.0,139.08,0.0,0.0,1.0,3.0,1.0,18.0,
440.0,20220601.0,202.04,0.0,0.0,1.0,5.0,1.0,18.0,
440.0,20230801.0,165.53,0.0,0.0,1.0,19.0,1.0,18.0,
440.0,20231201.0,173.32,0.0,0.0,1.0,23.0,1.0,18.0,
440.0,20221001.0,177.8,0.0,0.0,1.0,9.0,1.0,18.0,
440.0,20230501.0,174.95,0.0,0.0,1.0,16.0,1.0,18.0,
440.0,20230901.0,164.29,0.0,0.0,1.0,20.0,1.0,18.0,
440.0,20231101.0,190.56,0.0,0.0,1.0,22.0,1.0,18.0,
440.0,20230601.0,176.25,0.0,0.0,1.0,17.0,1.0,18.0,
440.0,20221201.0,186.03,0.0,0.0,1.0,11.0,1.0,18.0,
440.0,20220301.0,210.73,0.0,0.0,1.0,1.0,1.0,18.0,
440.0,20221101.0,197.04,0.0,0.0,1.0,10.0,1.0,18.0,
440.0,20220201.0,187.65,0.0,0.0,1.0,1.0,1.0,18.0,
440.0,20240101.0,186.07,0.0,0.0,1.0,24.0,1.0,18.0,
440.0,20220101.0,199.06,0.0,0.0,1.0,0.0,1.0,18.0,
440.0,20220901.0,207.73,0.0,0.0,1.0,8.0,1.0,18.0,
375.0,20250101.0,153.95,0.0,0.0,1.0,0.0,1.0,8.0,
375.0,20250601.0,61.0,0.0,0.0,1.0,5.0,1.0,8.0,
441.0,20231001.0,198.0,0.0,0.0,1.0,21.0,3.0,22.0,
441.0,20220101.0,180.0,0.0,0.0,1.0,0.0,3.0,22.0,
441.0,20230401.0,129.5,0.0,0.0,1.0,15.0,3.0,22.0,
441.0,20230301.0,180.5,0.0,0.0,1.0,14.0,3.0,22.0,
441.0,20230101.0,198.0,0.0,0.0,1.0,12.0,3.0,22.0,
441.0,20240801.0,0.0,0.0,0.0,1.0,31.0,3.0,22.0,
441.0,20220501.0,180.0,0.0,0.0,1.0,4.0,3.0,22.0,
441.0,20240601.0,171.0,0.0,0.0,1.0,29.0,3.0,22.0,
441.0,20230201.0,180.0,0.0,0.0,1.0,13.0,3.0,22.0,
441.0,20240201.0,180.0,0.0,0.0,1.0,25.0,3.0,22.0,
441.0,20230101.0,180.0,0.0,0.0,1.0,12.0,3.0,22.0,
441.0,20240301.0,145.0,0.0,0.0,1.0,26.0,3.0,22.0,
441.0,20220401.0,149.0,0.0,0.0,1.0,3.0,3.0,22.0,
441.0,20220601.0,198.0,0.0,0.0,1.0,5.0,3.0,22.0,
441.0,20230801.0,117.0,0.0,0.0,1.0,19.0,3.0,22.0,
441.0,20231201.0,144.0,0.0,0.0,1.0,23.0,3.0,22.0,
441.0,20221001.0,144.0,0.0,0.0,1.0,9.0,3.0,22.0,
441.0,20240101.0,135.0,0.0,0.0,1.0,24.0,3.0,22.0,
441.0,20230501.0,198.0,0.0,0.0,1.0,16.0,3.0,22.0,
441.0,20230901.0,180.0,0.0,0.0,1.0,20.0,3.0,22.0,
441.0,20240401.0,140.5,0.0,0.0,1.0,27.0,3.0,22.0,
441.0,20231101.0,198.0,0.0,0.0,1.0,22.0,3.0,22.0,
441.0,20230601.0,169.0,0.0,0.0,1.0,17.0,3.0,22.0,
441.0,20221201.0,153.0,0.0,0.0,1.0,11.0,3.0,22.0,
441.0,20220301.0,207.0,0.0,0.0,1.0,1.0,3.0,22.0,
441.0,20221101.0,198.0,0.0,0.0,1.0,10.0,3.0,22.0,
441.0,20220201.0,180.0,0.0,0.0,1.0,1.0,3.0,22.0,
441.0,20240101.0,162.0,0.0,0.0,1.0,24.0,3.0,22.0,
441.0,20240501.0,198.0,0.0,0.0,1.0,28.0,3.0,22.0,
441.0,20220101.0,135.0,0.0,0.0,1.0,0.0,3.0,22.0,
441.0,20220901.0,117.0,0.0,0.0,1.0,8.0,3.0,22.0,
239.0,20250101.0,171.0,0.0,0.0,1.0,36.0,3.0,22.0,
239.0,20231001.0,198.0,0.0,0.0,1.0,21.0,3.0,22.0,
239.0,20220101.0,171.0,0.0,0.0,1.0,0.0,3.0,22.0,
239.0,20230401.0,129.5,0.0,0.0,1.0,15.0,3.0,22.0,
239.0,20230301.0,180.5,0.0,0.0,1.0,14.0,3.0,22.0,
239.0,20230101.0,180.0,0.0,0.0,1.0,12.0,3.0,22.0,
239.0,20240801.0,153.0,0.0,0.0,1.0,31.0,3.0,22.0,
239.0,20241101.0,180.0,0.0,0.0,1.0,34.0,3.0,22.0,
239.0,20220501.0,180.0,0.0,0.0,1.0,4.0,3.0,22.0,
239.0,20241001.0,207.0,0.0,0.0,1.0,33.0,3.0,22.0,
239.0,20240601.0,108.0,0.0,0.0,1.0,29.0,3.0,22.0,
239.0,20250301.0,119.0,0.0,0.0,1.0,38.0,3.0,22.0,
239.0,20230201.0,153.0,0.0,0.0,1.0,13.0,3.0,22.0,
239.0,20240201.0,189.0,0.0,0.0,1.0,25.0,3.0,22.0,
239.0,20240301.0,145.0,0.0,0.0,1.0,26.0,3.0,22.0,
239.0,20220401.0,149.0,0.0,0.0,1.0,3.0,3.0,22.0,
239.0,20220601.0,198.0,0.0,0.0,1.0,5.0,3.0,22.0,
239.0,20241201.0,153.0,0.0,0.0,1.0,35.0,3.0,22.0,
239.0,20230801.0,162.0,0.0,0.0,1.0,19.0,3.0,22.0,
239.0,20240901.0,189.0,0.0,0.0,1.0,32.0,3.0,22.0,
239.0,20231201.0,171.0,0.0,0.0,1.0,23.0,3.0,22.0,
239.0,20221001.0,171.0,0.0,0.0,1.0,9.0,3.0,22.0,
239.0,20240101.0,198.0,0.0,0.0,1.0,24.0,3.0,22.0,
239.0,20230501.0,180.0,0.0,0.0,1.0,16.0,3.0,22.0,
239.0,20250601.0,0.0,0.0,0.0,1.0,41.0,3.0,22.0,
239.0,20230901.0,171.0,0.0,0.0,1.0,20.0,3.0,22.0,
239.0,20240401.0,140.5,0.0,0.0,1.0,27.0,3.0,22.0,
239.0,20231101.0,171.0,0.0,0.0,1.0,22.0,3.0,22.0,
239.0,20250201.0,180.0,0.0,0.0,1.0,37.0,3.0,22.0,
239.0,20230601.0,169.0,0.0,0.0,1.0,17.0,3.0,22.0,
239.0,20250401.0,27.0,0.0,0.0,1.0,39.0,3.0,22.0,
239.0,20221201.0,153.0,0.0,0.0,1.0,11.0,3.0,22.0,
239.0,20220301.0,207.0,0.0,0.0,1.0,1.0,3.0,22.0,
239.0,20221101.0,198.0,0.0,0.0,1.0,10.0,3.0,22.0,
239.0,20220201.0,180.0,0.0,0.0,1.0,1.0,3.0,22.0,
239.0,20240101.0,162.0,0.0,0.0,1.0,24.0,3.0,22.0,
239.0,20240501.0,198.0,0.0,0.0,1.0,28.0,3.0,22.0,
239.0,20220101.0,135.0,0.0,0.0,1.0,0.0,3.0,22.0,
239.0,20220901.0,198.0,0.0,0.0,1.0,8.0,3.0,22.0,
442.0,20231001.0,198.0,0.0,0.0,1.0,21.0,3.0,22.0,
442.0,20220101.0,180.0,0.0,0.0,1.0,0.0,3.0,22.0,
442.0,20230401.0,129.5,0.0,0.0,1.0,15.0,3.0,22.0,
442.0,20230301.0,167.5,0.0,0.0,1.0,14.0,3.0,22.0,
442.0,20230101.0,189.0,0.0,0.0,1.0,12.0,3.0,22.0,
442.0,20220501.0,171.0,0.0,0.0,1.0,4.0,3.0,22.0,
442.0,20240601.0,0.0,0.0,0.0,1.0,29.0,3.0,22.0,
442.0,20230201.0,180.0,0.0,0.0,1.0,13.0,3.0,22.0,
442.0,20240201.0,189.0,0.0,0.0,1.0,25.0,3.0,22.0,
442.0,20230101.0,171.0,0.0,0.0,1.0,12.0,3.0,22.0,
442.0,20240301.0,145.0,0.0,0.0,1.0,26.0,3.0,22.0,
442.0,20220401.0,149.0,0.0,0.0,1.0,3.0,3.0,22.0,
442.0,20220601.0,198.0,0.0,0.0,1.0,5.0,3.0,22.0,
442.0,20230801.0,162.0,0.0,0.0,1.0,19.0,3.0,22.0,
442.0,20231201.0,135.0,0.0,0.0,1.0,23.0,3.0,22.0,
442.0,20221001.0,189.0,0.0,0.0,1.0,9.0,3.0,22.0,
442.0,20230501.0,198.0,0.0,0.0,1.0,16.0,3.0,22.0,
442.0,20230901.0,171.0,0.0,0.0,1.0,20.0,3.0,22.0,
442.0,20240401.0,140.5,0.0,0.0,1.0,27.0,3.0,22.0,
442.0,20231101.0,189.0,0.0,0.0,1.0,22.0,3.0,22.0,
442.0,20230601.0,169.0,0.0,0.0,1.0,17.0,3.0,22.0,
442.0,20221201.0,153.0,0.0,0.0,1.0,11.0,3.0,22.0,
442.0,20220301.0,207.0,0.0,0.0,1.0,1.0,3.0,22.0,
442.0,20221101.0,198.0,0.0,0.0,1.0,10.0,3.0,22.0,
442.0,20220201.0,180.0,0.0,0.0,1.0,1.0,3.0,22.0,
442.0,20240101.0,162.0,0.0,0.0,1.0,24.0,3.0,22.0,
442.0,20240501.0,153.0,0.0,0.0,1.0,28.0,3.0,22.0,
442.0,20220101.0,135.0,0.0,0.0,1.0,0.0,3.0,22.0,
442.0,20220901.0,198.0,0.0,0.0,1.0,8.0,3.0,22.0,
240.0,20250101.0,162.0,0.0,0.0,1.0,36.0,3.0,22.0,
240.0,20250101.0,126.0,0.0,0.0,1.0,36.0,3.0,22.0,
240.0,20231001.0,198.0,0.0,0.0,1.0,21.0,3.0,22.0,
240.0,20220101.0,144.0,0.0,0.0,1.0,0.0,3.0,22.0,
240.0,20230401.0,129.5,0.0,0.0,1.0,15.0,3.0,22.0,
240.0,20230301.0,180.5,0.0,0.0,1.0,14.0,3.0,22.0,
240.0,20250501.0,189.0,0.0,0.0,1.0,40.0,3.0,22.0,
240.0,20230101.0,198.0,0.0,0.0,1.0,12.0,3.0,22.0,
240.0,20240801.0,135.0,0.0,0.0,1.0,31.0,3.0,22.0,
240.0,20241101.0,171.0,0.0,0.0,1.0,34.0,3.0,22.0,
240.0,20220501.0,180.0,0.0,0.0,1.0,4.0,3.0,22.0,
240.0,20241001.0,153.0,0.0,0.0,1.0,33.0,3.0,22.0,
240.0,20240601.0,171.0,0.0,0.0,1.0,29.0,3.0,22.0,
240.0,20250301.0,133.0,0.0,0.0,1.0,38.0,3.0,22.0,
240.0,20230201.0,171.0,0.0,0.0,1.0,13.0,3.0,22.0,
240.0,20240201.0,189.0,0.0,0.0,1.0,25.0,3.0,22.0,
240.0,20230101.0,171.0,0.0,0.0,1.0,12.0,3.0,22.0,
240.0,20240301.0,145.0,0.0,0.0,1.0,26.0,3.0,22.0,
240.0,20220401.0,149.0,0.0,0.0,1.0,3.0,3.0,22.0,
240.0,20220601.0,198.0,0.0,0.0,1.0,5.0,3.0,22.0,
240.0,20241201.0,171.0,0.0,0.0,1.0,35.0,3.0,22.0,
240.0,20230801.0,117.0,0.0,0.0,1.0,19.0,3.0,22.0,
240.0,20240901.0,189.0,0.0,0.0,1.0,32.0,3.0,22.0,
240.0,20231201.0,144.0,0.0,0.0,1.0,23.0,3.0,22.0,
240.0,20221001.0,189.0,0.0,0.0,1.0,9.0,3.0,22.0,
240.0,20240101.0,162.0,0.0,0.0,1.0,24.0,3.0,22.0,
240.0,20230501.0,198.0,0.0,0.0,1.0,16.0,3.0,22.0,
240.0,20250601.0,177.0,0.0,0.0,1.0,41.0,3.0,22.0,
240.0,20230901.0,180.0,0.0,0.0,1.0,20.0,3.0,22.0,
240.0,20240401.0,140.5,0.0,0.0,1.0,27.0,3.0,22.0,
240.0,20231101.0,198.0,0.0,0.0,1.0,22.0,3.0,22.0,
240.0,20250201.0,180.0,0.0,0.0,1.0,37.0,3.0,22.0,
240.0,20230601.0,160.0,0.0,0.0,1.0,17.0,3.0,22.0,
240.0,20250401.0,189.0,0.0,0.0,1.0,39.0,3.0,22.0,
240.0,20221201.0,153.0,0.0,0.0,1.0,11.0,3.0,22.0,
240.0,20220301.0,207.0,0.0,0.0,1.0,1.0,3.0,22.0,
240.0,20221101.0,198.0,0.0,0.0,1.0,10.0,3.0,22.0,
240.0,20220201.0,180.0,0.0,0.0,1.0,1.0,3.0,22.0,
240.0,20240501.0,198.0,0.0,0.0,1.0,28.0,3.0,22.0,
240.0,20220101.0,135.0,0.0,0.0,1.0,0.0,3.0,22.0,
240.0,20220901.0,189.0,0.0,0.0,1.0,8.0,3.0,22.0,
536.0,20220101.0,180.0,0.0,0.0,1.0,0.0,3.0,22.0,
536.0,20230401.0,110.0,0.0,0.0,1.0,15.0,3.0,22.0,
536.0,20230301.0,180.5,0.0,0.0,1.0,14.0,3.0,22.0,
536.0,20230101.0,198.0,0.0,0.0,1.0,12.0,3.0,22.0,
536.0,20220501.0,180.0,0.0,0.0,1.0,4.0,3.0,22.0,
536.0,20230201.0,180.0,0.0,0.0,1.0,13.0,3.0,22.0,
536.0,20230101.0,0.0,0.0,0.0,1.0,12.0,3.0,22.0,
536.0,20220401.0,149.0,0.0,0.0,1.0,3.0,3.0,22.0,
536.0,20220601.0,198.0,0.0,0.0,1.0,5.0,3.0,22.0,
536.0,20221001.0,189.0,0.0,0.0,1.0,9.0,3.0,22.0,
536.0,20230501.0,126.0,0.0,0.0,1.0,16.0,3.0,22.0,
536.0,20221201.0,153.0,0.0,0.0,1.0,11.0,3.0,22.0,
536.0,20220301.0,207.0,0.0,0.0,1.0,1.0,3.0,22.0,
536.0,20221101.0,198.0,0.0,0.0,1.0,10.0,3.0,22.0,
536.0,20220201.0,180.0,0.0,0.0,1.0,1.0,3.0,22.0,
536.0,20220101.0,126.0,0.0,0.0,1.0,0.0,3.0,22.0,
536.0,20220901.0,198.0,0.0,0.0,1.0,8.0,3.0,22.0,
241.0,20250101.0,180.0,0.0,0.0,1.0,36.0,3.0,22.0,
241.0,20231001.0,198.0,0.0,0.0,1.0,21.0,3.0,22.0,
241.0,20220101.0,180.0,0.0,0.0,1.0,0.0,3.0,22.0,
241.0,20230401.0,129.5,0.0,0.0,1.0,15.0,3.0,22.0,
241.0,20230301.0,176.0,0.0,0.0,1.0,14.0,3.0,22.0,
241.0,20230101.0,198.0,0.0,0.0,1.0,12.0,3.0,22.0,
241.0,20240801.0,135.0,0.0,0.0,1.0,31.0,3.0,22.0,
241.0,20241101.0,189.0,0.0,0.0,1.0,34.0,3.0,22.0,
241.0,20220501.0,180.0,0.0,0.0,1.0,4.0,3.0,22.0,
241.0,20241001.0,162.0,0.0,0.0,1.0,33.0,3.0,22.0,
241.0,20240601.0,171.0,0.0,0.0,1.0,29.0,3.0,22.0,
241.0,20250301.0,0.0,0.0,0.0,1.0,38.0,3.0,22.0,
241.0,20230201.0,180.0,0.0,0.0,1.0,13.0,3.0,22.0,
241.0,20240201.0,189.0,0.0,0.0,1.0,25.0,3.0,22.0,
241.0,20230101.0,180.0,0.0,0.0,1.0,12.0,3.0,22.0,
241.0,20240301.0,145.0,0.0,0.0,1.0,26.0,3.0,22.0,
241.0,20220401.0,149.0,0.0,0.0,1.0,3.0,3.0,22.0,
241.0,20220601.0,198.0,0.0,0.0,1.0,5.0,3.0,22.0,
241.0,20241201.0,144.0,0.0,0.0,1.0,35.0,3.0,22.0,
241.0,20230801.0,117.0,0.0,0.0,1.0,19.0,3.0,22.0,
241.0,20240901.0,189.0,0.0,0.0,1.0,32.0,3.0,22.0,
241.0,20231201.0,144.0,0.0,0.0,1.0,23.0,3.0,22.0,
241.0,20221001.0,189.0,0.0,0.0,1.0,9.0,3.0,22.0,
241.0,20240101.0,189.0,0.0,0.0,1.0,24.0,3.0,22.0,
241.0,20230501.0,198.0,0.0,0.0,1.0,16.0,3.0,22.0,
241.0,20230901.0,180.0,0.0,0.0,1.0,20.0,3.0,22.0,
241.0,20240401.0,140.5,0.0,0.0,1.0,27.0,3.0,22.0,
241.0,20231101.0,198.0,0.0,0.0,1.0,22.0,3.0,22.0,
241.0,20250201.0,126.0,0.0,0.0,1.0,37.0,3.0,22.0,
241.0,20230601.0,169.0,0.0,0.0,1.0,17.0,3.0,22.0,
241.0,20221201.0,135.0,0.0,0.0,1.0,11.0,3.0,22.0,
241.0,20220301.0,207.0,0.0,0.0,1.0,1.0,3.0,22.0,
241.0,20221101.0,198.0,0.0,0.0,1.0,10.0,3.0,22.0,
241.0,20220201.0,180.0,0.0,0.0,1.0,1.0,3.0,22.0,
241.0,20240101.0,162.0,0.0,0.0,1.0,24.0,3.0,22.0,
241.0,20240501.0,198.0,0.0,0.0,1.0,28.0,3.0,22.0,
241.0,20220101.0,117.0,0.0,0.0,1.0,0.0,3.0,22.0,
241.0,20220901.0,198.0,0.0,0.0,1.0,8.0,3.0,22.0,
242.0,20250101.0,180.0,0.0,0.0,1.0,36.0,3.0,22.0,
242.0,20250101.0,126.0,0.0,0.0,1.0,36.0,3.0,22.0,
242.0,20231001.0,198.0,0.0,0.0,1.0,21.0,3.0,22.0,
242.0,20220101.0,180.0,0.0,0.0,1.0,0.0,3.0,22.0,
242.0,20230401.0,129.5,0.0,0.0,1.0,15.0,3.0,22.0,
242.0,20230301.0,180.5,0.0,0.0,1.0,14.0,3.0,22.0,
242.0,20250501.0,180.0,0.0,0.0,1.0,40.0,3.0,22.0,
242.0,20230101.0,198.0,0.0,0.0,1.0,12.0,3.0,22.0,
242.0,20240801.0,126.0,0.0,0.0,1.0,31.0,3.0,22.0,
242.0,20241101.0,189.0,0.0,0.0,1.0,34.0,3.0,22.0,
242.0,20220501.0,180.0,0.0,0.0,1.0,4.0,3.0,22.0,
242.0,20241001.0,207.0,0.0,0.0,1.0,33.0,3.0,22.0,
242.0,20240601.0,171.0,0.0,0.0,1.0,29.0,3.0,22.0,
242.0,20250301.0,126.0,0.0,0.0,1.0,38.0,3.0,22.0,
242.0,20230201.0,180.0,0.0,0.0,1.0,13.0,3.0,22.0,
242.0,20240201.0,189.0,0.0,0.0,1.0,25.0,3.0,22.0,
242.0,20230101.0,126.0,0.0,0.0,1.0,12.0,3.0,22.0,
242.0,20240301.0,138.5,0.0,0.0,1.0,26.0,3.0,22.0,
242.0,20220401.0,142.0,0.0,0.0,1.0,3.0,3.0,22.0,
242.0,20220601.0,198.0,0.0,0.0,1.0,5.0,3.0,22.0,
242.0,20241201.0,126.0,0.0,0.0,1.0,35.0,3.0,22.0,
242.0,20230801.0,162.0,0.0,0.0,1.0,19.0,3.0,22.0,
242.0,20240901.0,189.0,0.0,0.0,1.0,32.0,3.0,22.0,
242.0,20231201.0,144.0,0.0,0.0,1.0,23.0,3.0,22.0,
242.0,20221001.0,189.0,0.0,0.0,1.0,9.0,3.0,22.0,
242.0,20240101.0,189.0,0.0,0.0,1.0,24.0,3.0,22.0,
242.0,20230501.0,198.0,0.0,0.0,1.0,16.0,3.0,22.0,
242.0,20250601.0,177.0,0.0,0.0,1.0,41.0,3.0,22.0,
242.0,20230901.0,180.0,0.0,0.0,1.0,20.0,3.0,22.0,
242.0,20240401.0,140.5,0.0,0.0,1.0,27.0,3.0,22.0,
242.0,20231101.0,198.0,0.0,0.0,1.0,22.0,3.0,22.0,
242.0,20250201.0,180.0,0.0,0.0,1.0,37.0,3.0,22.0,
242.0,20230601.0,169.0,0.0,0.0,1.0,17.0,3.0,22.0,
242.0,20250401.0,189.0,0.0,0.0,1.0,39.0,3.0,22.0,
242.0,20221201.0,153.0,0.0,0.0,1.0,11.0,3.0,22.0,
242.0,20220301.0,207.0,0.0,0.0,1.0,1.0,3.0,22.0,
242.0,20221101.0,198.0,0.0,0.0,1.0,10.0,3.0,22.0,
242.0,20220201.0,180.0,0.0,0.0,1.0,1.0,3.0,22.0,
242.0,20240101.0,162.0,0.0,0.0,1.0,24.0,3.0,22.0,
242.0,20240501.0,198.0,0.0,0.0,1.0,28.0,3.0,22.0,
242.0,20220101.0,54.0,0.0,0.0,1.0,0.0,3.0,22.0,
242.0,20220901.0,198.0,0.0,0.0,1.0,8.0,3.0,22.0,
586.0,20220501.0,115.82,0.0,0.0,1.0,4.0,1.0,22.0,
586.0,20220401.0,133.15,0.0,0.0,1.0,3.0,1.0,22.0,
586.0,20220301.0,181.31,0.0,0.0,1.0,1.0,1.0,22.0,
586.0,20220201.0,180.1,0.0,0.0,1.0,1.0,1.0,22.0,
586.0,20220101.0,54.87,0.0,0.0,1.0,0.0,1.0,22.0,
443.0,20231001.0,163.32,0.0,0.0,1.0,21.0,1.0,1.0,
443.0,20220101.0,82.81,0.0,0.0,1.0,0.0,1.0,1.0,
443.0,20230401.0,131.18,0.0,0.0,1.0,15.0,1.0,1.0,
443.0,20230301.0,182.59,0.0,0.0,1.0,14.0,1.0,1.0,
443.0,20230101.0,200.3,0.0,0.0,1.0,12.0,1.0,1.0,
443.0,20230201.0,172.34,0.0,0.0,1.0,13.0,1.0,1.0,
443.0,20230101.0,153.45,0.0,0.0,1.0,12.0,1.0,1.0,
443.0,20220601.0,0.0,0.0,0.0,1.0,5.0,1.0,1.0,
443.0,20230801.0,178.24,0.0,0.0,1.0,19.0,1.0,1.0,
443.0,20231201.0,169.2,0.0,0.0,1.0,23.0,1.0,1.0,
443.0,20221001.0,190.49,0.0,0.0,1.0,9.0,1.0,1.0,
443.0,20230501.0,182.56,0.0,0.0,1.0,16.0,1.0,1.0,
443.0,20230901.0,197.36,0.0,0.0,1.0,20.0,1.0,1.0,
443.0,20231101.0,201.79,0.0,0.0,1.0,22.0,1.0,1.0,
443.0,20230601.0,162.3,0.0,0.0,1.0,17.0,1.0,1.0,
443.0,20221201.0,134.23,0.0,0.0,1.0,11.0,1.0,1.0,
443.0,20221101.0,181.66,0.0,0.0,1.0,10.0,1.0,1.0,
443.0,20240101.0,0.0,0.0,0.0,1.0,24.0,1.0,1.0,
443.0,20220901.0,193.82,0.0,0.0,1.0,8.0,1.0,1.0,
243.0,20250101.0,201.96,0.0,0.0,1.0,28.0,1.0,11.0,
243.0,20250101.0,109.7,0.0,0.0,1.0,28.0,1.0,11.0,
243.0,20231001.0,175.25,0.0,0.0,1.0,13.0,1.0,11.0,
243.0,20230401.0,131.41,0.0,0.0,1.0,7.0,1.0,11.0,
243.0,20230301.0,158.13,0.0,0.0,1.0,6.0,1.0,11.0,
243.0,20250501.0,121.86,0.0,0.0,1.0,32.0,1.0,11.0,
243.0,20230101.0,198.53,0.0,0.0,1.0,4.0,1.0,11.0,
243.0,20240801.0,137.94,0.0,0.0,1.0,23.0,1.0,11.0,
243.0,20241101.0,137.15,0.0,0.0,1.0,26.0,1.0,11.0,
243.0,20241001.0,165.77,0.0,0.0,1.0,25.0,1.0,11.0,
243.0,20240601.0,129.12,0.0,0.0,1.0,21.0,1.0,11.0,
243.0,20250301.0,130.25,0.0,0.0,1.0,30.0,1.0,11.0,
243.0,20230201.0,139.12,0.0,0.0,1.0,5.0,1.0,11.0,
243.0,20240201.0,138.3,0.0,0.0,1.0,17.0,1.0,11.0,
243.0,20230101.0,166.21,0.0,0.0,1.0,4.0,1.0,11.0,
243.0,20240301.0,101.19,0.0,0.0,1.0,18.0,1.0,11.0,
243.0,20241201.0,160.2,0.0,0.0,1.0,27.0,1.0,11.0,
243.0,20230801.0,105.43,0.0,0.0,1.0,11.0,1.0,11.0,
243.0,20240901.0,175.24,0.0,0.0,1.0,24.0,1.0,11.0,
243.0,20231201.0,123.41,0.0,0.0,1.0,15.0,1.0,11.0,
243.0,20221001.0,182.22,0.0,0.0,1.0,1.0,1.0,11.0,
243.0,20240101.0,165.56,0.0,0.0,1.0,16.0,1.0,11.0,
243.0,20230501.0,175.21,0.0,0.0,1.0,8.0,1.0,11.0,
243.0,20250601.0,115.6,0.0,0.0,1.0,33.0,1.0,11.0,
243.0,20230901.0,130.24,0.0,0.0,1.0,12.0,1.0,11.0,
243.0,20240401.0,144.4,0.0,0.0,1.0,19.0,1.0,11.0,
243.0,20231101.0,138.29,0.0,0.0,1.0,14.0,1.0,11.0,
243.0,20250201.0,146.61,0.0,0.0,1.0,29.0,1.0,11.0,
243.0,20230601.0,173.0,0.0,0.0,1.0,9.0,1.0,11.0,
243.0,20250401.0,174.53,0.0,0.0,1.0,31.0,1.0,11.0,
243.0,20221201.0,166.23,0.0,0.0,1.0,3.0,1.0,11.0,
243.0,20221101.0,200.97,0.0,0.0,1.0,2.0,1.0,11.0,
243.0,20240101.0,202.7,0.0,0.0,1.0,16.0,1.0,11.0,
243.0,20240501.0,138.67,0.0,0.0,1.0,20.0,1.0,11.0,
243.0,20220901.0,156.12,0.0,0.0,1.0,0.0,1.0,11.0,
444.0,20231001.0,191.05,0.0,0.0,1.0,21.0,1.0,22.0,
444.0,20220101.0,82.49,0.0,0.0,1.0,0.0,1.0,22.0,
444.0,20230401.0,121.91,0.0,0.0,1.0,15.0,1.0,22.0,
444.0,20230301.0,141.82,0.0,0.0,1.0,14.0,1.0,22.0,
444.0,20230101.0,205.16,0.0,0.0,1.0,12.0,1.0,22.0,
444.0,20230201.0,189.0,0.0,0.0,1.0,13.0,1.0,22.0,
444.0,20230101.0,137.52,0.0,0.0,1.0,12.0,1.0,22.0,
444.0,20220601.0,0.0,0.0,0.0,1.0,5.0,1.0,22.0,
444.0,20230801.0,143.95,0.0,0.0,1.0,19.0,1.0,22.0,
444.0,20231201.0,183.03,0.0,0.0,1.0,23.0,1.0,22.0,
444.0,20221001.0,155.08,0.0,0.0,1.0,9.0,1.0,22.0,
444.0,20230501.0,173.76,0.0,0.0,1.0,16.0,1.0,22.0,
444.0,20230901.0,185.62,0.0,0.0,1.0,20.0,1.0,22.0,
444.0,20231101.0,137.79,0.0,0.0,1.0,22.0,1.0,22.0,
444.0,20230601.0,162.55,0.0,0.0,1.0,17.0,1.0,22.0,
444.0,20221201.0,173.6,0.0,0.0,1.0,11.0,1.0,22.0,
444.0,20221101.0,178.17,0.0,0.0,1.0,10.0,1.0,22.0,
444.0,20240101.0,55.18,0.0,0.0,1.0,24.0,1.0,22.0,
444.0,20220901.0,199.53,0.0,0.0,1.0,8.0,1.0,22.0,
537.0,20220101.0,73.77,0.0,0.0,1.0,0.0,2.0,22.0,
537.0,20220501.0,161.82,0.0,0.0,1.0,4.0,2.0,22.0,
537.0,20220401.0,140.94,0.0,0.0,1.0,3.0,2.0,22.0,
537.0,20220601.0,150.76,0.0,0.0,1.0,5.0,2.0,22.0,
537.0,20221001.0,102.99,0.0,0.0,1.0,9.0,2.0,22.0,
537.0,20220301.0,212.13,0.0,0.0,1.0,1.0,2.0,22.0,
537.0,20221101.0,54.6,0.0,0.0,1.0,10.0,2.0,22.0,
537.0,20220201.0,74.29,0.0,0.0,1.0,1.0,2.0,22.0,
537.0,20220101.0,0.0,0.0,0.0,1.0,0.0,2.0,22.0,
537.0,20220901.0,89.82,0.0,0.0,1.0,8.0,2.0,22.0,
244.0,20250101.0,175.52,0.0,0.0,1.0,36.0,4.0,22.0,
244.0,20250101.0,83.68,0.0,0.0,1.0,36.0,4.0,22.0,
244.0,20231001.0,186.98,0.0,0.0,1.0,21.0,4.0,22.0,
244.0,20220101.0,162.0,0.0,0.0,1.0,0.0,4.0,22.0,
244.0,20230401.0,105.33,0.0,0.0,1.0,15.0,4.0,22.0,
244.0,20230301.0,158.06,0.0,0.0,1.0,14.0,4.0,22.0,
244.0,20250501.0,151.96,0.0,0.0,1.0,40.0,4.0,22.0,
244.0,20230101.0,154.2,0.0,0.0,1.0,12.0,4.0,22.0,
244.0,20240801.0,86.27,0.0,0.0,1.0,31.0,4.0,22.0,
244.0,20241101.0,110.34,0.0,0.0,1.0,34.0,4.0,22.0,
244.0,20220501.0,171.0,0.0,0.0,1.0,4.0,4.0,22.0,
244.0,20241001.0,159.78,0.0,0.0,1.0,33.0,4.0,22.0,
244.0,20240601.0,132.88,0.0,0.0,1.0,29.0,4.0,22.0,
244.0,20250301.0,90.99,0.0,0.0,1.0,38.0,4.0,22.0,
244.0,20230201.0,178.85,0.0,0.0,1.0,13.0,4.0,22.0,
244.0,20240201.0,180.93,0.0,0.0,1.0,25.0,4.0,22.0,
244.0,20230101.0,123.5,0.0,0.0,1.0,12.0,4.0,22.0,
244.0,20240301.0,138.76,0.0,0.0,1.0,26.0,4.0,22.0,
244.0,20220401.0,149.0,0.0,0.0,1.0,3.0,4.0,22.0,
244.0,20220601.0,189.0,0.0,0.0,1.0,5.0,4.0,22.0,
244.0,20241201.0,95.17,0.0,0.0,1.0,35.0,4.0,22.0,
244.0,20230801.0,97.89,0.0,0.0,1.0,19.0,4.0,22.0,
244.0,20240901.0,131.56,0.0,0.0,1.0,32.0,4.0,22.0,
244.0,20231201.0,165.29,0.0,0.0,1.0,23.0,4.0,22.0,
244.0,20221001.0,171.33,0.0,0.0,1.0,9.0,4.0,22.0,
244.0,20240101.0,175.9,0.0,0.0,1.0,24.0,4.0,22.0,
244.0,20230501.0,109.79,0.0,0.0,1.0,16.0,4.0,22.0,
244.0,20250601.0,144.57,0.0,0.0,1.0,41.0,4.0,22.0,
244.0,20230901.0,142.12,0.0,0.0,1.0,20.0,4.0,22.0,
244.0,20240401.0,141.4,0.0,0.0,1.0,27.0,4.0,22.0,
244.0,20231101.0,161.73,0.0,0.0,1.0,22.0,4.0,22.0,
244.0,20250201.0,153.04,0.0,0.0,1.0,37.0,4.0,22.0,
244.0,20230601.0,126.97,0.0,0.0,1.0,17.0,4.0,22.0,
244.0,20250401.0,121.51,0.0,0.0,1.0,39.0,4.0,22.0,
244.0,20221201.0,145.68,0.0,0.0,1.0,11.0,4.0,22.0,
244.0,20220301.0,153.0,0.0,0.0,1.0,1.0,4.0,22.0,
244.0,20221101.0,142.05,0.0,0.0,1.0,10.0,4.0,22.0,
244.0,20220201.0,0.0,0.0,0.0,1.0,1.0,4.0,22.0,
244.0,20240101.0,147.82,0.0,0.0,1.0,24.0,4.0,22.0,
244.0,20240501.0,176.64,0.0,0.0,1.0,28.0,4.0,22.0,
244.0,20220901.0,166.5,0.0,0.0,1.0,8.0,4.0,22.0,
602.0,20220301.0,117.17,0.0,0.0,1.0,0.0,1.0,8.0,
602.0,20220201.0,35.9,0.0,0.0,1.0,0.0,1.0,8.0,
245.0,20250101.0,180.0,0.0,0.0,1.0,36.0,3.0,22.0,
245.0,20250101.0,126.0,0.0,0.0,1.0,36.0,3.0,22.0,
245.0,20231001.0,198.0,0.0,0.0,1.0,21.0,3.0,22.0,
245.0,20220101.0,180.0,0.0,0.0,1.0,0.0,3.0,22.0,
245.0,20230401.0,129.5,0.0,0.0,1.0,15.0,3.0,22.0,
245.0,20230301.0,108.5,0.0,0.0,1.0,14.0,3.0,22.0,
245.0,20250501.0,189.0,0.0,0.0,1.0,40.0,3.0,22.0,
245.0,20230101.0,198.0,0.0,0.0,1.0,12.0,3.0,22.0,
245.0,20240801.0,162.0,0.0,0.0,1.0,31.0,3.0,22.0,
245.0,20241101.0,189.0,0.0,0.0,1.0,34.0,3.0,22.0,
245.0,20220501.0,180.0,0.0,0.0,1.0,4.0,3.0,22.0,
245.0,20241001.0,198.0,0.0,0.0,1.0,33.0,3.0,22.0,
245.0,20240601.0,99.0,0.0,0.0,1.0,29.0,3.0,22.0,
245.0,20250301.0,133.0,0.0,0.0,1.0,38.0,3.0,22.0,
245.0,20230201.0,81.0,0.0,0.0,1.0,13.0,3.0,22.0,
245.0,20240201.0,171.0,0.0,0.0,1.0,25.0,3.0,22.0,
245.0,20230101.0,171.0,0.0,0.0,1.0,12.0,3.0,22.0,
245.0,20240301.0,145.0,0.0,0.0,1.0,26.0,3.0,22.0,
245.0,20220401.0,149.0,0.0,0.0,1.0,3.0,3.0,22.0,
245.0,20220601.0,198.0,0.0,0.0,1.0,5.0,3.0,22.0,
245.0,20241201.0,135.0,0.0,0.0,1.0,35.0,3.0,22.0,
245.0,20230801.0,171.0,0.0,0.0,1.0,19.0,3.0,22.0,
245.0,20240901.0,189.0,0.0,0.0,1.0,32.0,3.0,22.0,
245.0,20231201.0,144.0,0.0,0.0,1.0,23.0,3.0,22.0,
245.0,20221001.0,189.0,0.0,0.0,1.0,9.0,3.0,22.0,
245.0,20240101.0,198.0,0.0,0.0,1.0,24.0,3.0,22.0,
245.0,20230501.0,198.0,0.0,0.0,1.0,16.0,3.0,22.0,
245.0,20250601.0,177.0,0.0,0.0,1.0,41.0,3.0,22.0,
245.0,20230901.0,180.0,0.0,0.0,1.0,20.0,3.0,22.0,
245.0,20240401.0,140.5,0.0,0.0,1.0,27.0,3.0,22.0,
245.0,20231101.0,198.0,0.0,0.0,1.0,22.0,3.0,22.0,
245.0,20250201.0,180.0,0.0,0.0,1.0,37.0,3.0,22.0,
245.0,20230601.0,151.0,0.0,0.0,1.0,17.0,3.0,22.0,
245.0,20250401.0,189.0,0.0,0.0,1.0,39.0,3.0,22.0,
245.0,20221201.0,99.0,0.0,0.0,1.0,11.0,3.0,22.0,
245.0,20220301.0,207.0,0.0,0.0,1.0,1.0,3.0,22.0,
245.0,20221101.0,198.0,0.0,0.0,1.0,10.0,3.0,22.0,
245.0,20220201.0,0.0,0.0,0.0,1.0,1.0,3.0,22.0,
245.0,20240101.0,117.0,0.0,0.0,1.0,24.0,3.0,22.0,
245.0,20240501.0,198.0,0.0,0.0,1.0,28.0,3.0,22.0,
245.0,20220901.0,189.0,0.0,0.0,1.0,8.0,3.0,22.0,
538.0,20220101.0,135.0,0.0,0.0,1.0,0.0,3.0,22.0,
538.0,20220501.0,180.0,0.0,0.0,1.0,4.0,3.0,22.0,
538.0,20220401.0,142.0,0.0,0.0,1.0,3.0,3.0,22.0,
538.0,20220601.0,180.0,0.0,0.0,1.0,5.0,3.0,22.0,
538.0,20220301.0,198.0,0.0,0.0,1.0,1.0,3.0,22.0,
538.0,20220201.0,0.0,0.0,0.0,1.0,1.0,3.0,22.0,
246.0,20250101.0,193.95,0.0,0.0,1.0,28.0,1.0,1.0,
246.0,20250101.0,120.45,0.0,0.0,1.0,28.0,1.0,1.0,
246.0,20231001.0,202.36,0.0,0.0,1.0,13.0,1.0,1.0,
246.0,20230401.0,137.82,0.0,0.0,1.0,7.0,1.0,1.0,
246.0,20230301.0,177.36,0.0,0.0,1.0,6.0,1.0,1.0,
246.0,20250501.0,166.53,0.0,0.0,1.0,32.0,1.0,1.0,
246.0,20230101.0,203.42,0.0,0.0,1.0,4.0,1.0,1.0,
246.0,20240801.0,138.9,0.0,0.0,1.0,23.0,1.0,1.0,
246.0,20241101.0,193.97,0.0,0.0,1.0,26.0,1.0,1.0,
246.0,20241001.0,212.05,0.0,0.0,1.0,25.0,1.0,1.0,
246.0,20240601.0,158.38,0.0,0.0,1.0,21.0,1.0,1.0,
246.0,20250301.0,131.12,0.0,0.0,1.0,30.0,1.0,1.0,
246.0,20230201.0,184.48,0.0,0.0,1.0,5.0,1.0,1.0,
246.0,20240201.0,185.62,0.0,0.0,1.0,17.0,1.0,1.0,
246.0,20230101.0,165.28,0.0,0.0,1.0,4.0,1.0,1.0,
246.0,20240301.0,147.09,0.0,0.0,1.0,18.0,1.0,1.0,
246.0,20241201.0,189.81,0.0,0.0,1.0,27.0,1.0,1.0,
246.0,20230801.0,92.71,0.0,0.0,1.0,11.0,1.0,1.0,
246.0,20240901.0,193.8,0.0,0.0,1.0,24.0,1.0,1.0,
246.0,20231201.0,154.96,0.0,0.0,1.0,15.0,1.0,1.0,
246.0,20221001.0,189.04,0.0,0.0,1.0,1.0,1.0,1.0,
246.0,20240101.0,203.51,0.0,0.0,1.0,16.0,1.0,1.0,
246.0,20230501.0,194.64,0.0,0.0,1.0,8.0,1.0,1.0,
246.0,20250601.0,157.68,0.0,0.0,1.0,33.0,1.0,1.0,
246.0,20230901.0,194.15,0.0,0.0,1.0,12.0,1.0,1.0,
246.0,20240401.0,149.46,0.0,0.0,1.0,19.0,1.0,1.0,
246.0,20231101.0,202.25,0.0,0.0,1.0,14.0,1.0,1.0,
246.0,20250201.0,175.64,0.0,0.0,1.0,29.0,1.0,1.0,
246.0,20230601.0,172.94,0.0,0.0,1.0,9.0,1.0,1.0,
246.0,20250401.0,193.43,0.0,0.0,1.0,31.0,1.0,1.0,
246.0,20221201.0,187.15,0.0,0.0,1.0,3.0,1.0,1.0,
246.0,20221101.0,199.66,0.0,0.0,1.0,2.0,1.0,1.0,
246.0,20240101.0,183.19,0.0,0.0,1.0,16.0,1.0,1.0,
246.0,20240501.0,194.0,0.0,0.0,1.0,20.0,1.0,1.0,
246.0,20220901.0,163.6,0.0,0.0,1.0,0.0,1.0,1.0,
445.0,20231001.0,152.18,0.0,0.0,1.0,21.0,1.0,22.0,
445.0,20220101.0,147.47,0.0,0.0,1.0,0.0,1.0,22.0,
445.0,20230401.0,122.45,0.0,0.0,1.0,15.0,1.0,22.0,
445.0,20230301.0,142.12,0.0,0.0,1.0,14.0,1.0,22.0,
445.0,20230101.0,168.15,0.0,0.0,1.0,12.0,1.0,22.0,
445.0,20220501.0,195.81,0.0,0.0,1.0,4.0,1.0,22.0,
445.0,20230201.0,158.68,0.0,0.0,1.0,13.0,1.0,22.0,
445.0,20230101.0,166.71,0.0,0.0,1.0,12.0,1.0,22.0,
445.0,20220401.0,143.09,0.0,0.0,1.0,3.0,1.0,22.0,
445.0,20220601.0,186.66,0.0,0.0,1.0,5.0,1.0,22.0,
445.0,20230801.0,145.14,0.0,0.0,1.0,19.0,1.0,22.0,
445.0,20231201.0,84.59,0.0,0.0,1.0,23.0,1.0,22.0,
445.0,20221001.0,173.93,0.0,0.0,1.0,9.0,1.0,22.0,
445.0,20230501.0,169.95,0.0,0.0,1.0,16.0,1.0,22.0,
445.0,20230901.0,146.49,0.0,0.0,1.0,20.0,1.0,22.0,
445.0,20231101.0,153.36,0.0,0.0,1.0,22.0,1.0,22.0,
445.0,20230601.0,152.94,0.0,0.0,1.0,17.0,1.0,22.0,
445.0,20221201.0,145.29,0.0,0.0,1.0,11.0,1.0,22.0,
445.0,20220301.0,158.02,0.0,0.0,1.0,1.0,1.0,22.0,
445.0,20221101.0,203.0,0.0,0.0,1.0,10.0,1.0,22.0,
445.0,20220201.0,0.0,0.0,0.0,1.0,1.0,1.0,22.0,
445.0,20240101.0,0.0,0.0,0.0,1.0,24.0,1.0,22.0,
445.0,20220901.0,207.56,0.0,0.0,1.0,8.0,1.0,22.0,
539.0,20220101.0,169.71,0.0,0.0,1.0,0.0,1.0,3.0,
539.0,20230301.0,110.88,0.0,0.0,1.0,14.0,1.0,3.0,
539.0,20230101.0,170.97,0.0,0.0,1.0,12.0,1.0,3.0,
539.0,20220501.0,182.9,0.0,0.0,1.0,4.0,1.0,3.0,
539.0,20230201.0,172.17,0.0,0.0,1.0,13.0,1.0,3.0,
539.0,20220401.0,143.17,0.0,0.0,1.0,3.0,1.0,3.0,
539.0,20220601.0,179.4,0.0,0.0,1.0,5.0,1.0,3.0,
539.0,20221001.0,180.82,0.0,0.0,1.0,9.0,1.0,3.0,
539.0,20221201.0,131.23,0.0,0.0,1.0,11.0,1.0,3.0,
539.0,20220301.0,81.31,0.0,0.0,1.0,1.0,1.0,3.0,
539.0,20221101.0,187.86,0.0,0.0,1.0,10.0,1.0,3.0,
539.0,20220901.0,180.87,0.0,0.0,1.0,8.0,1.0,3.0,
540.0,20220101.0,185.63,0.0,0.0,1.0,0.0,1.0,3.0,
540.0,20220501.0,190.75,0.0,0.0,1.0,4.0,1.0,3.0,
540.0,20220401.0,132.46,0.0,0.0,1.0,3.0,1.0,3.0,
540.0,20220601.0,190.44,0.0,0.0,1.0,5.0,1.0,3.0,
540.0,20220301.0,0.0,0.0,0.0,1.0,1.0,1.0,3.0,
446.0,20231001.0,189.0,0.0,0.0,1.0,21.0,3.0,22.0,
446.0,20220101.0,135.0,0.0,0.0,1.0,0.0,3.0,22.0,
446.0,20230401.0,123.0,0.0,0.0,1.0,15.0,3.0,22.0,
446.0,20230301.0,174.0,0.0,0.0,1.0,14.0,3.0,22.0,
446.0,20230101.0,162.0,0.0,0.0,1.0,12.0,3.0,22.0,
446.0,20220501.0,162.0,0.0,0.0,1.0,4.0,3.0,22.0,
446.0,20230201.0,171.0,0.0,0.0,1.0,13.0,3.0,22.0,
446.0,20240201.0,0.0,0.0,0.0,1.0,25.0,3.0,22.0,
446.0,20230101.0,144.0,0.0,0.0,1.0,12.0,3.0,22.0,
446.0,20220401.0,84.0,0.0,0.0,1.0,3.0,3.0,22.0,
446.0,20220601.0,175.5,0.0,0.0,1.0,5.0,3.0,22.0,
446.0,20230801.0,198.0,0.0,0.0,1.0,19.0,3.0,22.0,
446.0,20231201.0,144.0,0.0,0.0,1.0,23.0,3.0,22.0,
446.0,20221001.0,153.0,0.0,0.0,1.0,9.0,3.0,22.0,
446.0,20230501.0,189.0,0.0,0.0,1.0,16.0,3.0,22.0,
446.0,20230901.0,171.0,0.0,0.0,1.0,20.0,3.0,22.0,
446.0,20231101.0,189.0,0.0,0.0,1.0,22.0,3.0,22.0,
446.0,20230601.0,135.0,0.0,0.0,1.0,17.0,3.0,22.0,
446.0,20221201.0,193.0,0.0,0.0,1.0,11.0,3.0,22.0,
446.0,20220301.0,0.0,0.0,0.0,1.0,1.0,3.0,22.0,
446.0,20221101.0,198.0,0.0,0.0,1.0,10.0,3.0,22.0,
446.0,20240101.0,90.0,0.0,0.0,1.0,24.0,3.0,22.0,
446.0,20220901.0,184.5,0.0,0.0,1.0,8.0,3.0,22.0,
541.0,20220101.0,147.96,0.0,0.0,1.0,0.0,1.0,3.0,
541.0,20220501.0,181.36,0.0,0.0,1.0,4.0,1.0,3.0,
541.0,20220401.0,48.71,0.0,0.0,1.0,3.0,1.0,3.0,
541.0,20220601.0,198.09,0.0,0.0,1.0,5.0,1.0,3.0,
541.0,20221001.0,123.95,0.0,0.0,1.0,9.0,1.0,3.0,
541.0,20220901.0,197.79,0.0,0.0,1.0,8.0,1.0,3.0,
542.0,20220101.0,94.53,0.0,0.0,1.0,0.0,1.0,8.0,
542.0,20220501.0,184.97,0.0,0.0,1.0,4.0,1.0,8.0,
542.0,20220401.0,46.25,0.0,0.0,1.0,3.0,1.0,8.0,
542.0,20220601.0,190.78,0.0,0.0,1.0,5.0,1.0,8.0,
247.0,20250101.0,164.17,0.0,0.0,1.0,36.0,1.0,8.0,
247.0,20250101.0,118.19,0.0,0.0,1.0,36.0,1.0,8.0,
247.0,20231001.0,192.88,0.0,0.0,1.0,21.0,1.0,8.0,
247.0,20220101.0,151.5,0.0,0.0,1.0,0.0,1.0,8.0,
247.0,20230401.0,107.26,0.0,0.0,1.0,15.0,1.0,8.0,
247.0,20230301.0,181.47,0.0,0.0,1.0,14.0,1.0,8.0,
247.0,20250501.0,155.34,0.0,0.0,1.0,40.0,1.0,8.0,
247.0,20230101.0,205.95,0.0,0.0,1.0,12.0,1.0,8.0,
247.0,20240801.0,153.47,0.0,0.0,1.0,31.0,1.0,8.0,
247.0,20241101.0,170.68,0.0,0.0,1.0,34.0,1.0,8.0,
247.0,20220501.0,183.0,0.0,0.0,1.0,4.0,1.0,8.0,
247.0,20241001.0,190.97,0.0,0.0,1.0,33.0,1.0,8.0,
247.0,20240601.0,124.21,0.0,0.0,1.0,29.0,1.0,8.0,
247.0,20250301.0,121.86,0.0,0.0,1.0,38.0,1.0,8.0,
247.0,20230201.0,180.22,0.0,0.0,1.0,13.0,1.0,8.0,
247.0,20240201.0,185.5,0.0,0.0,1.0,25.0,1.0,8.0,
247.0,20230101.0,147.94,0.0,0.0,1.0,12.0,1.0,8.0,
247.0,20240301.0,131.44,0.0,0.0,1.0,26.0,1.0,8.0,
247.0,20220401.0,46.53,0.0,0.0,1.0,3.0,1.0,8.0,
247.0,20220601.0,176.0,0.0,0.0,1.0,5.0,1.0,8.0,
247.0,20241201.0,180.72,0.0,0.0,1.0,35.0,1.0,8.0,
247.0,20230801.0,126.96,0.0,0.0,1.0,19.0,1.0,8.0,
247.0,20240901.0,180.95,0.0,0.0,1.0,32.0,1.0,8.0,
247.0,20231201.0,176.95,0.0,0.0,1.0,23.0,1.0,8.0,
247.0,20221001.0,165.5,0.0,0.0,1.0,9.0,1.0,8.0,
247.0,20240101.0,180.39,0.0,0.0,1.0,24.0,1.0,8.0,
247.0,20230501.0,186.01,0.0,0.0,1.0,16.0,1.0,8.0,
247.0,20250601.0,172.68,0.0,0.0,1.0,41.0,1.0,8.0,
247.0,20230901.0,180.55,0.0,0.0,1.0,20.0,1.0,8.0,
247.0,20240401.0,139.93,0.0,0.0,1.0,27.0,1.0,8.0,
247.0,20231101.0,190.69,0.0,0.0,1.0,22.0,1.0,8.0,
247.0,20250201.0,181.61,0.0,0.0,1.0,37.0,1.0,8.0,
247.0,20230601.0,162.1,0.0,0.0,1.0,17.0,1.0,8.0,
247.0,20250401.0,170.56,0.0,0.0,1.0,39.0,1.0,8.0,
247.0,20221201.0,171.08,0.0,0.0,1.0,11.0,1.0,8.0,
247.0,20221101.0,203.0,0.0,0.0,1.0,10.0,1.0,8.0,
247.0,20240101.0,191.73,0.0,0.0,1.0,24.0,1.0,8.0,
247.0,20240501.0,152.06,0.0,0.0,1.0,28.0,1.0,8.0,
247.0,20220901.0,204.0,0.0,0.0,1.0,8.0,1.0,8.0,
587.0,20220501.0,108.0,0.0,0.0,1.0,1.0,3.0,22.0,
587.0,20220401.0,0.0,0.0,0.0,1.0,0.0,3.0,22.0,
587.0,20220601.0,108.0,0.0,0.0,1.0,2.0,3.0,22.0,
447.0,20231001.0,198.0,0.0,0.0,1.0,21.0,3.0,22.0,
447.0,20220101.0,180.0,0.0,0.0,1.0,0.0,3.0,22.0,
447.0,20230401.0,129.5,0.0,0.0,1.0,15.0,3.0,22.0,
447.0,20230301.0,180.5,0.0,0.0,1.0,14.0,3.0,22.0,
447.0,20230101.0,198.0,0.0,0.0,1.0,12.0,3.0,22.0,
447.0,20220501.0,108.0,0.0,0.0,1.0,4.0,3.0,22.0,
447.0,20240601.0,108.0,0.0,0.0,1.0,29.0,3.0,22.0,
447.0,20230201.0,126.0,0.0,0.0,1.0,13.0,3.0,22.0,
447.0,20240201.0,189.0,0.0,0.0,1.0,25.0,3.0,22.0,
447.0,20230101.0,180.0,0.0,0.0,1.0,12.0,3.0,22.0,
447.0,20240301.0,145.0,0.0,0.0,1.0,26.0,3.0,22.0,
447.0,20220401.0,0.0,0.0,0.0,1.0,3.0,3.0,22.0,
447.0,20220601.0,189.0,0.0,0.0,1.0,5.0,3.0,22.0,
447.0,20230801.0,162.0,0.0,0.0,1.0,19.0,3.0,22.0,
447.0,20231201.0,144.0,0.0,0.0,1.0,23.0,3.0,22.0,
447.0,20221001.0,189.0,0.0,0.0,1.0,9.0,3.0,22.0,
447.0,20240101.0,0.0,0.0,0.0,1.0,24.0,3.0,22.0,
447.0,20230501.0,198.0,0.0,0.0,1.0,16.0,3.0,22.0,
447.0,20230901.0,180.0,0.0,0.0,1.0,20.0,3.0,22.0,
447.0,20240401.0,140.5,0.0,0.0,1.0,27.0,3.0,22.0,
447.0,20231101.0,198.0,0.0,0.0,1.0,22.0,3.0,22.0,
447.0,20230601.0,169.0,0.0,0.0,1.0,17.0,3.0,22.0,
447.0,20221201.0,153.0,0.0,0.0,1.0,11.0,3.0,22.0,
447.0,20221101.0,198.0,0.0,0.0,1.0,10.0,3.0,22.0,
447.0,20240101.0,162.0,0.0,0.0,1.0,24.0,3.0,22.0,
447.0,20240501.0,189.0,0.0,0.0,1.0,28.0,3.0,22.0,
447.0,20220901.0,198.0,0.0,0.0,1.0,8.0,3.0,22.0,
543.0,20220101.0,126.0,0.0,0.0,1.0,0.0,3.0,13.0,
543.0,20220501.0,108.0,0.0,0.0,1.0,4.0,3.0,13.0,
543.0,20220401.0,0.0,0.0,0.0,1.0,3.0,3.0,13.0,
543.0,20220601.0,198.0,0.0,0.0,1.0,5.0,3.0,13.0,
543.0,20221001.0,189.0,0.0,0.0,1.0,9.0,3.0,13.0,
543.0,20221201.0,0.0,0.0,0.0,1.0,11.0,3.0,13.0,
543.0,20221101.0,81.0,0.0,0.0,1.0,10.0,3.0,13.0,
543.0,20220901.0,198.0,0.0,0.0,1.0,8.0,3.0,13.0,
544.0,20220101.0,150.52,0.0,0.0,1.0,0.0,1.0,22.0,
544.0,20230401.0,98.51,0.0,0.0,1.0,15.0,1.0,22.0,
544.0,20230301.0,132.43,0.0,0.0,1.0,14.0,1.0,22.0,
544.0,20230101.0,110.55,0.0,0.0,1.0,12.0,1.0,22.0,
544.0,20220501.0,109.16,0.0,0.0,1.0,4.0,1.0,22.0,
544.0,20230201.0,90.22,0.0,0.0,1.0,13.0,1.0,22.0,
544.0,20220401.0,0.0,0.0,0.0,1.0,3.0,1.0,22.0,
544.0,20220601.0,173.44,0.0,0.0,1.0,5.0,1.0,22.0,
544.0,20221001.0,116.06,0.0,0.0,1.0,9.0,1.0,22.0,
544.0,20230501.0,163.36,0.0,0.0,1.0,16.0,1.0,22.0,
544.0,20230601.0,61.94,0.0,0.0,1.0,17.0,1.0,22.0,
544.0,20221201.0,57.22,0.0,0.0,1.0,11.0,1.0,22.0,
544.0,20221101.0,75.46,0.0,0.0,1.0,10.0,1.0,22.0,
544.0,20220901.0,144.29,0.0,0.0,1.0,8.0,1.0,22.0,
545.0,20220101.0,137.26,0.0,0.0,1.0,0.0,5.0,22.0,
545.0,20230101.0,185.12,0.0,0.0,1.0,12.0,5.0,22.0,
545.0,20220501.0,18.24,0.0,0.0,1.0,4.0,5.0,22.0,
545.0,20230201.0,27.74,0.0,0.0,1.0,13.0,5.0,22.0,
545.0,20220601.0,203.53,0.0,0.0,1.0,5.0,5.0,22.0,
545.0,20221001.0,192.08,0.0,0.0,1.0,9.0,5.0,22.0,
545.0,20221201.0,185.12,0.0,0.0,1.0,11.0,5.0,22.0,
545.0,20221101.0,194.37,0.0,0.0,1.0,10.0,5.0,22.0,
545.0,20220901.0,184.48,0.0,0.0,1.0,8.0,5.0,22.0,
448.0,20231001.0,198.0,0.0,0.0,1.0,21.0,3.0,22.0,
448.0,20220101.0,171.0,0.0,0.0,1.0,0.0,3.0,22.0,
448.0,20230401.0,120.5,0.0,0.0,1.0,15.0,3.0,22.0,
448.0,20230301.0,180.5,0.0,0.0,1.0,14.0,3.0,22.0,
448.0,20230101.0,198.0,0.0,0.0,1.0,12.0,3.0,22.0,
448.0,20220501.0,0.0,0.0,0.0,1.0,4.0,3.0,22.0,
448.0,20240601.0,117.0,0.0,0.0,1.0,29.0,3.0,22.0,
448.0,20230201.0,180.0,0.0,0.0,1.0,13.0,3.0,22.0,
448.0,20240201.0,189.0,0.0,0.0,1.0,25.0,3.0,22.0,
448.0,20230101.0,171.0,0.0,0.0,1.0,12.0,3.0,22.0,
448.0,20240301.0,127.0,0.0,0.0,1.0,26.0,3.0,22.0,
448.0,20220601.0,171.0,0.0,0.0,1.0,5.0,3.0,22.0,
448.0,20230801.0,162.0,0.0,0.0,1.0,19.0,3.0,22.0,
448.0,20231201.0,126.0,0.0,0.0,1.0,23.0,3.0,22.0,
448.0,20221001.0,171.0,0.0,0.0,1.0,9.0,3.0,22.0,
448.0,20240101.0,0.0,0.0,0.0,1.0,24.0,3.0,22.0,
448.0,20230501.0,198.0,0.0,0.0,1.0,16.0,3.0,22.0,
448.0,20230901.0,180.0,0.0,0.0,1.0,20.0,3.0,22.0,
448.0,20240401.0,140.5,0.0,0.0,1.0,27.0,3.0,22.0,
448.0,20231101.0,189.0,0.0,0.0,1.0,22.0,3.0,22.0,
448.0,20230601.0,160.0,0.0,0.0,1.0,17.0,3.0,22.0,
448.0,20221201.0,144.0,0.0,0.0,1.0,11.0,3.0,22.0,
448.0,20221101.0,198.0,0.0,0.0,1.0,10.0,3.0,22.0,
448.0,20240101.0,162.0,0.0,0.0,1.0,24.0,3.0,22.0,
448.0,20240501.0,198.0,0.0,0.0,1.0,28.0,3.0,22.0,
448.0,20220901.0,198.0,0.0,0.0,1.0,8.0,3.0,22.0,
248.0,20250101.0,175.5,0.0,0.0,1.0,36.0,3.0,22.0,
248.0,20250101.0,126.0,0.0,0.0,1.0,36.0,3.0,22.0,
248.0,20231001.0,198.0,0.0,0.0,1.0,21.0,3.0,22.0,
248.0,20220101.0,171.0,0.0,0.0,1.0,0.0,3.0,22.0,
248.0,20230401.0,123.0,0.0,0.0,1.0,15.0,3.0,22.0,
248.0,20230301.0,180.5,0.0,0.0,1.0,14.0,3.0,22.0,
248.0,20250501.0,189.0,0.0,0.0,1.0,40.0,3.0,22.0,
248.0,20230101.0,189.0,0.0,0.0,1.0,12.0,3.0,22.0,
248.0,20240801.0,153.0,0.0,0.0,1.0,31.0,3.0,22.0,
248.0,20241101.0,189.0,0.0,0.0,1.0,34.0,3.0,22.0,
248.0,20220501.0,0.0,0.0,0.0,1.0,4.0,3.0,22.0,
248.0,20241001.0,207.0,0.0,0.0,1.0,33.0,3.0,22.0,
248.0,20240601.0,171.0,0.0,0.0,1.0,29.0,3.0,22.0,
248.0,20250301.0,126.0,0.0,0.0,1.0,38.0,3.0,22.0,
248.0,20230201.0,171.0,0.0,0.0,1.0,13.0,3.0,22.0,
248.0,20240201.0,189.0,0.0,0.0,1.0,25.0,3.0,22.0,
248.0,20230101.0,135.0,0.0,0.0,1.0,12.0,3.0,22.0,
248.0,20240301.0,145.0,0.0,0.0,1.0,26.0,3.0,22.0,
248.0,20220601.0,117.0,0.0,0.0,1.0,5.0,3.0,22.0,
248.0,20241201.0,153.0,0.0,0.0,1.0,35.0,3.0,22.0,
248.0,20230801.0,144.0,0.0,0.0,1.0,19.0,3.0,22.0,
248.0,20240901.0,180.0,0.0,0.0,1.0,32.0,3.0,22.0,
248.0,20231201.0,144.0,0.0,0.0,1.0,23.0,3.0,22.0,
248.0,20221001.0,189.0,0.0,0.0,1.0,9.0,3.0,22.0,
248.0,20240101.0,153.0,0.0,0.0,1.0,24.0,3.0,22.0,
248.0,20230501.0,198.0,0.0,0.0,1.0,16.0,3.0,22.0,
248.0,20250601.0,168.0,0.0,0.0,1.0,41.0,3.0,22.0,
248.0,20230901.0,171.0,0.0,0.0,1.0,20.0,3.0,22.0,
248.0,20240401.0,140.5,0.0,0.0,1.0,27.0,3.0,22.0,
248.0,20231101.0,198.0,0.0,0.0,1.0,22.0,3.0,22.0,
248.0,20250201.0,180.0,0.0,0.0,1.0,37.0,3.0,22.0,
248.0,20230601.0,169.0,0.0,0.0,1.0,17.0,3.0,22.0,
248.0,20250401.0,189.0,0.0,0.0,1.0,39.0,3.0,22.0,
248.0,20221201.0,153.0,0.0,0.0,1.0,11.0,3.0,22.0,
248.0,20221101.0,193.5,0.0,0.0,1.0,10.0,3.0,22.0,
248.0,20240501.0,180.0,0.0,0.0,1.0,28.0,3.0,22.0,
248.0,20220901.0,193.5,0.0,0.0,1.0,8.0,3.0,22.0,
249.0,20250101.0,168.61,0.0,0.0,1.0,36.0,1.0,22.0,
249.0,20250101.0,94.76,0.0,0.0,1.0,36.0,1.0,22.0,
249.0,20231001.0,191.65,0.0,0.0,1.0,21.0,1.0,22.0,
249.0,20220101.0,169.48,0.0,0.0,1.0,0.0,1.0,22.0,
249.0,20230401.0,136.68,0.0,0.0,1.0,15.0,1.0,22.0,
249.0,20230301.0,174.75,0.0,0.0,1.0,14.0,1.0,22.0,
249.0,20250501.0,171.57,0.0,0.0,1.0,40.0,1.0,22.0,
249.0,20230101.0,206.37,0.0,0.0,1.0,12.0,1.0,22.0,
249.0,20240801.0,127.48,0.0,0.0,1.0,31.0,1.0,22.0,
249.0,20241101.0,159.56,0.0,0.0,1.0,34.0,1.0,22.0,
249.0,20220501.0,0.0,0.0,0.0,1.0,4.0,1.0,22.0,
249.0,20241001.0,192.8,0.0,0.0,1.0,33.0,1.0,22.0,
249.0,20240601.0,0.0,0.0,0.0,1.0,29.0,1.0,22.0,
249.0,20250301.0,117.48,0.0,0.0,1.0,38.0,1.0,22.0,
249.0,20230201.0,182.2,0.0,0.0,1.0,13.0,1.0,22.0,
249.0,20240201.0,173.12,0.0,0.0,1.0,25.0,1.0,22.0,
249.0,20230101.0,181.83,0.0,0.0,1.0,12.0,1.0,22.0,
249.0,20240301.0,132.69,0.0,0.0,1.0,26.0,1.0,22.0,
249.0,20220601.0,109.27,0.0,0.0,1.0,5.0,1.0,22.0,
249.0,20241201.0,152.62,0.0,0.0,1.0,35.0,1.0,22.0,
249.0,20230801.0,63.55,0.0,0.0,1.0,19.0,1.0,22.0,
249.0,20240901.0,172.71,0.0,0.0,1.0,32.0,1.0,22.0,
249.0,20231201.0,168.54,0.0,0.0,1.0,23.0,1.0,22.0,
249.0,20221001.0,189.11,0.0,0.0,1.0,9.0,1.0,22.0,
249.0,20240101.0,0.0,0.0,0.0,1.0,24.0,1.0,22.0,
249.0,20230501.0,201.11,0.0,0.0,1.0,16.0,1.0,22.0,
249.0,20250601.0,166.53,0.0,0.0,1.0,41.0,1.0,22.0,
249.0,20230901.0,173.23,0.0,0.0,1.0,20.0,1.0,22.0,
249.0,20240401.0,154.94,0.0,0.0,1.0,27.0,1.0,22.0,
249.0,20231101.0,180.93,0.0,0.0,1.0,22.0,1.0,22.0,
249.0,20250201.0,158.35,0.0,0.0,1.0,37.0,1.0,22.0,
249.0,20230601.0,160.39,0.0,0.0,1.0,17.0,1.0,22.0,
249.0,20250401.0,171.17,0.0,0.0,1.0,39.0,1.0,22.0,
249.0,20221201.0,191.27,0.0,0.0,1.0,11.0,1.0,22.0,
249.0,20221101.0,200.91,0.0,0.0,1.0,10.0,1.0,22.0,
249.0,20240101.0,182.15,0.0,0.0,1.0,24.0,1.0,22.0,
249.0,20240501.0,198.44,0.0,0.0,1.0,28.0,1.0,22.0,
249.0,20220901.0,209.13,0.0,0.0,1.0,8.0,1.0,22.0,
449.0,20231001.0,179.04,0.0,0.0,1.0,21.0,1.0,22.0,
449.0,20220101.0,174.47,0.0,0.0,1.0,0.0,1.0,22.0,
449.0,20230401.0,139.9,0.0,0.0,1.0,15.0,1.0,22.0,
449.0,20230301.0,158.78,0.0,0.0,1.0,14.0,1.0,22.0,
449.0,20230101.0,204.15,0.0,0.0,1.0,12.0,1.0,22.0,
449.0,20230201.0,184.79,0.0,0.0,1.0,13.0,1.0,22.0,
449.0,20230101.0,186.98,0.0,0.0,1.0,12.0,1.0,22.0,
449.0,20220601.0,83.92,0.0,0.0,1.0,5.0,1.0,22.0,
449.0,20230801.0,177.87,0.0,0.0,1.0,19.0,1.0,22.0,
449.0,20231201.0,179.85,0.0,0.0,1.0,23.0,1.0,22.0,
449.0,20221001.0,177.38,0.0,0.0,1.0,9.0,1.0,22.0,
449.0,20230501.0,203.74,0.0,0.0,1.0,16.0,1.0,22.0,
449.0,20230901.0,146.54,0.0,0.0,1.0,20.0,1.0,22.0,
449.0,20231101.0,181.28,0.0,0.0,1.0,22.0,1.0,22.0,
449.0,20230601.0,180.36,0.0,0.0,1.0,17.0,1.0,22.0,
449.0,20221201.0,186.72,0.0,0.0,1.0,11.0,1.0,22.0,
449.0,20221101.0,197.22,0.0,0.0,1.0,10.0,1.0,22.0,
449.0,20240101.0,135.14,0.0,0.0,1.0,24.0,1.0,22.0,
449.0,20220901.0,214.85,0.0,0.0,1.0,8.0,1.0,22.0,
546.0,20220101.0,22.19,0.0,0.0,1.0,0.0,1.0,22.0,
546.0,20220601.0,54.09,0.0,0.0,1.0,5.0,1.0,22.0,
450.0,20231001.0,37.01,0.0,0.0,1.0,9.0,1.0,1.0,
450.0,20230101.0,173.87,0.0,0.0,1.0,0.0,1.0,1.0,
450.0,20230801.0,167.1,0.0,0.0,1.0,7.0,1.0,1.0,
450.0,20230901.0,184.83,0.0,0.0,1.0,8.0,1.0,1.0,
450.0,20230601.0,34.86,0.0,0.0,1.0,5.0,1.0,1.0,
547.0,20220101.0,168.93,0.0,0.0,1.0,0.0,1.0,3.0,
547.0,20230101.0,0.0,0.0,0.0,1.0,12.0,1.0,3.0,
547.0,20220601.0,0.0,0.0,0.0,1.0,5.0,1.0,3.0,
547.0,20221001.0,160.27,0.0,0.0,1.0,9.0,1.0,3.0,
547.0,20221201.0,125.35,0.0,0.0,1.0,11.0,1.0,3.0,
547.0,20221101.0,192.26,0.0,0.0,1.0,10.0,1.0,3.0,
547.0,20220901.0,188.23,0.0,0.0,1.0,8.0,1.0,3.0,
250.0,20250101.0,171.0,0.0,0.0,1.0,36.0,3.0,22.0,
250.0,20250101.0,126.0,0.0,0.0,1.0,36.0,3.0,22.0,
250.0,20231001.0,198.0,0.0,0.0,1.0,21.0,3.0,22.0,
250.0,20220101.0,108.0,0.0,0.0,1.0,0.0,3.0,22.0,
250.0,20230401.0,129.5,0.0,0.0,1.0,15.0,3.0,22.0,
250.0,20230301.0,180.5,0.0,0.0,1.0,14.0,3.0,22.0,
250.0,20250501.0,189.0,0.0,0.0,1.0,40.0,3.0,22.0,
250.0,20230101.0,198.0,0.0,0.0,1.0,12.0,3.0,22.0,
250.0,20240801.0,135.0,0.0,0.0,1.0,31.0,3.0,22.0,
250.0,20241101.0,189.0,0.0,0.0,1.0,34.0,3.0,22.0,
250.0,20241001.0,180.0,0.0,0.0,1.0,33.0,3.0,22.0,
250.0,20240601.0,171.0,0.0,0.0,1.0,29.0,3.0,22.0,
250.0,20250301.0,91.0,0.0,0.0,1.0,38.0,3.0,22.0,
250.0,20230201.0,180.0,0.0,0.0,1.0,13.0,3.0,22.0,
250.0,20240201.0,189.0,0.0,0.0,1.0,25.0,3.0,22.0,
250.0,20230101.0,135.0,0.0,0.0,1.0,12.0,3.0,22.0,
250.0,20240301.0,145.0,0.0,0.0,1.0,26.0,3.0,22.0,
250.0,20220601.0,0.0,0.0,0.0,1.0,5.0,3.0,22.0,
250.0,20241201.0,148.5,0.0,0.0,1.0,35.0,3.0,22.0,
250.0,20230801.0,207.0,0.0,0.0,1.0,19.0,3.0,22.0,
250.0,20240901.0,180.0,0.0,0.0,1.0,32.0,3.0,22.0,
250.0,20231201.0,144.0,0.0,0.0,1.0,23.0,3.0,22.0,
250.0,20221001.0,189.0,0.0,0.0,1.0,9.0,3.0,22.0,
250.0,20240101.0,189.0,0.0,0.0,1.0,24.0,3.0,22.0,
250.0,20230501.0,189.0,0.0,0.0,1.0,16.0,3.0,22.0,
250.0,20250601.0,163.5,0.0,0.0,1.0,41.0,3.0,22.0,
250.0,20230901.0,180.0,0.0,0.0,1.0,20.0,3.0,22.0,
250.0,20240401.0,140.5,0.0,0.0,1.0,27.0,3.0,22.0,
250.0,20231101.0,189.0,0.0,0.0,1.0,22.0,3.0,22.0,
250.0,20250201.0,180.0,0.0,0.0,1.0,37.0,3.0,22.0,
250.0,20230601.0,169.0,0.0,0.0,1.0,17.0,3.0,22.0,
250.0,20250401.0,189.0,0.0,0.0,1.0,39.0,3.0,22.0,
250.0,20221201.0,153.0,0.0,0.0,1.0,11.0,3.0,22.0,
250.0,20221101.0,180.0,0.0,0.0,1.0,10.0,3.0,22.0,
250.0,20240101.0,117.0,0.0,0.0,1.0,24.0,3.0,22.0,
250.0,20240501.0,198.0,0.0,0.0,1.0,28.0,3.0,22.0,
250.0,20220901.0,198.0,0.0,0.0,1.0,8.0,3.0,22.0,
251.0,20250101.0,180.0,0.0,0.0,1.0,36.0,3.0,22.0,
251.0,20250101.0,126.0,0.0,0.0,1.0,36.0,3.0,22.0,
251.0,20231001.0,180.0,0.0,0.0,1.0,21.0,3.0,22.0,
251.0,20220101.0,126.0,0.0,0.0,1.0,0.0,3.0,22.0,
251.0,20230401.0,123.0,0.0,0.0,1.0,15.0,3.0,22.0,
251.0,20230301.0,180.5,0.0,0.0,1.0,14.0,3.0,22.0,
251.0,20250501.0,189.0,0.0,0.0,1.0,40.0,3.0,22.0,
251.0,20230101.0,198.0,0.0,0.0,1.0,12.0,3.0,22.0,
251.0,20240801.0,126.0,0.0,0.0,1.0,31.0,3.0,22.0,
251.0,20241101.0,189.0,0.0,0.0,1.0,34.0,3.0,22.0,
251.0,20241001.0,207.0,0.0,0.0,1.0,33.0,3.0,22.0,
251.0,20240601.0,171.0,0.0,0.0,1.0,29.0,3.0,22.0,
251.0,20250301.0,126.0,0.0,0.0,1.0,38.0,3.0,22.0,
251.0,20230201.0,180.0,0.0,0.0,1.0,13.0,3.0,22.0,
251.0,20240201.0,189.0,0.0,0.0,1.0,25.0,3.0,22.0,
251.0,20230101.0,180.0,0.0,0.0,1.0,12.0,3.0,22.0,
251.0,20240301.0,145.0,0.0,0.0,1.0,26.0,3.0,22.0,
251.0,20220601.0,0.0,0.0,0.0,1.0,5.0,3.0,22.0,
251.0,20241201.0,171.0,0.0,0.0,1.0,35.0,3.0,22.0,
251.0,20230801.0,144.0,0.0,0.0,1.0,19.0,3.0,22.0,
251.0,20240901.0,189.0,0.0,0.0,1.0,32.0,3.0,22.0,
251.0,20231201.0,126.0,0.0,0.0,1.0,23.0,3.0,22.0,
251.0,20221001.0,171.0,0.0,0.0,1.0,9.0,3.0,22.0,
251.0,20240101.0,162.0,0.0,0.0,1.0,24.0,3.0,22.0,
251.0,20230501.0,198.0,0.0,0.0,1.0,16.0,3.0,22.0,
251.0,20250601.0,177.0,0.0,0.0,1.0,41.0,3.0,22.0,
251.0,20230901.0,180.0,0.0,0.0,1.0,20.0,3.0,22.0,
251.0,20240401.0,140.5,0.0,0.0,1.0,27.0,3.0,22.0,
251.0,20231101.0,198.0,0.0,0.0,1.0,22.0,3.0,22.0,
251.0,20250201.0,180.0,0.0,0.0,1.0,37.0,3.0,22.0,
251.0,20230601.0,169.0,0.0,0.0,1.0,17.0,3.0,22.0,
251.0,20250401.0,180.0,0.0,0.0,1.0,39.0,3.0,22.0,
251.0,20221201.0,153.0,0.0,0.0,1.0,11.0,3.0,22.0,
251.0,20221101.0,198.0,0.0,0.0,1.0,10.0,3.0,22.0,
251.0,20240501.0,198.0,0.0,0.0,1.0,28.0,3.0,22.0,
251.0,20220901.0,189.0,0.0,0.0,1.0,8.0,3.0,22.0,
252.0,20250101.0,171.0,0.0,0.0,1.0,36.0,3.0,22.0,
252.0,20250101.0,126.0,0.0,0.0,1.0,36.0,3.0,22.0,
252.0,20231001.0,189.0,0.0,0.0,1.0,21.0,3.0,22.0,
252.0,20220101.0,81.0,0.0,0.0,1.0,0.0,3.0,22.0,
252.0,20230401.0,129.5,0.0,0.0,1.0,15.0,3.0,22.0,
252.0,20230301.0,174.0,0.0,0.0,1.0,14.0,3.0,22.0,
252.0,20250501.0,180.0,0.0,0.0,1.0,40.0,3.0,22.0,
252.0,20230101.0,184.5,0.0,0.0,1.0,12.0,3.0,22.0,
252.0,20240801.0,99.0,0.0,0.0,1.0,31.0,3.0,22.0,
252.0,20241101.0,144.0,0.0,0.0,1.0,34.0,3.0,22.0,
252.0,20241001.0,198.0,0.0,0.0,1.0,33.0,3.0,22.0,
252.0,20240601.0,171.0,0.0,0.0,1.0,29.0,3.0,22.0,
252.0,20250301.0,133.0,0.0,0.0,1.0,38.0,3.0,22.0,
252.0,20230201.0,171.0,0.0,0.0,1.0,13.0,3.0,22.0,
252.0,20240201.0,180.0,0.0,0.0,1.0,25.0,3.0,22.0,
252.0,20230101.0,180.0,0.0,0.0,1.0,12.0,3.0,22.0,
252.0,20240301.0,145.0,0.0,0.0,1.0,26.0,3.0,22.0,
252.0,20220601.0,0.0,0.0,0.0,1.0,5.0,3.0,22.0,
252.0,20241201.0,162.0,0.0,0.0,1.0,35.0,3.0,22.0,
252.0,20230801.0,139.5,0.0,0.0,1.0,19.0,3.0,22.0,
252.0,20240901.0,189.0,0.0,0.0,1.0,32.0,3.0,22.0,
252.0,20231201.0,135.0,0.0,0.0,1.0,23.0,3.0,22.0,
252.0,20221001.0,189.0,0.0,0.0,1.0,9.0,3.0,22.0,
252.0,20240101.0,162.0,0.0,0.0,1.0,24.0,3.0,22.0,
252.0,20230501.0,189.0,0.0,0.0,1.0,16.0,3.0,22.0,
252.0,20250601.0,177.0,0.0,0.0,1.0,41.0,3.0,22.0,
252.0,20230901.0,180.0,0.0,0.0,1.0,20.0,3.0,22.0,
252.0,20240401.0,140.5,0.0,0.0,1.0,27.0,3.0,22.0,
252.0,20231101.0,198.0,0.0,0.0,1.0,22.0,3.0,22.0,
252.0,20250201.0,171.0,0.0,0.0,1.0,37.0,3.0,22.0,
252.0,20230601.0,160.0,0.0,0.0,1.0,17.0,3.0,22.0,
252.0,20250401.0,189.0,0.0,0.0,1.0,39.0,3.0,22.0,
252.0,20221201.0,153.0,0.0,0.0,1.0,11.0,3.0,22.0,
252.0,20221101.0,198.0,0.0,0.0,1.0,10.0,3.0,22.0,
252.0,20240101.0,144.0,0.0,0.0,1.0,24.0,3.0,22.0,
252.0,20240501.0,63.0,0.0,0.0,1.0,28.0,3.0,22.0,
252.0,20220901.0,189.0,0.0,0.0,1.0,8.0,3.0,22.0,
253.0,20250101.0,72.18,0.0,0.0,1.0,36.0,4.0,22.0,
253.0,20231001.0,153.7,0.0,0.0,1.0,21.0,4.0,22.0,
253.0,20220101.0,0.0,0.0,0.0,1.0,0.0,4.0,22.0,
253.0,20230401.0,120.49,0.0,0.0,1.0,15.0,4.0,22.0,
253.0,20230301.0,173.02,0.0,0.0,1.0,14.0,4.0,22.0,
253.0,20230101.0,184.61,0.0,0.0,1.0,12.0,4.0,22.0,
253.0,20240801.0,132.45,0.0,0.0,1.0,31.0,4.0,22.0,
253.0,20241101.0,168.43,0.0,0.0,1.0,34.0,4.0,22.0,
253.0,20241001.0,209.93,0.0,0.0,1.0,33.0,4.0,22.0,
253.0,20240601.0,152.73,0.0,0.0,1.0,29.0,4.0,22.0,
253.0,20230201.0,174.89,0.0,0.0,1.0,13.0,4.0,22.0,
253.0,20240201.0,200.87,0.0,0.0,1.0,25.0,4.0,22.0,
253.0,20230101.0,154.85,0.0,0.0,1.0,12.0,4.0,22.0,
253.0,20240301.0,159.14,0.0,0.0,1.0,26.0,4.0,22.0,
253.0,20241201.0,102.06,0.0,0.0,1.0,35.0,4.0,22.0,
253.0,20230801.0,159.49,0.0,0.0,1.0,19.0,4.0,22.0,
253.0,20240901.0,156.93,0.0,0.0,1.0,32.0,4.0,22.0,
253.0,20231201.0,187.79,0.0,0.0,1.0,23.0,4.0,22.0,
253.0,20221001.0,178.66,0.0,0.0,1.0,9.0,4.0,22.0,
253.0,20240101.0,152.63,0.0,0.0,1.0,24.0,4.0,22.0,
253.0,20230501.0,203.06,0.0,0.0,1.0,16.0,4.0,22.0,
253.0,20230901.0,105.27,0.0,0.0,1.0,20.0,4.0,22.0,
253.0,20240401.0,117.49,0.0,0.0,1.0,27.0,4.0,22.0,
253.0,20231101.0,178.61,0.0,0.0,1.0,22.0,4.0,22.0,
253.0,20230601.0,176.75,0.0,0.0,1.0,17.0,4.0,22.0,
253.0,20221201.0,152.27,0.0,0.0,1.0,11.0,4.0,22.0,
253.0,20221101.0,185.35,0.0,0.0,1.0,10.0,4.0,22.0,
253.0,20240101.0,163.44,0.0,0.0,1.0,24.0,4.0,22.0,
253.0,20240501.0,183.2,0.0,0.0,1.0,28.0,4.0,22.0,
253.0,20220901.0,123.28,0.0,0.0,1.0,8.0,4.0,22.0,
548.0,20220101.0,0.0,0.0,0.0,1.0,0.0,3.0,22.0,
548.0,20220901.0,45.0,0.0,0.0,1.0,8.0,3.0,22.0,
549.0,20220101.0,0.0,0.0,0.0,1.0,0.0,1.0,22.0,
549.0,20230301.0,9.4,0.0,0.0,1.0,14.0,1.0,22.0,
549.0,20230101.0,213.54,0.0,0.0,1.0,12.0,1.0,22.0,
549.0,20230201.0,146.53,0.0,0.0,1.0,13.0,1.0,22.0,
549.0,20221001.0,168.84,0.0,0.0,1.0,9.0,1.0,22.0,
549.0,20221201.0,196.07,0.0,0.0,1.0,11.0,1.0,22.0,
549.0,20221101.0,198.99,0.0,0.0,1.0,10.0,1.0,22.0,
549.0,20220901.0,186.06,0.0,0.0,1.0,8.0,1.0,22.0,
254.0,20250101.0,180.0,0.0,0.0,1.0,36.0,3.0,22.0,
254.0,20250101.0,126.0,0.0,0.0,1.0,36.0,3.0,22.0,
254.0,20231001.0,198.0,0.0,0.0,1.0,21.0,3.0,22.0,
254.0,20220101.0,0.0,0.0,0.0,1.0,0.0,3.0,22.0,
254.0,20230401.0,129.5,0.0,0.0,1.0,15.0,3.0,22.0,
254.0,20230301.0,171.5,0.0,0.0,1.0,14.0,3.0,22.0,
254.0,20250501.0,189.0,0.0,0.0,1.0,40.0,3.0,22.0,
254.0,20230101.0,198.0,0.0,0.0,1.0,12.0,3.0,22.0,
254.0,20240801.0,180.0,0.0,0.0,1.0,31.0,3.0,22.0,
254.0,20241101.0,189.0,0.0,0.0,1.0,34.0,3.0,22.0,
254.0,20241001.0,207.0,0.0,0.0,1.0,33.0,3.0,22.0,
254.0,20240601.0,171.0,0.0,0.0,1.0,29.0,3.0,22.0,
254.0,20250301.0,133.0,0.0,0.0,1.0,38.0,3.0,22.0,
254.0,20230201.0,162.0,0.0,0.0,1.0,13.0,3.0,22.0,
254.0,20240201.0,189.0,0.0,0.0,1.0,25.0,3.0,22.0,
254.0,20230101.0,144.0,0.0,0.0,1.0,12.0,3.0,22.0,
254.0,20240301.0,145.0,0.0,0.0,1.0,26.0,3.0,22.0,
254.0,20241201.0,117.0,0.0,0.0,1.0,35.0,3.0,22.0,
254.0,20230801.0,207.0,0.0,0.0,1.0,19.0,3.0,22.0,
254.0,20240901.0,189.0,0.0,0.0,1.0,32.0,3.0,22.0,
254.0,20231201.0,144.0,0.0,0.0,1.0,23.0,3.0,22.0,
254.0,20221001.0,189.0,0.0,0.0,1.0,9.0,3.0,22.0,
254.0,20240101.0,135.0,0.0,0.0,1.0,24.0,3.0,22.0,
254.0,20230501.0,198.0,0.0,0.0,1.0,16.0,3.0,22.0,
254.0,20250601.0,168.0,0.0,0.0,1.0,41.0,3.0,22.0,
254.0,20230901.0,180.0,0.0,0.0,1.0,20.0,3.0,22.0,
254.0,20240401.0,131.5,0.0,0.0,1.0,27.0,3.0,22.0,
254.0,20231101.0,198.0,0.0,0.0,1.0,22.0,3.0,22.0,
254.0,20250201.0,180.0,0.0,0.0,1.0,37.0,3.0,22.0,
254.0,20230601.0,169.0,0.0,0.0,1.0,17.0,3.0,22.0,
254.0,20250401.0,189.0,0.0,0.0,1.0,39.0,3.0,22.0,
254.0,20221201.0,153.0,0.0,0.0,1.0,11.0,3.0,22.0,
254.0,20221101.0,198.0,0.0,0.0,1.0,10.0,3.0,22.0,
254.0,20240101.0,144.0,0.0,0.0,1.0,24.0,3.0,22.0,
254.0,20240501.0,198.0,0.0,0.0,1.0,28.0,3.0,22.0,
254.0,20220901.0,198.0,0.0,0.0,1.0,8.0,3.0,22.0,
451.0,20231001.0,147.75,0.0,0.0,1.0,13.0,2.0,22.0,
451.0,20230401.0,115.43,0.0,0.0,1.0,7.0,2.0,22.0,
451.0,20230301.0,159.49,0.0,0.0,1.0,6.0,2.0,22.0,
451.0,20230101.0,176.41,0.0,0.0,1.0,4.0,2.0,22.0,
451.0,20240801.0,55.73,0.0,0.0,1.0,23.0,2.0,22.0,
451.0,20241001.0,77.87,0.0,0.0,1.0,25.0,2.0,22.0,
451.0,20240601.0,107.5,0.0,0.0,1.0,21.0,2.0,22.0,
451.0,20230201.0,173.36,0.0,0.0,1.0,5.0,2.0,22.0,
451.0,20240201.0,120.36,0.0,0.0,1.0,17.0,2.0,22.0,
451.0,20230101.0,109.16,0.0,0.0,1.0,4.0,2.0,22.0,
451.0,20240301.0,76.92,0.0,0.0,1.0,18.0,2.0,22.0,
451.0,20230801.0,39.01,0.0,0.0,1.0,11.0,2.0,22.0,
451.0,20240901.0,116.25,0.0,0.0,1.0,24.0,2.0,22.0,
451.0,20231201.0,132.25,0.0,0.0,1.0,15.0,2.0,22.0,
451.0,20221001.0,157.87,0.0,0.0,1.0,1.0,2.0,22.0,
451.0,20240101.0,101.87,0.0,0.0,1.0,16.0,2.0,22.0,
451.0,20230501.0,192.18,0.0,0.0,1.0,8.0,2.0,22.0,
451.0,20230901.0,138.29,0.0,0.0,1.0,12.0,2.0,22.0,
451.0,20240401.0,100.0,0.0,0.0,1.0,19.0,2.0,22.0,
451.0,20231101.0,181.64,0.0,0.0,1.0,14.0,2.0,22.0,
451.0,20230601.0,100.92,0.0,0.0,1.0,9.0,2.0,22.0,
451.0,20221201.0,197.32,0.0,0.0,1.0,3.0,2.0,22.0,
451.0,20221101.0,166.33,0.0,0.0,1.0,2.0,2.0,22.0,
451.0,20240101.0,95.21,0.0,0.0,1.0,16.0,2.0,22.0,
451.0,20240501.0,83.1,0.0,0.0,1.0,20.0,2.0,22.0,
451.0,20220901.0,179.45,0.0,0.0,1.0,0.0,2.0,22.0,
554.0,20230401.0,123.56,0.0,0.0,1.0,7.0,2.0,22.0,
554.0,20230301.0,178.78,0.0,0.0,1.0,6.0,2.0,22.0,
554.0,20230101.0,183.93,0.0,0.0,1.0,4.0,2.0,22.0,
554.0,20230201.0,172.72,0.0,0.0,1.0,5.0,2.0,22.0,
554.0,20230101.0,127.6,0.0,0.0,1.0,4.0,2.0,22.0,
554.0,20221001.0,189.44,0.0,0.0,1.0,1.0,2.0,22.0,
554.0,20230501.0,202.45,0.0,0.0,1.0,8.0,2.0,22.0,
554.0,20230601.0,147.3,0.0,0.0,1.0,9.0,2.0,22.0,
554.0,20221201.0,192.53,0.0,0.0,1.0,3.0,2.0,22.0,
554.0,20221101.0,192.51,0.0,0.0,1.0,2.0,2.0,22.0,
554.0,20220901.0,164.35,0.0,0.0,1.0,0.0,2.0,22.0,
595.0,20221001.0,103.29,0.0,0.0,1.0,1.0,1.0,8.0,
595.0,20220901.0,117.72,0.0,0.0,1.0,0.0,1.0,8.0,
596.0,20221001.0,168.0,0.0,0.0,1.0,1.0,1.0,8.0,
596.0,20221201.0,0.0,0.0,0.0,1.0,3.0,1.0,8.0,
596.0,20221101.0,153.0,0.0,0.0,1.0,2.0,1.0,8.0,
596.0,20220901.0,36.0,0.0,0.0,1.0,0.0,1.0,8.0,
452.0,20231001.0,146.08,0.0,0.0,1.0,13.0,1.0,11.0,
452.0,20230401.0,128.26,0.0,0.0,1.0,7.0,1.0,11.0,
452.0,20230301.0,153.17,0.0,0.0,1.0,6.0,1.0,11.0,
452.0,20230101.0,169.07,0.0,0.0,1.0,4.0,1.0,11.0,
452.0,20230201.0,184.17,0.0,0.0,1.0,5.0,1.0,11.0,
452.0,20230101.0,152.67,0.0,0.0,1.0,4.0,1.0,11.0,
452.0,20230801.0,170.78,0.0,0.0,1.0,11.0,1.0,11.0,
452.0,20221001.0,176.03,0.0,0.0,1.0,1.0,1.0,11.0,
452.0,20230501.0,181.21,0.0,0.0,1.0,8.0,1.0,11.0,
452.0,20230901.0,161.87,0.0,0.0,1.0,12.0,1.0,11.0,
452.0,20231101.0,60.28,0.0,0.0,1.0,14.0,1.0,11.0,
452.0,20230601.0,148.65,0.0,0.0,1.0,9.0,1.0,11.0,
452.0,20221201.0,187.69,0.0,0.0,1.0,3.0,1.0,11.0,
452.0,20221101.0,199.02,0.0,0.0,1.0,2.0,1.0,11.0,
452.0,20220901.0,9.0,0.0,0.0,1.0,0.0,1.0,11.0,
555.0,20230401.0,111.5,0.0,0.0,1.0,6.0,6.0,22.0,
555.0,20230301.0,155.13,0.0,0.0,1.0,5.0,6.0,22.0,
555.0,20230101.0,175.75,0.0,0.0,1.0,3.0,6.0,22.0,
555.0,20230201.0,135.66,0.0,0.0,1.0,4.0,6.0,22.0,
555.0,20230101.0,97.36,0.0,0.0,1.0,3.0,6.0,22.0,
555.0,20230801.0,57.84,0.0,0.0,1.0,10.0,6.0,22.0,
555.0,20221001.0,0.0,0.0,0.0,1.0,0.0,6.0,22.0,
555.0,20230501.0,145.52,0.0,0.0,1.0,7.0,6.0,22.0,
555.0,20230601.0,137.48,0.0,0.0,1.0,8.0,6.0,22.0,
555.0,20221201.0,130.05,0.0,0.0,1.0,2.0,6.0,22.0,
555.0,20221101.0,127.16,0.0,0.0,1.0,1.0,6.0,22.0,
453.0,20231001.0,198.0,0.0,0.0,1.0,12.0,3.0,7.0,
453.0,20230401.0,123.0,0.0,0.0,1.0,6.0,3.0,7.0,
453.0,20230301.0,180.5,0.0,0.0,1.0,5.0,3.0,7.0,
453.0,20230101.0,198.0,0.0,0.0,1.0,3.0,3.0,7.0,
453.0,20230201.0,180.0,0.0,0.0,1.0,4.0,3.0,7.0,
453.0,20240201.0,189.0,0.0,0.0,1.0,16.0,3.0,7.0,
453.0,20230101.0,171.0,0.0,0.0,1.0,3.0,3.0,7.0,
453.0,20240301.0,138.5,0.0,0.0,1.0,17.0,3.0,7.0,
453.0,20230801.0,126.0,0.0,0.0,1.0,10.0,3.0,7.0,
453.0,20231201.0,144.0,0.0,0.0,1.0,14.0,3.0,7.0,
453.0,20221001.0,0.0,0.0,0.0,1.0,0.0,3.0,7.0,
453.0,20240101.0,0.0,0.0,0.0,1.0,15.0,3.0,7.0,
453.0,20230501.0,198.0,0.0,0.0,1.0,7.0,3.0,7.0,
453.0,20230901.0,180.0,0.0,0.0,1.0,11.0,3.0,7.0,
453.0,20240401.0,140.5,0.0,0.0,1.0,18.0,3.0,7.0,
453.0,20231101.0,162.0,0.0,0.0,1.0,13.0,3.0,7.0,
453.0,20230601.0,169.0,0.0,0.0,1.0,8.0,3.0,7.0,
453.0,20221201.0,189.0,0.0,0.0,1.0,2.0,3.0,7.0,
453.0,20221101.0,99.0,0.0,0.0,1.0,1.0,3.0,7.0,
453.0,20240101.0,162.0,0.0,0.0,1.0,15.0,3.0,7.0,
453.0,20240501.0,117.0,0.0,0.0,1.0,19.0,3.0,7.0,
255.0,20250101.0,171.0,0.0,0.0,1.0,25.0,3.0,22.0,
255.0,20250101.0,108.0,0.0,0.0,1.0,25.0,3.0,22.0,
255.0,20231001.0,198.0,0.0,0.0,1.0,10.0,3.0,22.0,
255.0,20230401.0,129.5,0.0,0.0,1.0,4.0,3.0,22.0,
255.0,20230301.0,167.5,0.0,0.0,1.0,3.0,3.0,22.0,
255.0,20250501.0,189.0,0.0,0.0,1.0,29.0,3.0,22.0,
255.0,20230101.0,198.0,0.0,0.0,1.0,1.0,3.0,22.0,
255.0,20240801.0,171.0,0.0,0.0,1.0,20.0,3.0,22.0,
255.0,20241101.0,180.0,0.0,0.0,1.0,23.0,3.0,22.0,
255.0,20241001.0,207.0,0.0,0.0,1.0,22.0,3.0,22.0,
255.0,20240601.0,162.0,0.0,0.0,1.0,18.0,3.0,22.0,
255.0,20250301.0,126.0,0.0,0.0,1.0,27.0,3.0,22.0,
255.0,20230201.0,171.0,0.0,0.0,1.0,2.0,3.0,22.0,
255.0,20240201.0,189.0,0.0,0.0,1.0,14.0,3.0,22.0,
255.0,20230101.0,171.0,0.0,0.0,1.0,1.0,3.0,22.0,
255.0,20240301.0,138.5,0.0,0.0,1.0,15.0,3.0,22.0,
255.0,20241201.0,126.0,0.0,0.0,1.0,24.0,3.0,22.0,
255.0,20230801.0,207.0,0.0,0.0,1.0,8.0,3.0,22.0,
255.0,20240901.0,171.0,0.0,0.0,1.0,21.0,3.0,22.0,
255.0,20231201.0,144.0,0.0,0.0,1.0,12.0,3.0,22.0,
255.0,20240101.0,198.0,0.0,0.0,1.0,13.0,3.0,22.0,
255.0,20230501.0,198.0,0.0,0.0,1.0,5.0,3.0,22.0,
255.0,20250601.0,168.0,0.0,0.0,1.0,30.0,3.0,22.0,
255.0,20230901.0,180.0,0.0,0.0,1.0,9.0,3.0,22.0,
255.0,20240401.0,136.0,0.0,0.0,1.0,16.0,3.0,22.0,
255.0,20231101.0,198.0,0.0,0.0,1.0,11.0,3.0,22.0,
255.0,20250201.0,180.0,0.0,0.0,1.0,26.0,3.0,22.0,
255.0,20230601.0,169.0,0.0,0.0,1.0,6.0,3.0,22.0,
255.0,20250401.0,180.0,0.0,0.0,1.0,28.0,3.0,22.0,
255.0,20221201.0,0.0,0.0,0.0,1.0,0.0,3.0,22.0,
255.0,20240101.0,162.0,0.0,0.0,1.0,13.0,3.0,22.0,
255.0,20240501.0,198.0,0.0,0.0,1.0,17.0,3.0,22.0,
256.0,20250101.0,180.0,0.0,0.0,1.0,25.0,3.0,7.0,
256.0,20250101.0,126.0,0.0,0.0,1.0,25.0,3.0,7.0,
256.0,20231001.0,171.0,0.0,0.0,1.0,10.0,3.0,7.0,
256.0,20230401.0,129.5,0.0,0.0,1.0,4.0,3.0,7.0,
256.0,20230301.0,180.5,0.0,0.0,1.0,3.0,3.0,7.0,
256.0,20250501.0,189.0,0.0,0.0,1.0,29.0,3.0,7.0,
256.0,20230101.0,198.0,0.0,0.0,1.0,1.0,3.0,7.0,
256.0,20240801.0,153.0,0.0,0.0,1.0,20.0,3.0,7.0,
256.0,20241101.0,189.0,0.0,0.0,1.0,23.0,3.0,7.0,
256.0,20241001.0,207.0,0.0,0.0,1.0,22.0,3.0,7.0,
256.0,20240601.0,171.0,0.0,0.0,1.0,18.0,3.0,7.0,
256.0,20250301.0,126.0,0.0,0.0,1.0,27.0,3.0,7.0,
256.0,20230201.0,180.0,0.0,0.0,1.0,2.0,3.0,7.0,
256.0,20240201.0,189.0,0.0,0.0,1.0,14.0,3.0,7.0,
256.0,20230101.0,144.0,0.0,0.0,1.0,1.0,3.0,7.0,
256.0,20240301.0,138.5,0.0,0.0,1.0,15.0,3.0,7.0,
256.0,20241201.0,130.5,0.0,0.0,1.0,24.0,3.0,7.0,
256.0,20230801.0,153.0,0.0,0.0,1.0,8.0,3.0,7.0,
256.0,20240901.0,180.0,0.0,0.0,1.0,21.0,3.0,7.0,
256.0,20231201.0,162.0,0.0,0.0,1.0,12.0,3.0,7.0,
256.0,20240101.0,180.0,0.0,0.0,1.0,13.0,3.0,7.0,
256.0,20230501.0,198.0,0.0,0.0,1.0,5.0,3.0,7.0,
256.0,20250601.0,177.0,0.0,0.0,1.0,30.0,3.0,7.0,
256.0,20230901.0,180.0,0.0,0.0,1.0,9.0,3.0,7.0,
256.0,20240401.0,140.5,0.0,0.0,1.0,16.0,3.0,7.0,
256.0,20231101.0,198.0,0.0,0.0,1.0,11.0,3.0,7.0,
256.0,20250201.0,180.0,0.0,0.0,1.0,26.0,3.0,7.0,
256.0,20230601.0,169.0,0.0,0.0,1.0,6.0,3.0,7.0,
256.0,20250401.0,189.0,0.0,0.0,1.0,28.0,3.0,7.0,
256.0,20221201.0,0.0,0.0,0.0,1.0,0.0,3.0,7.0,
256.0,20240101.0,144.0,0.0,0.0,1.0,13.0,3.0,7.0,
256.0,20240501.0,189.0,0.0,0.0,1.0,17.0,3.0,7.0,
257.0,20250101.0,180.0,0.0,0.0,1.0,25.0,3.0,22.0,
257.0,20250101.0,126.0,0.0,0.0,1.0,25.0,3.0,22.0,
257.0,20231001.0,171.0,0.0,0.0,1.0,10.0,3.0,22.0,
257.0,20230401.0,129.5,0.0,0.0,1.0,4.0,3.0,22.0,
257.0,20230301.0,180.5,0.0,0.0,1.0,3.0,3.0,22.0,
257.0,20250501.0,189.0,0.0,0.0,1.0,29.0,3.0,22.0,
257.0,20230101.0,198.0,0.0,0.0,1.0,1.0,3.0,22.0,
257.0,20240801.0,135.0,0.0,0.0,1.0,20.0,3.0,22.0,
257.0,20241101.0,189.0,0.0,0.0,1.0,23.0,3.0,22.0,
257.0,20241001.0,207.0,0.0,0.0,1.0,22.0,3.0,22.0,
257.0,20240601.0,171.0,0.0,0.0,1.0,18.0,3.0,22.0,
257.0,20250301.0,126.0,0.0,0.0,1.0,27.0,3.0,22.0,
257.0,20230201.0,180.0,0.0,0.0,1.0,2.0,3.0,22.0,
257.0,20240201.0,189.0,0.0,0.0,1.0,14.0,3.0,22.0,
257.0,20230101.0,135.0,0.0,0.0,1.0,1.0,3.0,22.0,
257.0,20240301.0,145.0,0.0,0.0,1.0,15.0,3.0,22.0,
257.0,20241201.0,126.0,0.0,0.0,1.0,24.0,3.0,22.0,
257.0,20230801.0,171.0,0.0,0.0,1.0,8.0,3.0,22.0,
257.0,20240901.0,189.0,0.0,0.0,1.0,21.0,3.0,22.0,
257.0,20231201.0,144.0,0.0,0.0,1.0,12.0,3.0,22.0,
257.0,20240101.0,162.0,0.0,0.0,1.0,13.0,3.0,22.0,
257.0,20230501.0,198.0,0.0,0.0,1.0,5.0,3.0,22.0,
257.0,20250601.0,177.0,0.0,0.0,1.0,30.0,3.0,22.0,
257.0,20230901.0,180.0,0.0,0.0,1.0,9.0,3.0,22.0,
257.0,20240401.0,104.5,0.0,0.0,1.0,16.0,3.0,22.0,
257.0,20231101.0,198.0,0.0,0.0,1.0,11.0,3.0,22.0,
257.0,20250201.0,180.0,0.0,0.0,1.0,26.0,3.0,22.0,
257.0,20230601.0,169.0,0.0,0.0,1.0,6.0,3.0,22.0,
257.0,20250401.0,171.0,0.0,0.0,1.0,28.0,3.0,22.0,
257.0,20221201.0,0.0,0.0,0.0,1.0,0.0,3.0,22.0,
257.0,20240501.0,198.0,0.0,0.0,1.0,17.0,3.0,22.0,
556.0,20230401.0,110.0,0.0,0.0,1.0,4.0,3.0,13.0,
556.0,20230301.0,167.5,0.0,0.0,1.0,3.0,3.0,13.0,
556.0,20230101.0,198.0,0.0,0.0,1.0,1.0,3.0,13.0,
556.0,20230201.0,180.0,0.0,0.0,1.0,2.0,3.0,13.0,
556.0,20230501.0,9.0,0.0,0.0,1.0,5.0,3.0,13.0,
556.0,20221201.0,0.0,0.0,0.0,1.0,0.0,3.0,13.0,
258.0,20250101.0,180.0,0.0,0.0,1.0,25.0,3.0,13.0,
258.0,20250101.0,126.0,0.0,0.0,1.0,25.0,3.0,13.0,
258.0,20231001.0,198.0,0.0,0.0,1.0,10.0,3.0,13.0,
258.0,20230401.0,129.5,0.0,0.0,1.0,4.0,3.0,13.0,
258.0,20230301.0,180.5,0.0,0.0,1.0,3.0,3.0,13.0,
258.0,20250501.0,189.0,0.0,0.0,1.0,29.0,3.0,13.0,
258.0,20230101.0,198.0,0.0,0.0,1.0,1.0,3.0,13.0,
258.0,20240801.0,108.0,0.0,0.0,1.0,20.0,3.0,13.0,
258.0,20241101.0,189.0,0.0,0.0,1.0,23.0,3.0,13.0,
258.0,20241001.0,198.0,0.0,0.0,1.0,22.0,3.0,13.0,
258.0,20240601.0,171.0,0.0,0.0,1.0,18.0,3.0,13.0,
258.0,20250301.0,133.0,0.0,0.0,1.0,27.0,3.0,13.0,
258.0,20230201.0,180.0,0.0,0.0,1.0,2.0,3.0,13.0,
258.0,20240201.0,189.0,0.0,0.0,1.0,14.0,3.0,13.0,
258.0,20230101.0,180.0,0.0,0.0,1.0,1.0,3.0,13.0,
258.0,20240301.0,145.0,0.0,0.0,1.0,15.0,3.0,13.0,
258.0,20241201.0,171.0,0.0,0.0,1.0,24.0,3.0,13.0,
258.0,20230801.0,162.0,0.0,0.0,1.0,8.0,3.0,13.0,
258.0,20240901.0,189.0,0.0,0.0,1.0,21.0,3.0,13.0,
258.0,20231201.0,126.0,0.0,0.0,1.0,12.0,3.0,13.0,
258.0,20240101.0,193.5,0.0,0.0,1.0,13.0,3.0,13.0,
258.0,20230501.0,198.0,0.0,0.0,1.0,5.0,3.0,13.0,
258.0,20250601.0,177.0,0.0,0.0,1.0,30.0,3.0,13.0,
258.0,20230901.0,180.0,0.0,0.0,1.0,9.0,3.0,13.0,
258.0,20240401.0,131.5,0.0,0.0,1.0,16.0,3.0,13.0,
258.0,20231101.0,189.0,0.0,0.0,1.0,11.0,3.0,13.0,
258.0,20250201.0,180.0,0.0,0.0,1.0,26.0,3.0,13.0,
258.0,20230601.0,169.0,0.0,0.0,1.0,6.0,3.0,13.0,
258.0,20250401.0,189.0,0.0,0.0,1.0,28.0,3.0,13.0,
258.0,20221201.0,0.0,0.0,0.0,1.0,0.0,3.0,13.0,
258.0,20240101.0,135.0,0.0,0.0,1.0,13.0,3.0,13.0,
258.0,20240501.0,198.0,0.0,0.0,1.0,17.0,3.0,13.0,
454.0,20231001.0,189.0,0.0,0.0,1.0,10.0,3.0,22.0,
454.0,20230401.0,129.5,0.0,0.0,1.0,4.0,3.0,22.0,
454.0,20230301.0,180.5,0.0,0.0,1.0,3.0,3.0,22.0,
454.0,20230101.0,198.0,0.0,0.0,1.0,1.0,3.0,22.0,
454.0,20230201.0,162.0,0.0,0.0,1.0,2.0,3.0,22.0,
454.0,20240201.0,54.0,0.0,0.0,1.0,14.0,3.0,22.0,
454.0,20230101.0,171.0,0.0,0.0,1.0,1.0,3.0,22.0,
454.0,20230801.0,171.0,0.0,0.0,1.0,8.0,3.0,22.0,
454.0,20231201.0,144.0,0.0,0.0,1.0,12.0,3.0,22.0,
454.0,20230501.0,189.0,0.0,0.0,1.0,5.0,3.0,22.0,
454.0,20230901.0,180.0,0.0,0.0,1.0,9.0,3.0,22.0,
454.0,20231101.0,184.5,0.0,0.0,1.0,11.0,3.0,22.0,
454.0,20230601.0,144.0,0.0,0.0,1.0,6.0,3.0,22.0,
454.0,20221201.0,0.0,0.0,0.0,1.0,0.0,3.0,22.0,
454.0,20240101.0,162.0,0.0,0.0,1.0,13.0,3.0,22.0,
557.0,20230401.0,129.5,0.0,0.0,1.0,4.0,3.0,13.0,
557.0,20230301.0,180.5,0.0,0.0,1.0,3.0,3.0,13.0,
557.0,20230101.0,189.0,0.0,0.0,1.0,1.0,3.0,13.0,
557.0,20230201.0,180.0,0.0,0.0,1.0,2.0,3.0,13.0,
557.0,20230501.0,189.0,0.0,0.0,1.0,5.0,3.0,13.0,
557.0,20230601.0,0.0,0.0,0.0,1.0,6.0,3.0,13.0,
557.0,20221201.0,0.0,0.0,0.0,1.0,0.0,3.0,13.0,
558.0,20230401.0,129.5,0.0,0.0,1.0,4.0,3.0,13.0,
558.0,20230301.0,180.5,0.0,0.0,1.0,3.0,3.0,13.0,
558.0,20230101.0,144.0,0.0,0.0,1.0,1.0,3.0,13.0,
558.0,20230201.0,162.0,0.0,0.0,1.0,2.0,3.0,13.0,
558.0,20230501.0,189.0,0.0,0.0,1.0,5.0,3.0,13.0,
558.0,20230601.0,0.0,0.0,0.0,1.0,6.0,3.0,13.0,
558.0,20221201.0,0.0,0.0,0.0,1.0,0.0,3.0,13.0,
259.0,20250101.0,198.0,0.0,0.0,1.0,25.0,4.0,22.0,
259.0,20250101.0,126.0,0.0,0.0,1.0,25.0,4.0,22.0,
259.0,20231001.0,105.09,0.0,0.0,1.0,10.0,4.0,22.0,
259.0,20230401.0,95.55,0.0,0.0,1.0,4.0,4.0,22.0,
259.0,20230301.0,54.33,0.0,0.0,1.0,3.0,4.0,22.0,
259.0,20250501.0,189.0,0.0,0.0,1.0,29.0,4.0,22.0,
259.0,20230101.0,144.0,0.0,0.0,1.0,1.0,4.0,22.0,
259.0,20240801.0,92.92,0.0,0.0,1.0,20.0,4.0,22.0,
259.0,20241101.0,93.14,0.0,0.0,1.0,23.0,4.0,22.0,
259.0,20241001.0,111.7,0.0,0.0,1.0,22.0,4.0,22.0,
259.0,20240601.0,64.89,0.0,0.0,1.0,18.0,4.0,22.0,
259.0,20250301.0,133.0,0.0,0.0,1.0,27.0,4.0,22.0,
259.0,20230201.0,154.46,0.0,0.0,1.0,2.0,4.0,22.0,
259.0,20240201.0,143.8,0.0,0.0,1.0,14.0,4.0,22.0,
259.0,20230101.0,119.51,0.0,0.0,1.0,1.0,4.0,22.0,
259.0,20240301.0,117.8,0.0,0.0,1.0,15.0,4.0,22.0,
259.0,20241201.0,110.01,0.0,0.0,1.0,24.0,4.0,22.0,
259.0,20230801.0,104.68,0.0,0.0,1.0,8.0,4.0,22.0,
259.0,20240901.0,84.9,0.0,0.0,1.0,21.0,4.0,22.0,
259.0,20231201.0,140.17,0.0,0.0,1.0,12.0,4.0,22.0,
259.0,20240101.0,146.3,0.0,0.0,1.0,13.0,4.0,22.0,
259.0,20230501.0,72.17,0.0,0.0,1.0,5.0,4.0,22.0,
259.0,20250601.0,177.0,0.0,0.0,1.0,30.0,4.0,22.0,
259.0,20230901.0,77.28,0.0,0.0,1.0,9.0,4.0,22.0,
259.0,20240401.0,81.12,0.0,0.0,1.0,16.0,4.0,22.0,
259.0,20231101.0,112.96,0.0,0.0,1.0,11.0,4.0,22.0,
259.0,20250201.0,180.0,0.0,0.0,1.0,26.0,4.0,22.0,
259.0,20230601.0,87.16,0.0,0.0,1.0,6.0,4.0,22.0,
259.0,20250401.0,189.0,0.0,0.0,1.0,28.0,4.0,22.0,
259.0,20221201.0,0.0,0.0,0.0,1.0,0.0,4.0,22.0,
259.0,20240101.0,129.06,0.0,0.0,1.0,13.0,4.0,22.0,
259.0,20240501.0,42.34,0.0,0.0,1.0,17.0,4.0,22.0,
260.0,20250101.0,180.0,0.0,0.0,1.0,25.0,3.0,13.0,
260.0,20250101.0,126.0,0.0,0.0,1.0,25.0,3.0,13.0,
260.0,20231001.0,198.0,0.0,0.0,1.0,10.0,3.0,13.0,
260.0,20230401.0,129.5,0.0,0.0,1.0,4.0,3.0,13.0,
260.0,20230301.0,180.5,0.0,0.0,1.0,3.0,3.0,13.0,
260.0,20250501.0,189.0,0.0,0.0,1.0,29.0,3.0,13.0,
260.0,20230101.0,108.0,0.0,0.0,1.0,1.0,3.0,13.0,
260.0,20240801.0,144.0,0.0,0.0,1.0,20.0,3.0,13.0,
260.0,20241101.0,189.0,0.0,0.0,1.0,23.0,3.0,13.0,
260.0,20241001.0,207.0,0.0,0.0,1.0,22.0,3.0,13.0,
260.0,20240601.0,171.0,0.0,0.0,1.0,18.0,3.0,13.0,
260.0,20250301.0,133.0,0.0,0.0,1.0,27.0,3.0,13.0,
260.0,20230201.0,180.0,0.0,0.0,1.0,2.0,3.0,13.0,
260.0,20240201.0,189.0,0.0,0.0,1.0,14.0,3.0,13.0,
260.0,20230101.0,171.0,0.0,0.0,1.0,1.0,3.0,13.0,
260.0,20240301.0,145.0,0.0,0.0,1.0,15.0,3.0,13.0,
260.0,20241201.0,135.0,0.0,0.0,1.0,24.0,3.0,13.0,
260.0,20230801.0,144.0,0.0,0.0,1.0,8.0,3.0,13.0,
260.0,20240901.0,189.0,0.0,0.0,1.0,21.0,3.0,13.0,
260.0,20231201.0,135.0,0.0,0.0,1.0,12.0,3.0,13.0,
260.0,20240101.0,171.0,0.0,0.0,1.0,13.0,3.0,13.0,
260.0,20230501.0,198.0,0.0,0.0,1.0,5.0,3.0,13.0,
260.0,20250601.0,177.0,0.0,0.0,1.0,30.0,3.0,13.0,
260.0,20230901.0,180.0,0.0,0.0,1.0,9.0,3.0,13.0,
260.0,20240401.0,140.5,0.0,0.0,1.0,16.0,3.0,13.0,
260.0,20231101.0,198.0,0.0,0.0,1.0,11.0,3.0,13.0,
260.0,20250201.0,180.0,0.0,0.0,1.0,26.0,3.0,13.0,
260.0,20230601.0,169.0,0.0,0.0,1.0,6.0,3.0,13.0,
260.0,20250401.0,189.0,0.0,0.0,1.0,28.0,3.0,13.0,
260.0,20221201.0,0.0,0.0,0.0,1.0,0.0,3.0,13.0,
260.0,20240101.0,162.0,0.0,0.0,1.0,13.0,3.0,13.0,
260.0,20240501.0,198.0,0.0,0.0,1.0,17.0,3.0,13.0,
261.0,20250101.0,198.0,0.0,0.0,1.0,25.0,1.0,22.0,
261.0,20250101.0,103.5,0.0,0.0,1.0,25.0,1.0,22.0,
261.0,20231001.0,189.0,0.0,0.0,1.0,10.0,1.0,22.0,
261.0,20230401.0,111.0,0.0,0.0,1.0,4.0,1.0,22.0,
261.0,20230301.0,175.66,0.0,0.0,1.0,3.0,1.0,22.0,
261.0,20250501.0,189.0,0.0,0.0,1.0,29.0,1.0,22.0,
261.0,20230101.0,100.2,0.0,0.0,1.0,1.0,1.0,22.0,
261.0,20240801.0,139.5,0.0,0.0,1.0,20.0,1.0,22.0,
261.0,20241101.0,180.0,0.0,0.0,1.0,23.0,1.0,22.0,
261.0,20241001.0,193.5,0.0,0.0,1.0,22.0,1.0,22.0,
261.0,20240601.0,166.5,0.0,0.0,1.0,18.0,1.0,22.0,
261.0,20250301.0,129.5,0.0,0.0,1.0,27.0,1.0,22.0,
261.0,20230201.0,158.04,0.0,0.0,1.0,2.0,1.0,22.0,
261.0,20240201.0,184.5,0.0,0.0,1.0,14.0,1.0,22.0,
261.0,20230101.0,175.5,0.0,0.0,1.0,1.0,1.0,22.0,
261.0,20240301.0,132.75,0.0,0.0,1.0,15.0,1.0,22.0,
261.0,20241201.0,174.5,0.0,0.0,1.0,24.0,1.0,22.0,
261.0,20230801.0,135.0,0.0,0.0,1.0,8.0,1.0,22.0,
261.0,20240901.0,189.0,0.0,0.0,1.0,21.0,1.0,22.0,
261.0,20231201.0,167.57,0.0,0.0,1.0,12.0,1.0,22.0,
261.0,20240101.0,178.0,0.0,0.0,1.0,13.0,1.0,22.0,
261.0,20230501.0,180.28,0.0,0.0,1.0,5.0,1.0,22.0,
261.0,20250601.0,170.5,0.0,0.0,1.0,30.0,1.0,22.0,
261.0,20230901.0,169.0,0.0,0.0,1.0,9.0,1.0,22.0,
261.0,20240401.0,153.5,0.0,0.0,1.0,16.0,1.0,22.0,
261.0,20231101.0,198.37,0.0,0.0,1.0,11.0,1.0,22.0,
261.0,20250201.0,166.5,0.0,0.0,1.0,26.0,1.0,22.0,
261.0,20230601.0,151.0,0.0,0.0,1.0,6.0,1.0,22.0,
261.0,20250401.0,184.5,0.0,0.0,1.0,28.0,1.0,22.0,
261.0,20221201.0,0.0,0.0,0.0,1.0,0.0,1.0,22.0,
261.0,20240101.0,171.0,0.0,0.0,1.0,13.0,1.0,22.0,
261.0,20240501.0,184.5,0.0,0.0,1.0,17.0,1.0,22.0,
262.0,20250101.0,168.71,0.0,0.0,1.0,24.0,2.0,15.0,
262.0,20250101.0,0.0,0.0,0.0,1.0,24.0,2.0,15.0,
262.0,20231001.0,179.12,0.0,0.0,1.0,9.0,2.0,15.0,
262.0,20230401.0,123.68,0.0,0.0,1.0,3.0,2.0,15.0,
262.0,20230301.0,180.36,0.0,0.0,1.0,1.0,2.0,15.0,
262.0,20250501.0,44.86,0.0,0.0,1.0,28.0,2.0,15.0,
262.0,20230101.0,63.08,0.0,0.0,1.0,0.0,2.0,15.0,
262.0,20240801.0,107.59,0.0,0.0,1.0,19.0,2.0,15.0,
262.0,20241101.0,177.99,0.0,0.0,1.0,22.0,2.0,15.0,
262.0,20241001.0,190.41,0.0,0.0,1.0,21.0,2.0,15.0,
262.0,20240601.0,143.25,0.0,0.0,1.0,17.0,2.0,15.0,
262.0,20250301.0,123.78,0.0,0.0,1.0,26.0,2.0,15.0,
262.0,20230201.0,180.71,0.0,0.0,1.0,1.0,2.0,15.0,
262.0,20240201.0,160.8,0.0,0.0,1.0,13.0,2.0,15.0,
262.0,20230101.0,153.19,0.0,0.0,1.0,0.0,2.0,15.0,
262.0,20240301.0,114.49,0.0,0.0,1.0,14.0,2.0,15.0,
262.0,20241201.0,163.97,0.0,0.0,1.0,23.0,2.0,15.0,
262.0,20230801.0,174.47,0.0,0.0,1.0,7.0,2.0,15.0,
262.0,20240901.0,173.39,0.0,0.0,1.0,20.0,2.0,15.0,
262.0,20231201.0,178.07,0.0,0.0,1.0,11.0,2.0,15.0,
262.0,20240101.0,195.84,0.0,0.0,1.0,12.0,2.0,15.0,
262.0,20230501.0,198.02,0.0,0.0,1.0,4.0,2.0,15.0,
262.0,20250601.0,0.0,0.0,0.0,1.0,29.0,2.0,15.0,
262.0,20230901.0,171.73,0.0,0.0,1.0,8.0,2.0,15.0,
262.0,20240401.0,135.15,0.0,0.0,1.0,15.0,2.0,15.0,
262.0,20231101.0,186.65,0.0,0.0,1.0,10.0,2.0,15.0,
262.0,20250201.0,171.73,0.0,0.0,1.0,25.0,2.0,15.0,
262.0,20230601.0,160.06,0.0,0.0,1.0,5.0,2.0,15.0,
262.0,20250401.0,159.26,0.0,0.0,1.0,27.0,2.0,15.0,
262.0,20240101.0,161.17,0.0,0.0,1.0,12.0,2.0,15.0,
262.0,20240501.0,157.49,0.0,0.0,1.0,16.0,2.0,15.0,
455.0,20231001.0,203.5,0.0,0.0,1.0,9.0,1.0,22.0,
455.0,20230401.0,128.25,0.0,0.0,1.0,3.0,1.0,22.0,
455.0,20230301.0,171.61,0.0,0.0,1.0,1.0,1.0,22.0,
455.0,20230101.0,0.0,0.0,0.0,1.0,0.0,1.0,22.0,
455.0,20230201.0,166.48,0.0,0.0,1.0,1.0,1.0,22.0,
455.0,20240201.0,0.0,0.0,0.0,1.0,13.0,1.0,22.0,
455.0,20230101.0,187.81,0.0,0.0,1.0,0.0,1.0,22.0,
455.0,20230801.0,101.18,0.0,0.0,1.0,7.0,1.0,22.0,
455.0,20231201.0,0.0,0.0,0.0,1.0,11.0,1.0,22.0,
455.0,20230501.0,186.15,0.0,0.0,1.0,4.0,1.0,22.0,
455.0,20230901.0,171.88,0.0,0.0,1.0,8.0,1.0,22.0,
455.0,20231101.0,152.81,0.0,0.0,1.0,10.0,1.0,22.0,
455.0,20230601.0,183.97,0.0,0.0,1.0,5.0,1.0,22.0,
263.0,20250101.0,179.56,0.0,0.0,1.0,24.0,1.0,10.0,
263.0,20250101.0,126.7,0.0,0.0,1.0,24.0,1.0,10.0,
263.0,20231001.0,199.27,0.0,0.0,1.0,9.0,1.0,10.0,
263.0,20230401.0,127.1,0.0,0.0,1.0,3.0,1.0,10.0,
263.0,20230301.0,181.23,0.0,0.0,1.0,1.0,1.0,10.0,
263.0,20250501.0,187.47,0.0,0.0,1.0,28.0,1.0,10.0,
263.0,20230101.0,0.0,0.0,0.0,1.0,0.0,1.0,10.0,
263.0,20240801.0,108.28,0.0,0.0,1.0,19.0,1.0,10.0,
263.0,20241101.0,162.16,0.0,0.0,1.0,22.0,1.0,10.0,
263.0,20241001.0,206.03,0.0,0.0,1.0,21.0,1.0,10.0,
263.0,20240601.0,154.53,0.0,0.0,1.0,17.0,1.0,10.0,
263.0,20250301.0,132.95,0.0,0.0,1.0,26.0,1.0,10.0,
263.0,20230201.0,154.85,0.0,0.0,1.0,1.0,1.0,10.0,
263.0,20240201.0,196.73,0.0,0.0,1.0,13.0,1.0,10.0,
263.0,20230101.0,190.08,0.0,0.0,1.0,0.0,1.0,10.0,
263.0,20240301.0,119.98,0.0,0.0,1.0,14.0,1.0,10.0,
263.0,20241201.0,176.25,0.0,0.0,1.0,23.0,1.0,10.0,
263.0,20230801.0,92.57,0.0,0.0,1.0,7.0,1.0,10.0,
263.0,20240901.0,181.87,0.0,0.0,1.0,20.0,1.0,10.0,
263.0,20231201.0,178.31,0.0,0.0,1.0,11.0,1.0,10.0,
263.0,20240101.0,191.14,0.0,0.0,1.0,12.0,1.0,10.0,
263.0,20230501.0,180.89,0.0,0.0,1.0,4.0,1.0,10.0,
263.0,20250601.0,167.12,0.0,0.0,1.0,29.0,1.0,10.0,
263.0,20230901.0,123.62,0.0,0.0,1.0,8.0,1.0,10.0,
263.0,20240401.0,156.24,0.0,0.0,1.0,15.0,1.0,10.0,
263.0,20231101.0,198.69,0.0,0.0,1.0,10.0,1.0,10.0,
263.0,20250201.0,171.54,0.0,0.0,1.0,25.0,1.0,10.0,
263.0,20230601.0,177.75,0.0,0.0,1.0,5.0,1.0,10.0,
263.0,20250401.0,181.72,0.0,0.0,1.0,27.0,1.0,10.0,
263.0,20240101.0,179.67,0.0,0.0,1.0,12.0,1.0,10.0,
263.0,20240501.0,191.96,0.0,0.0,1.0,16.0,1.0,10.0,
559.0,20230401.0,125.12,0.0,0.0,1.0,3.0,1.0,8.0,
559.0,20230301.0,177.98,0.0,0.0,1.0,1.0,1.0,8.0,
559.0,20230101.0,0.0,0.0,0.0,1.0,0.0,1.0,8.0,
559.0,20230201.0,154.34,0.0,0.0,1.0,1.0,1.0,8.0,
559.0,20230501.0,110.99,0.0,0.0,1.0,4.0,1.0,8.0,
559.0,20230601.0,0.0,0.0,0.0,1.0,5.0,1.0,8.0,
456.0,20231001.0,174.27,0.0,0.0,1.0,9.0,5.0,22.0,
456.0,20230401.0,134.61,0.0,0.0,1.0,3.0,5.0,22.0,
456.0,20230301.0,166.16,0.0,0.0,1.0,1.0,5.0,22.0,
456.0,20230101.0,0.0,0.0,0.0,1.0,0.0,5.0,22.0,
456.0,20240801.0,137.33,0.0,0.0,1.0,19.0,5.0,22.0,
456.0,20241101.0,144.74,0.0,0.0,1.0,22.0,5.0,22.0,
456.0,20241001.0,202.08,0.0,0.0,1.0,21.0,5.0,22.0,
456.0,20240601.0,167.83,0.0,0.0,1.0,17.0,5.0,22.0,
456.0,20230201.0,89.28,0.0,0.0,1.0,1.0,5.0,22.0,
456.0,20240201.0,190.43,0.0,0.0,1.0,13.0,5.0,22.0,
456.0,20230101.0,164.93,0.0,0.0,1.0,0.0,5.0,22.0,
456.0,20240301.0,95.39,0.0,0.0,1.0,14.0,5.0,22.0,
456.0,20241201.0,106.93,0.0,0.0,1.0,23.0,5.0,22.0,
456.0,20230801.0,181.74,0.0,0.0,1.0,7.0,5.0,22.0,
456.0,20240901.0,181.3,0.0,0.0,1.0,20.0,5.0,22.0,
456.0,20231201.0,176.95,0.0,0.0,1.0,11.0,5.0,22.0,
456.0,20240101.0,185.29,0.0,0.0,1.0,12.0,5.0,22.0,
456.0,20230501.0,179.0,0.0,0.0,1.0,4.0,5.0,22.0,
456.0,20230901.0,165.8,0.0,0.0,1.0,8.0,5.0,22.0,
456.0,20240401.0,133.01,0.0,0.0,1.0,15.0,5.0,22.0,
456.0,20231101.0,148.77,0.0,0.0,1.0,10.0,5.0,22.0,
456.0,20230601.0,162.53,0.0,0.0,1.0,5.0,5.0,22.0,
456.0,20240101.0,178.41,0.0,0.0,1.0,12.0,5.0,22.0,
456.0,20240501.0,190.41,0.0,0.0,1.0,16.0,5.0,22.0,
457.0,20231001.0,189.0,0.0,0.0,1.0,9.0,3.0,13.0,
457.0,20230401.0,123.0,0.0,0.0,1.0,3.0,3.0,13.0,
457.0,20230301.0,180.5,0.0,0.0,1.0,1.0,3.0,13.0,
457.0,20230101.0,0.0,0.0,0.0,1.0,0.0,3.0,13.0,
457.0,20240801.0,108.0,0.0,0.0,1.0,19.0,3.0,13.0,
457.0,20241101.0,189.0,0.0,0.0,1.0,22.0,3.0,13.0,
457.0,20241001.0,207.0,0.0,0.0,1.0,21.0,3.0,13.0,
457.0,20240601.0,171.0,0.0,0.0,1.0,17.0,3.0,13.0,
457.0,20230201.0,54.0,0.0,0.0,1.0,1.0,3.0,13.0,
457.0,20240201.0,189.0,0.0,0.0,1.0,13.0,3.0,13.0,
457.0,20230101.0,180.0,0.0,0.0,1.0,0.0,3.0,13.0,
457.0,20240301.0,138.5,0.0,0.0,1.0,14.0,3.0,13.0,
457.0,20241201.0,126.0,0.0,0.0,1.0,23.0,3.0,13.0,
457.0,20230801.0,162.0,0.0,0.0,1.0,7.0,3.0,13.0,
457.0,20240901.0,189.0,0.0,0.0,1.0,20.0,3.0,13.0,
457.0,20231201.0,144.0,0.0,0.0,1.0,11.0,3.0,13.0,
457.0,20240101.0,189.0,0.0,0.0,1.0,12.0,3.0,13.0,
457.0,20230501.0,198.0,0.0,0.0,1.0,4.0,3.0,13.0,
457.0,20230901.0,180.0,0.0,0.0,1.0,8.0,3.0,13.0,
457.0,20240401.0,140.5,0.0,0.0,1.0,15.0,3.0,13.0,
457.0,20231101.0,198.0,0.0,0.0,1.0,10.0,3.0,13.0,
457.0,20230601.0,151.0,0.0,0.0,1.0,5.0,3.0,13.0,
457.0,20240101.0,153.0,0.0,0.0,1.0,12.0,3.0,13.0,
457.0,20240501.0,180.0,0.0,0.0,1.0,16.0,3.0,13.0,
458.0,20231001.0,180.19,0.0,0.0,1.0,9.0,1.0,22.0,
458.0,20230401.0,136.05,0.0,0.0,1.0,3.0,1.0,22.0,
458.0,20230301.0,157.78,0.0,0.0,1.0,1.0,1.0,22.0,
458.0,20230201.0,0.0,0.0,0.0,1.0,1.0,1.0,22.0,
458.0,20240201.0,0.0,0.0,0.0,1.0,13.0,1.0,22.0,
458.0,20230101.0,145.44,0.0,0.0,1.0,0.0,1.0,22.0,
458.0,20230801.0,118.32,0.0,0.0,1.0,7.0,1.0,22.0,
458.0,20231201.0,151.89,0.0,0.0,1.0,11.0,1.0,22.0,
458.0,20230501.0,191.15,0.0,0.0,1.0,4.0,1.0,22.0,
458.0,20230901.0,179.99,0.0,0.0,1.0,8.0,1.0,22.0,
458.0,20231101.0,181.23,0.0,0.0,1.0,10.0,1.0,22.0,
458.0,20230601.0,168.26,0.0,0.0,1.0,5.0,1.0,22.0,
458.0,20240101.0,154.87,0.0,0.0,1.0,12.0,1.0,22.0,
264.0,20250101.0,181.74,0.0,0.0,1.0,24.0,1.0,1.0,
264.0,20250101.0,127.75,0.0,0.0,1.0,24.0,1.0,1.0,
264.0,20231001.0,195.2,0.0,0.0,1.0,9.0,1.0,1.0,
264.0,20230401.0,137.28,0.0,0.0,1.0,3.0,1.0,1.0,
264.0,20230301.0,147.89,0.0,0.0,1.0,1.0,1.0,1.0,
264.0,20250501.0,167.68,0.0,0.0,1.0,28.0,1.0,1.0,
264.0,20240801.0,89.73,0.0,0.0,1.0,19.0,1.0,1.0,
264.0,20241101.0,170.92,0.0,0.0,1.0,22.0,1.0,1.0,
264.0,20241001.0,209.83,0.0,0.0,1.0,21.0,1.0,1.0,
264.0,20240601.0,174.56,0.0,0.0,1.0,17.0,1.0,1.0,
264.0,20250301.0,122.58,0.0,0.0,1.0,26.0,1.0,1.0,
264.0,20230201.0,0.0,0.0,0.0,1.0,1.0,1.0,1.0,
264.0,20240201.0,182.71,0.0,0.0,1.0,13.0,1.0,1.0,
264.0,20230101.0,183.64,0.0,0.0,1.0,0.0,1.0,1.0,
264.0,20240301.0,144.72,0.0,0.0,1.0,14.0,1.0,1.0,
264.0,20241201.0,143.41,0.0,0.0,1.0,23.0,1.0,1.0,
264.0,20230801.0,83.25,0.0,0.0,1.0,7.0,1.0,1.0,
264.0,20240901.0,192.44,0.0,0.0,1.0,20.0,1.0,1.0,
264.0,20231201.0,184.16,0.0,0.0,1.0,11.0,1.0,1.0,
264.0,20240101.0,183.6,0.0,0.0,1.0,12.0,1.0,1.0,
264.0,20230501.0,187.91,0.0,0.0,1.0,4.0,1.0,1.0,
264.0,20250601.0,179.64,0.0,0.0,1.0,29.0,1.0,1.0,
264.0,20230901.0,184.78,0.0,0.0,1.0,8.0,1.0,1.0,
264.0,20240401.0,166.04,0.0,0.0,1.0,15.0,1.0,1.0,
264.0,20231101.0,202.78,0.0,0.0,1.0,10.0,1.0,1.0,
264.0,20250201.0,171.88,0.0,0.0,1.0,25.0,1.0,1.0,
264.0,20230601.0,179.56,0.0,0.0,1.0,5.0,1.0,1.0,
264.0,20250401.0,172.87,0.0,0.0,1.0,27.0,1.0,1.0,
264.0,20240101.0,193.61,0.0,0.0,1.0,12.0,1.0,1.0,
264.0,20240501.0,192.55,0.0,0.0,1.0,16.0,1.0,1.0,
560.0,20230401.0,138.78,0.0,0.0,1.0,3.0,5.0,22.0,
560.0,20230301.0,102.45,0.0,0.0,1.0,1.0,5.0,22.0,
560.0,20230201.0,0.0,0.0,0.0,1.0,1.0,5.0,22.0,
560.0,20230101.0,175.76,0.0,0.0,1.0,0.0,5.0,22.0,
560.0,20230801.0,80.76,0.0,0.0,1.0,7.0,5.0,22.0,
560.0,20230501.0,191.88,0.0,0.0,1.0,4.0,5.0,22.0,
560.0,20230601.0,173.61,0.0,0.0,1.0,5.0,5.0,22.0,
459.0,20231001.0,198.0,0.0,0.0,1.0,9.0,3.0,13.0,
459.0,20230401.0,129.5,0.0,0.0,1.0,3.0,3.0,13.0,
459.0,20230301.0,90.5,0.0,0.0,1.0,1.0,3.0,13.0,
459.0,20230201.0,0.0,0.0,0.0,1.0,1.0,3.0,13.0,
459.0,20240201.0,0.0,0.0,0.0,1.0,13.0,3.0,13.0,
459.0,20230101.0,171.0,0.0,0.0,1.0,0.0,3.0,13.0,
459.0,20230801.0,162.0,0.0,0.0,1.0,7.0,3.0,13.0,
459.0,20231201.0,144.0,0.0,0.0,1.0,11.0,3.0,13.0,
459.0,20230501.0,198.0,0.0,0.0,1.0,4.0,3.0,13.0,
459.0,20230901.0,162.0,0.0,0.0,1.0,8.0,3.0,13.0,
459.0,20231101.0,189.0,0.0,0.0,1.0,10.0,3.0,13.0,
459.0,20230601.0,169.0,0.0,0.0,1.0,5.0,3.0,13.0,
459.0,20240101.0,126.0,0.0,0.0,1.0,12.0,3.0,13.0,
561.0,20230401.0,135.47,0.0,0.0,1.0,3.0,5.0,22.0,
561.0,20230301.0,74.12,0.0,0.0,1.0,1.0,5.0,22.0,
561.0,20230201.0,0.0,0.0,0.0,1.0,1.0,5.0,22.0,
561.0,20230101.0,76.82,0.0,0.0,1.0,0.0,5.0,22.0,
561.0,20230801.0,44.11,0.0,0.0,1.0,7.0,5.0,22.0,
561.0,20230501.0,169.75,0.0,0.0,1.0,4.0,5.0,22.0,
561.0,20230901.0,0.0,0.0,0.0,1.0,8.0,5.0,22.0,
561.0,20230601.0,145.62,0.0,0.0,1.0,5.0,5.0,22.0,
460.0,20231001.0,198.0,0.0,0.0,1.0,9.0,3.0,22.0,
460.0,20230401.0,129.5,0.0,0.0,1.0,3.0,3.0,22.0,
460.0,20230301.0,26.0,0.0,0.0,1.0,1.0,3.0,22.0,
460.0,20240601.0,0.0,0.0,0.0,1.0,17.0,3.0,22.0,
460.0,20240201.0,171.0,0.0,0.0,1.0,13.0,3.0,22.0,
460.0,20230101.0,153.0,0.0,0.0,1.0,0.0,3.0,22.0,
460.0,20240301.0,145.0,0.0,0.0,1.0,14.0,3.0,22.0,
460.0,20230801.0,207.0,0.0,0.0,1.0,7.0,3.0,22.0,
460.0,20231201.0,144.0,0.0,0.0,1.0,11.0,3.0,22.0,
460.0,20230501.0,198.0,0.0,0.0,1.0,4.0,3.0,22.0,
460.0,20230901.0,180.0,0.0,0.0,1.0,8.0,3.0,22.0,
460.0,20240401.0,134.0,0.0,0.0,1.0,15.0,3.0,22.0,
460.0,20231101.0,198.0,0.0,0.0,1.0,10.0,3.0,22.0,
460.0,20230601.0,169.0,0.0,0.0,1.0,5.0,3.0,22.0,
460.0,20240101.0,162.0,0.0,0.0,1.0,12.0,3.0,22.0,
460.0,20240501.0,180.0,0.0,0.0,1.0,16.0,3.0,22.0,
461.0,20231001.0,0.0,0.0,0.0,1.0,9.0,4.0,22.0,
461.0,20230401.0,132.88,0.0,0.0,1.0,3.0,4.0,22.0,
461.0,20230301.0,28.72,0.0,0.0,1.0,1.0,4.0,22.0,
461.0,20240201.0,0.0,0.0,0.0,1.0,13.0,4.0,22.0,
461.0,20230101.0,104.85,0.0,0.0,1.0,0.0,4.0,22.0,
461.0,20240301.0,0.0,0.0,0.0,1.0,14.0,4.0,22.0,
461.0,20230801.0,103.23,0.0,0.0,1.0,7.0,4.0,22.0,
461.0,20231201.0,0.0,0.0,0.0,1.0,11.0,4.0,22.0,
461.0,20230501.0,194.88,0.0,0.0,1.0,4.0,4.0,22.0,
461.0,20230901.0,0.0,0.0,0.0,1.0,8.0,4.0,22.0,
461.0,20231101.0,0.0,0.0,0.0,1.0,10.0,4.0,22.0,
461.0,20230601.0,134.2,0.0,0.0,1.0,5.0,4.0,22.0,
461.0,20240101.0,0.0,0.0,0.0,1.0,12.0,4.0,22.0,
265.0,20250101.0,202.87,0.0,0.0,1.0,24.0,1.0,1.0,
265.0,20250101.0,128.08,0.0,0.0,1.0,24.0,1.0,1.0,
265.0,20231001.0,207.36,0.0,0.0,1.0,9.0,1.0,1.0,
265.0,20230401.0,135.99,0.0,0.0,1.0,3.0,1.0,1.0,
265.0,20230301.0,26.89,0.0,0.0,1.0,1.0,1.0,1.0,
265.0,20250501.0,173.92,0.0,0.0,1.0,28.0,1.0,1.0,
265.0,20240801.0,98.51,0.0,0.0,1.0,19.0,1.0,1.0,
265.0,20241101.0,186.7,0.0,0.0,1.0,22.0,1.0,1.0,
265.0,20241001.0,212.46,0.0,0.0,1.0,21.0,1.0,1.0,
265.0,20240601.0,166.09,0.0,0.0,1.0,17.0,1.0,1.0,
265.0,20250301.0,146.91,0.0,0.0,1.0,26.0,1.0,1.0,
265.0,20240201.0,145.52,0.0,0.0,1.0,13.0,1.0,1.0,
265.0,20230101.0,179.92,0.0,0.0,1.0,0.0,1.0,1.0,
265.0,20240301.0,143.85,0.0,0.0,1.0,14.0,1.0,1.0,
265.0,20241201.0,172.22,0.0,0.0,1.0,23.0,1.0,1.0,
265.0,20230801.0,122.39,0.0,0.0,1.0,7.0,1.0,1.0,
265.0,20240901.0,189.13,0.0,0.0,1.0,20.0,1.0,1.0,
265.0,20231201.0,156.79,0.0,0.0,1.0,11.0,1.0,1.0,
265.0,20240101.0,204.7,0.0,0.0,1.0,12.0,1.0,1.0,
265.0,20230501.0,198.7,0.0,0.0,1.0,4.0,1.0,1.0,
265.0,20250601.0,180.06,0.0,0.0,1.0,29.0,1.0,1.0,
265.0,20230901.0,185.72,0.0,0.0,1.0,8.0,1.0,1.0,
265.0,20240401.0,162.02,0.0,0.0,1.0,15.0,1.0,1.0,
265.0,20231101.0,204.01,0.0,0.0,1.0,10.0,1.0,1.0,
265.0,20250201.0,168.25,0.0,0.0,1.0,25.0,1.0,1.0,
265.0,20230601.0,180.21,0.0,0.0,1.0,5.0,1.0,1.0,
265.0,20250401.0,190.34,0.0,0.0,1.0,27.0,1.0,1.0,
265.0,20240101.0,201.81,0.0,0.0,1.0,12.0,1.0,1.0,
265.0,20240501.0,185.36,0.0,0.0,1.0,16.0,1.0,1.0,
266.0,20250101.0,173.49,0.0,0.0,1.0,24.0,5.0,22.0,
266.0,20250101.0,101.89,0.0,0.0,1.0,24.0,5.0,22.0,
266.0,20231001.0,147.63,0.0,0.0,1.0,9.0,5.0,22.0,
266.0,20230401.0,90.1,0.0,0.0,1.0,3.0,5.0,22.0,
266.0,20230301.0,0.0,0.0,0.0,1.0,1.0,5.0,22.0,
266.0,20250501.0,170.69,0.0,0.0,1.0,28.0,5.0,22.0,
266.0,20240801.0,153.43,0.0,0.0,1.0,19.0,5.0,22.0,
266.0,20241101.0,185.27,0.0,0.0,1.0,22.0,5.0,22.0,
266.0,20241001.0,180.55,0.0,0.0,1.0,21.0,5.0,22.0,
266.0,20240601.0,153.03,0.0,0.0,1.0,17.0,5.0,22.0,
266.0,20250301.0,113.58,0.0,0.0,1.0,26.0,5.0,22.0,
266.0,20240201.0,189.42,0.0,0.0,1.0,13.0,5.0,22.0,
266.0,20230101.0,139.42,0.0,0.0,1.0,0.0,5.0,22.0,
266.0,20240301.0,140.01,0.0,0.0,1.0,14.0,5.0,22.0,
266.0,20241201.0,132.7,0.0,0.0,1.0,23.0,5.0,22.0,
266.0,20230801.0,165.57,0.0,0.0,1.0,7.0,5.0,22.0,
266.0,20240901.0,172.93,0.0,0.0,1.0,20.0,5.0,22.0,
266.0,20231201.0,151.74,0.0,0.0,1.0,11.0,5.0,22.0,
266.0,20240101.0,147.06,0.0,0.0,1.0,12.0,5.0,22.0,
266.0,20230501.0,211.52,0.0,0.0,1.0,4.0,5.0,22.0,
266.0,20250601.0,176.44,0.0,0.0,1.0,29.0,5.0,22.0,
266.0,20230901.0,170.06,0.0,0.0,1.0,8.0,5.0,22.0,
266.0,20240401.0,142.96,0.0,0.0,1.0,15.0,5.0,22.0,
266.0,20231101.0,190.12,0.0,0.0,1.0,10.0,5.0,22.0,
266.0,20250201.0,139.96,0.0,0.0,1.0,25.0,5.0,22.0,
266.0,20230601.0,139.19,0.0,0.0,1.0,5.0,5.0,22.0,
266.0,20250401.0,172.04,0.0,0.0,1.0,27.0,5.0,22.0,
266.0,20240101.0,159.36,0.0,0.0,1.0,12.0,5.0,22.0,
266.0,20240501.0,185.41,0.0,0.0,1.0,16.0,5.0,22.0,
267.0,20250101.0,180.0,0.0,0.0,1.0,24.0,6.0,22.0,
267.0,20250101.0,108.0,0.0,0.0,1.0,24.0,6.0,22.0,
267.0,20231001.0,193.5,0.0,0.0,1.0,9.0,6.0,22.0,
267.0,20230401.0,45.0,0.0,0.0,1.0,3.0,6.0,22.0,
267.0,20250501.0,126.0,0.0,0.0,1.0,28.0,6.0,22.0,
267.0,20240801.0,135.0,0.0,0.0,1.0,19.0,6.0,22.0,
267.0,20241101.0,153.0,0.0,0.0,1.0,22.0,6.0,22.0,
267.0,20241001.0,162.0,0.0,0.0,1.0,21.0,6.0,22.0,
267.0,20240601.0,153.0,0.0,0.0,1.0,17.0,6.0,22.0,
267.0,20250301.0,105.0,0.0,0.0,1.0,26.0,6.0,22.0,
267.0,20240201.0,139.5,0.0,0.0,1.0,13.0,6.0,22.0,
267.0,20230101.0,126.0,0.0,0.0,1.0,0.0,6.0,22.0,
267.0,20240301.0,123.75,0.0,0.0,1.0,14.0,6.0,22.0,
267.0,20241201.0,108.0,0.0,0.0,1.0,23.0,6.0,22.0,
267.0,20230801.0,171.0,0.0,0.0,1.0,7.0,6.0,22.0,
267.0,20240901.0,130.5,0.0,0.0,1.0,20.0,6.0,22.0,
267.0,20231201.0,148.5,0.0,0.0,1.0,11.0,6.0,22.0,
267.0,20240101.0,135.0,0.0,0.0,1.0,12.0,6.0,22.0,
267.0,20230501.0,135.0,0.0,0.0,1.0,4.0,6.0,22.0,
267.0,20250601.0,85.5,0.0,0.0,1.0,29.0,6.0,22.0,
267.0,20230901.0,103.5,0.0,0.0,1.0,8.0,6.0,22.0,
267.0,20240401.0,132.0,0.0,0.0,1.0,15.0,6.0,22.0,
267.0,20231101.0,148.5,0.0,0.0,1.0,10.0,6.0,22.0,
267.0,20250201.0,153.0,0.0,0.0,1.0,25.0,6.0,22.0,
267.0,20230601.0,127.0,0.0,0.0,1.0,5.0,6.0,22.0,
267.0,20250401.0,117.0,0.0,0.0,1.0,27.0,6.0,22.0,
267.0,20240101.0,144.0,0.0,0.0,1.0,12.0,6.0,22.0,
267.0,20240501.0,144.0,0.0,0.0,1.0,16.0,6.0,22.0,
462.0,20231001.0,176.04,0.0,0.0,1.0,9.0,4.0,22.0,
462.0,20230401.0,0.0,0.0,0.0,1.0,3.0,4.0,22.0,
462.0,20240201.0,160.54,0.0,0.0,1.0,13.0,4.0,22.0,
462.0,20230101.0,139.48,0.0,0.0,1.0,0.0,4.0,22.0,
462.0,20240301.0,136.21,0.0,0.0,1.0,14.0,4.0,22.0,
462.0,20230801.0,111.69,0.0,0.0,1.0,7.0,4.0,22.0,
462.0,20231201.0,143.74,0.0,0.0,1.0,11.0,4.0,22.0,
462.0,20230501.0,154.8,0.0,0.0,1.0,4.0,4.0,22.0,
462.0,20230901.0,122.87,0.0,0.0,1.0,8.0,4.0,22.0,
462.0,20240401.0,77.5,0.0,0.0,1.0,15.0,4.0,22.0,
462.0,20231101.0,150.3,0.0,0.0,1.0,10.0,4.0,22.0,
462.0,20230601.0,169.65,0.0,0.0,1.0,5.0,4.0,22.0,
462.0,20240101.0,129.48,0.0,0.0,1.0,12.0,4.0,22.0,
268.0,20250101.0,175.36,0.0,0.0,1.0,24.0,1.0,9.0,
268.0,20250101.0,126.4,0.0,0.0,1.0,24.0,1.0,9.0,
268.0,20231001.0,208.16,0.0,0.0,1.0,9.0,1.0,9.0,
268.0,20230401.0,0.0,0.0,0.0,1.0,3.0,1.0,9.0,
268.0,20250501.0,190.2,0.0,0.0,1.0,28.0,1.0,9.0,
268.0,20240801.0,167.5,0.0,0.0,1.0,19.0,1.0,9.0,
268.0,20241101.0,190.95,0.0,0.0,1.0,22.0,1.0,9.0,
268.0,20241001.0,204.82,0.0,0.0,1.0,21.0,1.0,9.0,
268.0,20240601.0,167.94,0.0,0.0,1.0,17.0,1.0,9.0,
268.0,20250301.0,134.25,0.0,0.0,1.0,26.0,1.0,9.0,
268.0,20240201.0,196.12,0.0,0.0,1.0,13.0,1.0,9.0,
268.0,20230101.0,180.63,0.0,0.0,1.0,0.0,1.0,9.0,
268.0,20240301.0,124.42,0.0,0.0,1.0,14.0,1.0,9.0,
268.0,20241201.0,183.49,0.0,0.0,1.0,23.0,1.0,9.0,
268.0,20230801.0,199.79,0.0,0.0,1.0,7.0,1.0,9.0,
268.0,20240901.0,199.51,0.0,0.0,1.0,20.0,1.0,9.0,
268.0,20231201.0,199.14,0.0,0.0,1.0,11.0,1.0,9.0,
268.0,20240101.0,196.3,0.0,0.0,1.0,12.0,1.0,9.0,
268.0,20230501.0,189.85,0.0,0.0,1.0,4.0,1.0,9.0,
268.0,20250601.0,171.86,0.0,0.0,1.0,29.0,1.0,9.0,
268.0,20230901.0,206.12,0.0,0.0,1.0,8.0,1.0,9.0,
268.0,20240401.0,155.27,0.0,0.0,1.0,15.0,1.0,9.0,
268.0,20231101.0,207.5,0.0,0.0,1.0,10.0,1.0,9.0,
268.0,20250201.0,171.28,0.0,0.0,1.0,25.0,1.0,9.0,
268.0,20230601.0,173.8,0.0,0.0,1.0,5.0,1.0,9.0,
268.0,20250401.0,195.82,0.0,0.0,1.0,27.0,1.0,9.0,
268.0,20240101.0,200.3,0.0,0.0,1.0,12.0,1.0,9.0,
268.0,20240501.0,204.99,0.0,0.0,1.0,16.0,1.0,9.0,
269.0,20250101.0,184.83,0.0,0.0,1.0,24.0,2.0,22.0,
269.0,20250101.0,129.0,0.0,0.0,1.0,24.0,2.0,22.0,
269.0,20231001.0,202.38,0.0,0.0,1.0,9.0,2.0,22.0,
269.0,20230401.0,0.0,0.0,0.0,1.0,3.0,2.0,22.0,
269.0,20250501.0,201.58,0.0,0.0,1.0,28.0,2.0,22.0,
269.0,20240801.0,131.05,0.0,0.0,1.0,19.0,2.0,22.0,
269.0,20241101.0,193.23,0.0,0.0,1.0,22.0,2.0,22.0,
269.0,20241001.0,202.94,0.0,0.0,1.0,21.0,2.0,22.0,
269.0,20240601.0,164.49,0.0,0.0,1.0,17.0,2.0,22.0,
269.0,20250301.0,138.42,0.0,0.0,1.0,26.0,2.0,22.0,
269.0,20240201.0,191.83,0.0,0.0,1.0,13.0,2.0,22.0,
269.0,20230101.0,183.15,0.0,0.0,1.0,0.0,2.0,22.0,
269.0,20240301.0,143.37,0.0,0.0,1.0,14.0,2.0,22.0,
269.0,20241201.0,190.02,0.0,0.0,1.0,23.0,2.0,22.0,
269.0,20230801.0,208.66,0.0,0.0,1.0,7.0,2.0,22.0,
269.0,20240901.0,180.88,0.0,0.0,1.0,20.0,2.0,22.0,
269.0,20231201.0,184.42,0.0,0.0,1.0,11.0,2.0,22.0,
269.0,20240101.0,147.51,0.0,0.0,1.0,12.0,2.0,22.0,
269.0,20230501.0,163.13,0.0,0.0,1.0,4.0,2.0,22.0,
269.0,20250601.0,188.15,0.0,0.0,1.0,29.0,2.0,22.0,
269.0,20230901.0,183.68,0.0,0.0,1.0,8.0,2.0,22.0,
269.0,20240401.0,138.13,0.0,0.0,1.0,15.0,2.0,22.0,
269.0,20231101.0,199.0,0.0,0.0,1.0,10.0,2.0,22.0,
269.0,20250201.0,187.11,0.0,0.0,1.0,25.0,2.0,22.0,
269.0,20230601.0,170.39,0.0,0.0,1.0,5.0,2.0,22.0,
269.0,20250401.0,197.46,0.0,0.0,1.0,27.0,2.0,22.0,
269.0,20240101.0,181.33,0.0,0.0,1.0,12.0,2.0,22.0,
269.0,20240501.0,200.6,0.0,0.0,1.0,16.0,2.0,22.0,
270.0,20250101.0,184.88,0.0,0.0,1.0,24.0,1.0,10.0,
270.0,20250101.0,127.92,0.0,0.0,1.0,24.0,1.0,10.0,
270.0,20231001.0,197.82,0.0,0.0,1.0,9.0,1.0,10.0,
270.0,20250501.0,194.41,0.0,0.0,1.0,28.0,1.0,10.0,
270.0,20240801.0,156.15,0.0,0.0,1.0,19.0,1.0,10.0,
270.0,20241101.0,203.02,0.0,0.0,1.0,22.0,1.0,10.0,
270.0,20241001.0,223.91,0.0,0.0,1.0,21.0,1.0,10.0,
270.0,20240601.0,166.34,0.0,0.0,1.0,17.0,1.0,10.0,
270.0,20250301.0,139.14,0.0,0.0,1.0,26.0,1.0,10.0,
270.0,20240201.0,166.04,0.0,0.0,1.0,13.0,1.0,10.0,
270.0,20230101.0,166.69,0.0,0.0,1.0,0.0,1.0,10.0,
270.0,20240301.0,147.62,0.0,0.0,1.0,14.0,1.0,10.0,
270.0,20241201.0,190.33,0.0,0.0,1.0,23.0,1.0,10.0,
270.0,20230801.0,83.44,0.0,0.0,1.0,7.0,1.0,10.0,
270.0,20240901.0,157.66,0.0,0.0,1.0,20.0,1.0,10.0,
270.0,20231201.0,190.51,0.0,0.0,1.0,11.0,1.0,10.0,
270.0,20240101.0,196.37,0.0,0.0,1.0,12.0,1.0,10.0,
270.0,20230501.0,0.0,0.0,0.0,1.0,4.0,1.0,10.0,
270.0,20250601.0,180.82,0.0,0.0,1.0,29.0,1.0,10.0,
270.0,20230901.0,185.27,0.0,0.0,1.0,8.0,1.0,10.0,
270.0,20240401.0,159.01,0.0,0.0,1.0,15.0,1.0,10.0,
270.0,20231101.0,201.84,0.0,0.0,1.0,10.0,1.0,10.0,
270.0,20250201.0,145.89,0.0,0.0,1.0,25.0,1.0,10.0,
270.0,20230601.0,182.56,0.0,0.0,1.0,5.0,1.0,10.0,
270.0,20250401.0,172.04,0.0,0.0,1.0,27.0,1.0,10.0,
270.0,20240101.0,185.28,0.0,0.0,1.0,12.0,1.0,10.0,
270.0,20240501.0,185.4,0.0,0.0,1.0,16.0,1.0,10.0,
271.0,20250101.0,189.92,0.0,0.0,1.0,24.0,1.0,11.0,
271.0,20250101.0,112.13,0.0,0.0,1.0,24.0,1.0,11.0,
271.0,20231001.0,215.51,0.0,0.0,1.0,9.0,1.0,11.0,
271.0,20250501.0,183.17,0.0,0.0,1.0,28.0,1.0,11.0,
271.0,20240801.0,211.98,0.0,0.0,1.0,19.0,1.0,11.0,
271.0,20241101.0,172.01,0.0,0.0,1.0,22.0,1.0,11.0,
271.0,20241001.0,159.24,0.0,0.0,1.0,21.0,1.0,11.0,
271.0,20240601.0,176.36,0.0,0.0,1.0,17.0,1.0,11.0,
271.0,20250301.0,129.66,0.0,0.0,1.0,26.0,1.0,11.0,
271.0,20240201.0,191.75,0.0,0.0,1.0,13.0,1.0,11.0,
271.0,20230101.0,180.65,0.0,0.0,1.0,0.0,1.0,11.0,
271.0,20240301.0,171.65,0.0,0.0,1.0,14.0,1.0,11.0,
271.0,20241201.0,193.53,0.0,0.0,1.0,23.0,1.0,11.0,
271.0,20230801.0,159.16,0.0,0.0,1.0,7.0,1.0,11.0,
271.0,20240901.0,141.78,0.0,0.0,1.0,20.0,1.0,11.0,
271.0,20231201.0,193.82,0.0,0.0,1.0,11.0,1.0,11.0,
271.0,20240101.0,169.25,0.0,0.0,1.0,12.0,1.0,11.0,
271.0,20230501.0,0.0,0.0,0.0,1.0,4.0,1.0,11.0,
271.0,20250601.0,194.63,0.0,0.0,1.0,29.0,1.0,11.0,
271.0,20230901.0,166.02,0.0,0.0,1.0,8.0,1.0,11.0,
271.0,20240401.0,153.2,0.0,0.0,1.0,15.0,1.0,11.0,
271.0,20231101.0,197.0,0.0,0.0,1.0,10.0,1.0,11.0,
271.0,20250201.0,155.7,0.0,0.0,1.0,25.0,1.0,11.0,
271.0,20230601.0,109.67,0.0,0.0,1.0,5.0,1.0,11.0,
271.0,20250401.0,186.91,0.0,0.0,1.0,27.0,1.0,11.0,
271.0,20240101.0,209.74,0.0,0.0,1.0,12.0,1.0,11.0,
271.0,20240501.0,203.47,0.0,0.0,1.0,16.0,1.0,11.0,
272.0,20250101.0,199.1,0.0,0.0,1.0,24.0,1.0,11.0,
272.0,20231001.0,218.71,0.0,0.0,1.0,9.0,1.0,11.0,
272.0,20250501.0,0.0,0.0,0.0,1.0,28.0,1.0,11.0,
272.0,20240801.0,214.58,0.0,0.0,1.0,19.0,1.0,11.0,
272.0,20241101.0,192.35,0.0,0.0,1.0,22.0,1.0,11.0,
272.0,20241001.0,212.46,0.0,0.0,1.0,21.0,1.0,11.0,
272.0,20240601.0,189.25,0.0,0.0,1.0,17.0,1.0,11.0,
272.0,20250301.0,121.77,0.0,0.0,1.0,26.0,1.0,11.0,
272.0,20240201.0,201.83,0.0,0.0,1.0,13.0,1.0,11.0,
272.0,20230101.0,175.96,0.0,0.0,1.0,0.0,1.0,11.0,
272.0,20240301.0,150.18,0.0,0.0,1.0,14.0,1.0,11.0,
272.0,20241201.0,200.18,0.0,0.0,1.0,23.0,1.0,11.0,
272.0,20230801.0,199.29,0.0,0.0,1.0,7.0,1.0,11.0,
272.0,20240901.0,182.87,0.0,0.0,1.0,20.0,1.0,11.0,
272.0,20231201.0,164.03,0.0,0.0,1.0,11.0,1.0,11.0,
272.0,20240101.0,201.04,0.0,0.0,1.0,12.0,1.0,11.0,
272.0,20230501.0,0.0,0.0,0.0,1.0,4.0,1.0,11.0,
272.0,20230901.0,182.88,0.0,0.0,1.0,8.0,1.0,11.0,
272.0,20240401.0,166.71,0.0,0.0,1.0,15.0,1.0,11.0,
272.0,20231101.0,193.8,0.0,0.0,1.0,10.0,1.0,11.0,
272.0,20250201.0,177.64,0.0,0.0,1.0,25.0,1.0,11.0,
272.0,20230601.0,72.08,0.0,0.0,1.0,5.0,1.0,11.0,
272.0,20250401.0,128.77,0.0,0.0,1.0,27.0,1.0,11.0,
272.0,20240101.0,215.03,0.0,0.0,1.0,12.0,1.0,11.0,
272.0,20240501.0,195.44,0.0,0.0,1.0,16.0,1.0,11.0,
273.0,20250101.0,180.0,0.0,0.0,1.0,24.0,3.0,22.0,
273.0,20250101.0,126.0,0.0,0.0,1.0,24.0,3.0,22.0,
273.0,20231001.0,180.0,0.0,0.0,1.0,9.0,3.0,22.0,
273.0,20250501.0,180.0,0.0,0.0,1.0,28.0,3.0,22.0,
273.0,20240801.0,180.0,0.0,0.0,1.0,19.0,3.0,22.0,
273.0,20241101.0,189.0,0.0,0.0,1.0,22.0,3.0,22.0,
273.0,20241001.0,207.0,0.0,0.0,1.0,21.0,3.0,22.0,
273.0,20240601.0,162.0,0.0,0.0,1.0,17.0,3.0,22.0,
273.0,20250301.0,126.0,0.0,0.0,1.0,26.0,3.0,22.0,
273.0,20240201.0,189.0,0.0,0.0,1.0,13.0,3.0,22.0,
273.0,20230101.0,135.0,0.0,0.0,1.0,0.0,3.0,22.0,
273.0,20240301.0,145.0,0.0,0.0,1.0,14.0,3.0,22.0,
273.0,20241201.0,153.0,0.0,0.0,1.0,23.0,3.0,22.0,
273.0,20230801.0,207.0,0.0,0.0,1.0,7.0,3.0,22.0,
273.0,20240901.0,162.0,0.0,0.0,1.0,20.0,3.0,22.0,
273.0,20231201.0,162.0,0.0,0.0,1.0,11.0,3.0,22.0,
273.0,20240101.0,171.0,0.0,0.0,1.0,12.0,3.0,22.0,
273.0,20250601.0,177.0,0.0,0.0,1.0,29.0,3.0,22.0,
273.0,20230901.0,153.0,0.0,0.0,1.0,8.0,3.0,22.0,
273.0,20240401.0,140.5,0.0,0.0,1.0,15.0,3.0,22.0,
273.0,20231101.0,198.0,0.0,0.0,1.0,10.0,3.0,22.0,
273.0,20250201.0,171.0,0.0,0.0,1.0,25.0,3.0,22.0,
273.0,20230601.0,0.0,0.0,0.0,1.0,5.0,3.0,22.0,
273.0,20250401.0,180.0,0.0,0.0,1.0,27.0,3.0,22.0,
273.0,20240101.0,126.0,0.0,0.0,1.0,12.0,3.0,22.0,
273.0,20240501.0,198.0,0.0,0.0,1.0,16.0,3.0,22.0,
274.0,20250101.0,196.05,0.0,0.0,1.0,3.0,1.0,10.0,
274.0,20250101.0,130.28,0.0,0.0,1.0,3.0,1.0,10.0,
274.0,20250501.0,192.12,0.0,0.0,1.0,7.0,1.0,10.0,
274.0,20241101.0,180.57,0.0,0.0,1.0,1.0,1.0,10.0,
274.0,20241001.0,0.0,0.0,0.0,1.0,0.0,1.0,10.0,
274.0,20250301.0,136.71,0.0,0.0,1.0,5.0,1.0,10.0,
274.0,20241201.0,178.68,0.0,0.0,1.0,2.0,1.0,10.0,
274.0,20250601.0,172.23,0.0,0.0,1.0,8.0,1.0,10.0,
274.0,20250201.0,171.37,0.0,0.0,1.0,4.0,1.0,10.0,
274.0,20250401.0,188.98,0.0,0.0,1.0,6.0,1.0,10.0,
275.0,20250101.0,178.39,0.0,0.0,1.0,24.0,1.0,22.0,
275.0,20250101.0,113.75,0.0,0.0,1.0,24.0,1.0,22.0,
275.0,20231001.0,134.28,0.0,0.0,1.0,9.0,1.0,22.0,
275.0,20250501.0,184.03,0.0,0.0,1.0,28.0,1.0,22.0,
275.0,20240801.0,132.72,0.0,0.0,1.0,19.0,1.0,22.0,
275.0,20241101.0,176.41,0.0,0.0,1.0,22.0,1.0,22.0,
275.0,20241001.0,151.77,0.0,0.0,1.0,21.0,1.0,22.0,
275.0,20240601.0,170.76,0.0,0.0,1.0,17.0,1.0,22.0,
275.0,20250301.0,120.68,0.0,0.0,1.0,26.0,1.0,22.0,
275.0,20240201.0,151.86,0.0,0.0,1.0,13.0,1.0,22.0,
275.0,20230101.0,93.33,0.0,0.0,1.0,0.0,1.0,22.0,
275.0,20240301.0,121.05,0.0,0.0,1.0,14.0,1.0,22.0,
275.0,20241201.0,164.25,0.0,0.0,1.0,23.0,1.0,22.0,
275.0,20230801.0,181.7,0.0,0.0,1.0,7.0,1.0,22.0,
275.0,20240901.0,150.91,0.0,0.0,1.0,20.0,1.0,22.0,
275.0,20231201.0,171.48,0.0,0.0,1.0,11.0,1.0,22.0,
275.0,20240101.0,193.27,0.0,0.0,1.0,12.0,1.0,22.0,
275.0,20250601.0,129.8,0.0,0.0,1.0,29.0,1.0,22.0,
275.0,20230901.0,167.67,0.0,0.0,1.0,8.0,1.0,22.0,
275.0,20240401.0,146.38,0.0,0.0,1.0,15.0,1.0,22.0,
275.0,20231101.0,209.25,0.0,0.0,1.0,10.0,1.0,22.0,
275.0,20250201.0,107.27,0.0,0.0,1.0,25.0,1.0,22.0,
275.0,20230601.0,0.0,0.0,0.0,1.0,5.0,1.0,22.0,
275.0,20250401.0,141.83,0.0,0.0,1.0,27.0,1.0,22.0,
275.0,20240101.0,183.53,0.0,0.0,1.0,12.0,1.0,22.0,
275.0,20240501.0,195.77,0.0,0.0,1.0,16.0,1.0,22.0,
276.0,20250101.0,120.24,0.0,0.0,1.0,17.0,2.0,22.0,
276.0,20250101.0,82.71,0.0,0.0,1.0,17.0,2.0,22.0,
276.0,20231001.0,194.33,0.0,0.0,1.0,2.0,2.0,22.0,
276.0,20250501.0,82.24,0.0,0.0,1.0,21.0,2.0,22.0,
276.0,20240801.0,138.16,0.0,0.0,1.0,12.0,2.0,22.0,
276.0,20241101.0,144.9,0.0,0.0,1.0,15.0,2.0,22.0,
276.0,20241001.0,118.84,0.0,0.0,1.0,14.0,2.0,22.0,
276.0,20240601.0,46.62,0.0,0.0,1.0,10.0,2.0,22.0,
276.0,20250301.0,120.68,0.0,0.0,1.0,19.0,2.0,22.0,
276.0,20240201.0,201.61,0.0,0.0,1.0,6.0,2.0,22.0,
276.0,20240301.0,151.0,0.0,0.0,1.0,7.0,2.0,22.0,
276.0,20241201.0,158.7,0.0,0.0,1.0,16.0,2.0,22.0,
276.0,20230801.0,84.69,0.0,0.0,1.0,0.0,2.0,22.0,
276.0,20240901.0,76.43,0.0,0.0,1.0,13.0,2.0,22.0,
276.0,20231201.0,169.6,0.0,0.0,1.0,4.0,2.0,22.0,
276.0,20240101.0,157.7,0.0,0.0,1.0,5.0,2.0,22.0,
276.0,20250601.0,142.73,0.0,0.0,1.0,22.0,2.0,22.0,
276.0,20230901.0,167.98,0.0,0.0,1.0,1.0,2.0,22.0,
276.0,20240401.0,104.66,0.0,0.0,1.0,8.0,2.0,22.0,
276.0,20231101.0,190.84,0.0,0.0,1.0,3.0,2.0,22.0,
276.0,20250201.0,174.87,0.0,0.0,1.0,18.0,2.0,22.0,
276.0,20250401.0,111.44,0.0,0.0,1.0,20.0,2.0,22.0,
276.0,20240101.0,119.47,0.0,0.0,1.0,5.0,2.0,22.0,
276.0,20240501.0,0.0,0.0,0.0,1.0,9.0,2.0,22.0,
463.0,20231001.0,207.05,0.0,0.0,1.0,2.0,4.0,22.0,
463.0,20240201.0,197.32,0.0,0.0,1.0,6.0,4.0,22.0,
463.0,20240301.0,113.26,0.0,0.0,1.0,7.0,4.0,22.0,
463.0,20230801.0,81.97,0.0,0.0,1.0,0.0,4.0,22.0,
463.0,20231201.0,183.6,0.0,0.0,1.0,4.0,4.0,22.0,
463.0,20230901.0,191.47,0.0,0.0,1.0,1.0,4.0,22.0,
463.0,20231101.0,178.42,0.0,0.0,1.0,3.0,4.0,22.0,
463.0,20240101.0,156.03,0.0,0.0,1.0,5.0,4.0,22.0,
277.0,20250101.0,182.77,0.0,0.0,1.0,17.0,1.0,1.0,
277.0,20250101.0,127.28,0.0,0.0,1.0,17.0,1.0,1.0,
277.0,20231001.0,199.69,0.0,0.0,1.0,2.0,1.0,1.0,
277.0,20250501.0,160.79,0.0,0.0,1.0,21.0,1.0,1.0,
277.0,20240801.0,143.82,0.0,0.0,1.0,12.0,1.0,1.0,
277.0,20241101.0,191.24,0.0,0.0,1.0,15.0,1.0,1.0,
277.0,20241001.0,206.89,0.0,0.0,1.0,14.0,1.0,1.0,
277.0,20240601.0,164.47,0.0,0.0,1.0,10.0,1.0,1.0,
277.0,20250301.0,121.38,0.0,0.0,1.0,19.0,1.0,1.0,
277.0,20240201.0,173.17,0.0,0.0,1.0,6.0,1.0,1.0,
277.0,20240301.0,128.98,0.0,0.0,1.0,7.0,1.0,1.0,
277.0,20241201.0,187.05,0.0,0.0,1.0,16.0,1.0,1.0,
277.0,20230801.0,44.84,0.0,0.0,1.0,0.0,1.0,1.0,
277.0,20240901.0,183.56,0.0,0.0,1.0,13.0,1.0,1.0,
277.0,20231201.0,181.21,0.0,0.0,1.0,4.0,1.0,1.0,
277.0,20240101.0,189.41,0.0,0.0,1.0,5.0,1.0,1.0,
277.0,20250601.0,162.64,0.0,0.0,1.0,22.0,1.0,1.0,
277.0,20230901.0,181.07,0.0,0.0,1.0,1.0,1.0,1.0,
277.0,20240401.0,158.45,0.0,0.0,1.0,8.0,1.0,1.0,
277.0,20231101.0,199.38,0.0,0.0,1.0,3.0,1.0,1.0,
277.0,20250201.0,132.67,0.0,0.0,1.0,18.0,1.0,1.0,
277.0,20250401.0,190.87,0.0,0.0,1.0,20.0,1.0,1.0,
277.0,20240101.0,172.9,0.0,0.0,1.0,5.0,1.0,1.0,
277.0,20240501.0,200.42,0.0,0.0,1.0,9.0,1.0,1.0,
278.0,20250101.0,180.0,0.0,0.0,1.0,17.0,3.0,22.0,
278.0,20250101.0,126.0,0.0,0.0,1.0,17.0,3.0,22.0,
278.0,20231001.0,198.0,0.0,0.0,1.0,2.0,3.0,22.0,
278.0,20250501.0,189.0,0.0,0.0,1.0,21.0,3.0,22.0,
278.0,20240801.0,162.0,0.0,0.0,1.0,12.0,3.0,22.0,
278.0,20241101.0,180.0,0.0,0.0,1.0,15.0,3.0,22.0,
278.0,20241001.0,207.0,0.0,0.0,1.0,14.0,3.0,22.0,
278.0,20240601.0,171.0,0.0,0.0,1.0,10.0,3.0,22.0,
278.0,20250301.0,126.0,0.0,0.0,1.0,19.0,3.0,22.0,
278.0,20240201.0,189.0,0.0,0.0,1.0,6.0,3.0,22.0,
278.0,20240301.0,138.5,0.0,0.0,1.0,7.0,3.0,22.0,
278.0,20241201.0,112.5,0.0,0.0,1.0,16.0,3.0,22.0,
278.0,20230801.0,27.0,0.0,0.0,1.0,0.0,3.0,22.0,
278.0,20240901.0,189.0,0.0,0.0,1.0,13.0,3.0,22.0,
278.0,20231201.0,144.0,0.0,0.0,1.0,4.0,3.0,22.0,
278.0,20240101.0,198.0,0.0,0.0,1.0,5.0,3.0,22.0,
278.0,20250601.0,177.0,0.0,0.0,1.0,22.0,3.0,22.0,
278.0,20230901.0,180.0,0.0,0.0,1.0,1.0,3.0,22.0,
278.0,20240401.0,140.5,0.0,0.0,1.0,8.0,3.0,22.0,
278.0,20231101.0,189.0,0.0,0.0,1.0,3.0,3.0,22.0,
278.0,20250201.0,180.0,0.0,0.0,1.0,18.0,3.0,22.0,
278.0,20250401.0,189.0,0.0,0.0,1.0,20.0,3.0,22.0,
278.0,20240101.0,162.0,0.0,0.0,1.0,5.0,3.0,22.0,
278.0,20240501.0,198.0,0.0,0.0,1.0,9.0,3.0,22.0,
279.0,20250101.0,202.78,0.0,0.0,1.0,17.0,2.0,22.0,
279.0,20250101.0,37.2,0.0,0.0,1.0,17.0,2.0,22.0,
279.0,20231001.0,190.49,0.0,0.0,1.0,2.0,2.0,22.0,
279.0,20250501.0,193.94,0.0,0.0,1.0,21.0,2.0,22.0,
279.0,20240801.0,164.82,0.0,0.0,1.0,12.0,2.0,22.0,
279.0,20241101.0,191.53,0.0,0.0,1.0,15.0,2.0,22.0,
279.0,20241001.0,205.04,0.0,0.0,1.0,14.0,2.0,22.0,
279.0,20240601.0,168.36,0.0,0.0,1.0,10.0,2.0,22.0,
279.0,20250301.0,136.02,0.0,0.0,1.0,19.0,2.0,22.0,
279.0,20240201.0,190.83,0.0,0.0,1.0,6.0,2.0,22.0,
279.0,20240301.0,134.66,0.0,0.0,1.0,7.0,2.0,22.0,
279.0,20241201.0,172.46,0.0,0.0,1.0,16.0,2.0,22.0,
279.0,20230801.0,0.0,0.0,0.0,1.0,0.0,2.0,22.0,
279.0,20240901.0,192.61,0.0,0.0,1.0,13.0,2.0,22.0,
279.0,20231201.0,178.08,0.0,0.0,1.0,4.0,2.0,22.0,
279.0,20240101.0,146.48,0.0,0.0,1.0,5.0,2.0,22.0,
279.0,20250601.0,165.6,0.0,0.0,1.0,22.0,2.0,22.0,
279.0,20230901.0,181.56,0.0,0.0,1.0,1.0,2.0,22.0,
279.0,20240401.0,153.59,0.0,0.0,1.0,8.0,2.0,22.0,
279.0,20231101.0,197.82,0.0,0.0,1.0,3.0,2.0,22.0,
279.0,20250201.0,171.6,0.0,0.0,1.0,18.0,2.0,22.0,
279.0,20250401.0,190.17,0.0,0.0,1.0,20.0,2.0,22.0,
279.0,20240101.0,189.01,0.0,0.0,1.0,5.0,2.0,22.0,
279.0,20240501.0,190.69,0.0,0.0,1.0,9.0,2.0,22.0,
280.0,20250101.0,180.0,0.0,0.0,1.0,17.0,3.0,22.0,
280.0,20250101.0,126.0,0.0,0.0,1.0,17.0,3.0,22.0,
280.0,20231001.0,198.0,0.0,0.0,1.0,2.0,3.0,22.0,
280.0,20250501.0,189.0,0.0,0.0,1.0,21.0,3.0,22.0,
280.0,20240801.0,90.0,0.0,0.0,1.0,12.0,3.0,22.0,
280.0,20241101.0,180.0,0.0,0.0,1.0,15.0,3.0,22.0,
280.0,20241001.0,198.0,0.0,0.0,1.0,14.0,3.0,22.0,
280.0,20240601.0,171.0,0.0,0.0,1.0,10.0,3.0,22.0,
280.0,20250301.0,133.0,0.0,0.0,1.0,19.0,3.0,22.0,
280.0,20240201.0,189.0,0.0,0.0,1.0,6.0,3.0,22.0,
280.0,20240301.0,145.0,0.0,0.0,1.0,7.0,3.0,22.0,
280.0,20241201.0,162.0,0.0,0.0,1.0,16.0,3.0,22.0,
280.0,20230801.0,0.0,0.0,0.0,1.0,0.0,3.0,22.0,
280.0,20240901.0,189.0,0.0,0.0,1.0,13.0,3.0,22.0,
280.0,20231201.0,144.0,0.0,0.0,1.0,4.0,3.0,22.0,
280.0,20240101.0,198.0,0.0,0.0,1.0,5.0,3.0,22.0,
280.0,20250601.0,171.0,0.0,0.0,1.0,22.0,3.0,22.0,
280.0,20230901.0,144.0,0.0,0.0,1.0,1.0,3.0,22.0,
280.0,20240401.0,140.5,0.0,0.0,1.0,8.0,3.0,22.0,
280.0,20231101.0,198.0,0.0,0.0,1.0,3.0,3.0,22.0,
280.0,20250201.0,180.0,0.0,0.0,1.0,18.0,3.0,22.0,
280.0,20250401.0,180.0,0.0,0.0,1.0,20.0,3.0,22.0,
280.0,20240501.0,198.0,0.0,0.0,1.0,9.0,3.0,22.0,
464.0,20231001.0,193.36,0.0,0.0,1.0,2.0,1.0,8.0,
464.0,20240801.0,140.99,0.0,0.0,1.0,12.0,1.0,8.0,
464.0,20240601.0,172.45,0.0,0.0,1.0,10.0,1.0,8.0,
464.0,20240201.0,182.11,0.0,0.0,1.0,6.0,1.0,8.0,
464.0,20240301.0,135.56,0.0,0.0,1.0,7.0,1.0,8.0,
464.0,20230801.0,0.0,0.0,0.0,1.0,0.0,1.0,8.0,
464.0,20240901.0,0.0,0.0,0.0,1.0,13.0,1.0,8.0,
464.0,20231201.0,170.23,0.0,0.0,1.0,4.0,1.0,8.0,
464.0,20240101.0,189.44,0.0,0.0,1.0,5.0,1.0,8.0,
464.0,20230901.0,135.71,0.0,0.0,1.0,1.0,1.0,8.0,
464.0,20240401.0,159.09,0.0,0.0,1.0,8.0,1.0,8.0,
464.0,20231101.0,186.15,0.0,0.0,1.0,3.0,1.0,8.0,
464.0,20240101.0,176.59,0.0,0.0,1.0,5.0,1.0,8.0,
464.0,20240501.0,195.01,0.0,0.0,1.0,9.0,1.0,8.0,
465.0,20231001.0,200.03,0.0,0.0,1.0,2.0,1.0,10.0,
465.0,20240601.0,136.83,0.0,0.0,1.0,10.0,1.0,10.0,
465.0,20240201.0,157.43,0.0,0.0,1.0,6.0,1.0,10.0,
465.0,20240301.0,147.11,0.0,0.0,1.0,7.0,1.0,10.0,
465.0,20230801.0,0.0,0.0,0.0,1.0,0.0,1.0,10.0,
465.0,20231201.0,181.04,0.0,0.0,1.0,4.0,1.0,10.0,
465.0,20240101.0,0.0,0.0,0.0,1.0,5.0,1.0,10.0,
465.0,20230901.0,82.9,0.0,0.0,1.0,1.0,1.0,10.0,
465.0,20240401.0,161.53,0.0,0.0,1.0,8.0,1.0,10.0,
465.0,20231101.0,193.69,0.0,0.0,1.0,3.0,1.0,10.0,
465.0,20240101.0,201.45,0.0,0.0,1.0,5.0,1.0,10.0,
465.0,20240501.0,168.96,0.0,0.0,1.0,9.0,1.0,10.0,
281.0,20250101.0,184.0,0.0,0.0,1.0,16.0,5.0,22.0,
281.0,20250101.0,118.15,0.0,0.0,1.0,16.0,5.0,22.0,
281.0,20231001.0,202.84,0.0,0.0,1.0,1.0,5.0,22.0,
281.0,20250501.0,150.49,0.0,0.0,1.0,20.0,5.0,22.0,
281.0,20240801.0,142.33,0.0,0.0,1.0,11.0,5.0,22.0,
281.0,20241101.0,182.97,0.0,0.0,1.0,14.0,5.0,22.0,
281.0,20241001.0,195.66,0.0,0.0,1.0,13.0,5.0,22.0,
281.0,20240601.0,163.88,0.0,0.0,1.0,9.0,5.0,22.0,
281.0,20250301.0,128.24,0.0,0.0,1.0,18.0,5.0,22.0,
281.0,20240201.0,193.61,0.0,0.0,1.0,5.0,5.0,22.0,
281.0,20240301.0,118.26,0.0,0.0,1.0,6.0,5.0,22.0,
281.0,20241201.0,153.51,0.0,0.0,1.0,15.0,5.0,22.0,
281.0,20240901.0,183.42,0.0,0.0,1.0,12.0,5.0,22.0,
281.0,20231201.0,185.03,0.0,0.0,1.0,3.0,5.0,22.0,
281.0,20240101.0,199.07,0.0,0.0,1.0,4.0,5.0,22.0,
281.0,20250601.0,156.64,0.0,0.0,1.0,21.0,5.0,22.0,
281.0,20230901.0,45.94,0.0,0.0,1.0,0.0,5.0,22.0,
281.0,20240401.0,132.52,0.0,0.0,1.0,7.0,5.0,22.0,
281.0,20231101.0,195.11,0.0,0.0,1.0,2.0,5.0,22.0,
281.0,20250201.0,168.41,0.0,0.0,1.0,17.0,5.0,22.0,
281.0,20250401.0,176.22,0.0,0.0,1.0,19.0,5.0,22.0,
281.0,20240101.0,188.39,0.0,0.0,1.0,4.0,5.0,22.0,
281.0,20240501.0,120.6,0.0,0.0,1.0,8.0,5.0,22.0,
282.0,20250101.0,180.0,0.0,0.0,1.0,16.0,3.0,7.0,
282.0,20250101.0,126.0,0.0,0.0,1.0,16.0,3.0,7.0,
282.0,20231001.0,193.5,0.0,0.0,1.0,1.0,3.0,7.0,
282.0,20250501.0,180.0,0.0,0.0,1.0,20.0,3.0,7.0,
282.0,20240801.0,162.0,0.0,0.0,1.0,11.0,3.0,7.0,
282.0,20241101.0,189.0,0.0,0.0,1.0,14.0,3.0,7.0,
282.0,20241001.0,171.0,0.0,0.0,1.0,13.0,3.0,7.0,
282.0,20240601.0,171.0,0.0,0.0,1.0,9.0,3.0,7.0,
282.0,20250301.0,133.0,0.0,0.0,1.0,18.0,3.0,7.0,
282.0,20240201.0,189.0,0.0,0.0,1.0,5.0,3.0,7.0,
282.0,20240301.0,145.0,0.0,0.0,1.0,6.0,3.0,7.0,
282.0,20241201.0,144.0,0.0,0.0,1.0,15.0,3.0,7.0,
282.0,20240901.0,189.0,0.0,0.0,1.0,12.0,3.0,7.0,
282.0,20231201.0,144.0,0.0,0.0,1.0,3.0,3.0,7.0,
282.0,20240101.0,162.0,0.0,0.0,1.0,4.0,3.0,7.0,
282.0,20250601.0,171.0,0.0,0.0,1.0,21.0,3.0,7.0,
282.0,20230901.0,45.0,0.0,0.0,1.0,0.0,3.0,7.0,
282.0,20240401.0,140.5,0.0,0.0,1.0,7.0,3.0,7.0,
282.0,20231101.0,198.0,0.0,0.0,1.0,2.0,3.0,7.0,
282.0,20250201.0,180.0,0.0,0.0,1.0,17.0,3.0,7.0,
282.0,20250401.0,189.0,0.0,0.0,1.0,19.0,3.0,7.0,
282.0,20240501.0,189.0,0.0,0.0,1.0,8.0,3.0,7.0,
283.0,20250101.0,184.89,0.0,0.0,1.0,16.0,1.0,10.0,
283.0,20250101.0,130.39,0.0,0.0,1.0,16.0,1.0,10.0,
283.0,20231001.0,201.65,0.0,0.0,1.0,1.0,1.0,10.0,
283.0,20250501.0,194.82,0.0,0.0,1.0,20.0,1.0,10.0,
283.0,20240801.0,138.47,0.0,0.0,1.0,11.0,1.0,10.0,
283.0,20241101.0,194.88,0.0,0.0,1.0,14.0,1.0,10.0,
283.0,20241001.0,210.48,0.0,0.0,1.0,13.0,1.0,10.0,
283.0,20240601.0,176.59,0.0,0.0,1.0,9.0,1.0,10.0,
283.0,20250301.0,131.36,0.0,0.0,1.0,18.0,1.0,10.0,
283.0,20240201.0,195.25,0.0,0.0,1.0,5.0,1.0,10.0,
283.0,20240301.0,147.37,0.0,0.0,1.0,6.0,1.0,10.0,
283.0,20241201.0,181.12,0.0,0.0,1.0,15.0,1.0,10.0,
283.0,20240901.0,173.86,0.0,0.0,1.0,12.0,1.0,10.0,
283.0,20231201.0,191.6,0.0,0.0,1.0,3.0,1.0,10.0,
283.0,20240101.0,185.67,0.0,0.0,1.0,4.0,1.0,10.0,
283.0,20250601.0,176.62,0.0,0.0,1.0,21.0,1.0,10.0,
283.0,20230901.0,45.97,0.0,0.0,1.0,0.0,1.0,10.0,
283.0,20240401.0,152.38,0.0,0.0,1.0,7.0,1.0,10.0,
283.0,20231101.0,194.3,0.0,0.0,1.0,2.0,1.0,10.0,
283.0,20250201.0,185.56,0.0,0.0,1.0,17.0,1.0,10.0,
283.0,20250401.0,184.1,0.0,0.0,1.0,19.0,1.0,10.0,
283.0,20240101.0,186.61,0.0,0.0,1.0,4.0,1.0,10.0,
283.0,20240501.0,201.94,0.0,0.0,1.0,8.0,1.0,10.0,
284.0,20250101.0,180.0,0.0,0.0,1.0,16.0,3.0,22.0,
284.0,20250101.0,126.0,0.0,0.0,1.0,16.0,3.0,22.0,
284.0,20231001.0,198.0,0.0,0.0,1.0,1.0,3.0,22.0,
284.0,20250501.0,189.0,0.0,0.0,1.0,20.0,3.0,22.0,
284.0,20240801.0,108.0,0.0,0.0,1.0,11.0,3.0,22.0,
284.0,20241101.0,189.0,0.0,0.0,1.0,14.0,3.0,22.0,
284.0,20241001.0,207.0,0.0,0.0,1.0,13.0,3.0,22.0,
284.0,20240601.0,171.0,0.0,0.0,1.0,9.0,3.0,22.0,
284.0,20250301.0,133.0,0.0,0.0,1.0,18.0,3.0,22.0,
284.0,20240201.0,184.5,0.0,0.0,1.0,5.0,3.0,22.0,
284.0,20240301.0,145.0,0.0,0.0,1.0,6.0,3.0,22.0,
284.0,20241201.0,171.0,0.0,0.0,1.0,15.0,3.0,22.0,
284.0,20240901.0,189.0,0.0,0.0,1.0,12.0,3.0,22.0,
284.0,20231201.0,144.0,0.0,0.0,1.0,3.0,3.0,22.0,
284.0,20240101.0,189.0,0.0,0.0,1.0,4.0,3.0,22.0,
284.0,20250601.0,171.0,0.0,0.0,1.0,21.0,3.0,22.0,
284.0,20230901.0,0.0,0.0,0.0,1.0,0.0,3.0,22.0,
284.0,20240401.0,140.5,0.0,0.0,1.0,7.0,3.0,22.0,
284.0,20231101.0,198.0,0.0,0.0,1.0,2.0,3.0,22.0,
284.0,20250201.0,180.0,0.0,0.0,1.0,17.0,3.0,22.0,
284.0,20250401.0,189.0,0.0,0.0,1.0,19.0,3.0,22.0,
284.0,20240101.0,162.0,0.0,0.0,1.0,4.0,3.0,22.0,
284.0,20240501.0,198.0,0.0,0.0,1.0,8.0,3.0,22.0,
285.0,20250101.0,110.32,0.0,0.0,1.0,16.0,2.0,22.0,
285.0,20231001.0,174.94,0.0,0.0,1.0,1.0,2.0,22.0,
285.0,20240801.0,140.4,0.0,0.0,1.0,11.0,2.0,22.0,
285.0,20241101.0,190.21,0.0,0.0,1.0,14.0,2.0,22.0,
285.0,20241001.0,212.52,0.0,0.0,1.0,13.0,2.0,22.0,
285.0,20240601.0,134.24,0.0,0.0,1.0,9.0,2.0,22.0,
285.0,20240201.0,183.83,0.0,0.0,1.0,5.0,2.0,22.0,
285.0,20240301.0,134.62,0.0,0.0,1.0,6.0,2.0,22.0,
285.0,20241201.0,181.99,0.0,0.0,1.0,15.0,2.0,22.0,
285.0,20240901.0,169.04,0.0,0.0,1.0,12.0,2.0,22.0,
285.0,20231201.0,183.83,0.0,0.0,1.0,3.0,2.0,22.0,
285.0,20240101.0,209.49,0.0,0.0,1.0,4.0,2.0,22.0,
285.0,20230901.0,0.0,0.0,0.0,1.0,0.0,2.0,22.0,
285.0,20240401.0,152.49,0.0,0.0,1.0,7.0,2.0,22.0,
285.0,20231101.0,183.6,0.0,0.0,1.0,2.0,2.0,22.0,
285.0,20250201.0,102.52,0.0,0.0,1.0,17.0,2.0,22.0,
285.0,20240101.0,191.62,0.0,0.0,1.0,4.0,2.0,22.0,
285.0,20240501.0,190.57,0.0,0.0,1.0,8.0,2.0,22.0,
466.0,20231001.0,183.02,0.0,0.0,1.0,1.0,1.0,1.0,
466.0,20240201.0,187.61,0.0,0.0,1.0,5.0,1.0,1.0,
466.0,20240301.0,60.23,0.0,0.0,1.0,6.0,1.0,1.0,
466.0,20231201.0,0.0,0.0,0.0,1.0,3.0,1.0,1.0,
466.0,20230901.0,0.0,0.0,0.0,1.0,0.0,1.0,1.0,
466.0,20231101.0,192.95,0.0,0.0,1.0,2.0,1.0,1.0,
466.0,20240101.0,202.74,0.0,0.0,1.0,4.0,1.0,1.0,
286.0,20250101.0,180.0,0.0,0.0,1.0,16.0,3.0,17.0,
286.0,20250101.0,126.0,0.0,0.0,1.0,16.0,3.0,17.0,
286.0,20231001.0,126.0,0.0,0.0,1.0,1.0,3.0,17.0,
286.0,20250501.0,189.0,0.0,0.0,1.0,20.0,3.0,17.0,
286.0,20240801.0,126.0,0.0,0.0,1.0,11.0,3.0,17.0,
286.0,20241101.0,189.0,0.0,0.0,1.0,14.0,3.0,17.0,
286.0,20241001.0,207.0,0.0,0.0,1.0,13.0,3.0,17.0,
286.0,20240601.0,171.0,0.0,0.0,1.0,9.0,3.0,17.0,
286.0,20250301.0,133.0,0.0,0.0,1.0,18.0,3.0,17.0,
286.0,20240201.0,171.0,0.0,0.0,1.0,5.0,3.0,17.0,
286.0,20240301.0,145.0,0.0,0.0,1.0,6.0,3.0,17.0,
286.0,20241201.0,144.0,0.0,0.0,1.0,15.0,3.0,17.0,
286.0,20240901.0,189.0,0.0,0.0,1.0,12.0,3.0,17.0,
286.0,20231201.0,162.0,0.0,0.0,1.0,3.0,3.0,17.0,
286.0,20240101.0,198.0,0.0,0.0,1.0,4.0,3.0,17.0,
286.0,20250601.0,177.0,0.0,0.0,1.0,21.0,3.0,17.0,
286.0,20230901.0,0.0,0.0,0.0,1.0,0.0,3.0,17.0,
286.0,20240401.0,140.5,0.0,0.0,1.0,7.0,3.0,17.0,
286.0,20231101.0,198.0,0.0,0.0,1.0,2.0,3.0,17.0,
286.0,20250201.0,180.0,0.0,0.0,1.0,17.0,3.0,17.0,
286.0,20250401.0,189.0,0.0,0.0,1.0,19.0,3.0,17.0,
286.0,20240501.0,180.0,0.0,0.0,1.0,8.0,3.0,17.0,
287.0,20250101.0,99.12,0.0,0.0,1.0,16.0,6.0,22.0,
287.0,20250101.0,51.21,0.0,0.0,1.0,16.0,6.0,22.0,
287.0,20231001.0,108.75,0.0,0.0,1.0,1.0,6.0,22.0,
287.0,20250501.0,101.19,0.0,0.0,1.0,20.0,6.0,22.0,
287.0,20240801.0,76.03,0.0,0.0,1.0,11.0,6.0,22.0,
287.0,20241101.0,56.06,0.0,0.0,1.0,14.0,6.0,22.0,
287.0,20241001.0,139.68,0.0,0.0,1.0,13.0,6.0,22.0,
287.0,20240601.0,72.32,0.0,0.0,1.0,9.0,6.0,22.0,
287.0,20250301.0,78.34,0.0,0.0,1.0,18.0,6.0,22.0,
287.0,20240201.0,114.57,0.0,0.0,1.0,5.0,6.0,22.0,
287.0,20240301.0,80.47,0.0,0.0,1.0,6.0,6.0,22.0,
287.0,20241201.0,87.19,0.0,0.0,1.0,15.0,6.0,22.0,
287.0,20240901.0,53.45,0.0,0.0,1.0,12.0,6.0,22.0,
287.0,20231201.0,158.14,0.0,0.0,1.0,3.0,6.0,22.0,
287.0,20240101.0,109.86,0.0,0.0,1.0,4.0,6.0,22.0,
287.0,20250601.0,65.58,0.0,0.0,1.0,21.0,6.0,22.0,
287.0,20230901.0,0.0,0.0,0.0,1.0,0.0,6.0,22.0,
287.0,20240401.0,36.22,0.0,0.0,1.0,7.0,6.0,22.0,
287.0,20231101.0,157.88,0.0,0.0,1.0,2.0,6.0,22.0,
287.0,20250201.0,95.74,0.0,0.0,1.0,17.0,6.0,22.0,
287.0,20250401.0,126.25,0.0,0.0,1.0,19.0,6.0,22.0,
287.0,20240101.0,118.17,0.0,0.0,1.0,4.0,6.0,22.0,
287.0,20240501.0,123.47,0.0,0.0,1.0,8.0,6.0,22.0,
467.0,20231001.0,101.3,0.0,0.0,1.0,1.0,2.0,22.0,
467.0,20240801.0,128.78,0.0,0.0,1.0,11.0,2.0,22.0,
467.0,20241101.0,91.69,0.0,0.0,1.0,14.0,2.0,22.0,
467.0,20241001.0,192.57,0.0,0.0,1.0,13.0,2.0,22.0,
467.0,20240601.0,148.47,0.0,0.0,1.0,9.0,2.0,22.0,
467.0,20240201.0,167.88,0.0,0.0,1.0,5.0,2.0,22.0,
467.0,20240301.0,142.02,0.0,0.0,1.0,6.0,2.0,22.0,
467.0,20240901.0,156.73,0.0,0.0,1.0,12.0,2.0,22.0,
467.0,20231201.0,190.11,0.0,0.0,1.0,3.0,2.0,22.0,
467.0,20240101.0,185.65,0.0,0.0,1.0,4.0,2.0,22.0,
467.0,20230901.0,0.0,0.0,0.0,1.0,0.0,2.0,22.0,
467.0,20240401.0,150.47,0.0,0.0,1.0,7.0,2.0,22.0,
467.0,20231101.0,203.39,0.0,0.0,1.0,2.0,2.0,22.0,
467.0,20240101.0,200.79,0.0,0.0,1.0,4.0,2.0,22.0,
467.0,20240501.0,183.27,0.0,0.0,1.0,8.0,2.0,22.0,
288.0,20250101.0,194.45,0.0,0.0,1.0,15.0,5.0,22.0,
288.0,20250101.0,129.14,0.0,0.0,1.0,15.0,5.0,22.0,
288.0,20231001.0,63.62,0.0,0.0,1.0,0.0,5.0,22.0,
288.0,20250501.0,166.46,0.0,0.0,1.0,19.0,5.0,22.0,
288.0,20240801.0,147.33,0.0,0.0,1.0,10.0,5.0,22.0,
288.0,20241101.0,194.33,0.0,0.0,1.0,13.0,5.0,22.0,
288.0,20241001.0,212.3,0.0,0.0,1.0,12.0,5.0,22.0,
288.0,20240601.0,167.69,0.0,0.0,1.0,8.0,5.0,22.0,
288.0,20250301.0,136.75,0.0,0.0,1.0,17.0,5.0,22.0,
288.0,20240201.0,176.02,0.0,0.0,1.0,4.0,5.0,22.0,
288.0,20240301.0,130.97,0.0,0.0,1.0,5.0,5.0,22.0,
288.0,20241201.0,170.63,0.0,0.0,1.0,14.0,5.0,22.0,
288.0,20240901.0,183.56,0.0,0.0,1.0,11.0,5.0,22.0,
288.0,20231201.0,190.99,0.0,0.0,1.0,2.0,5.0,22.0,
288.0,20240101.0,165.12,0.0,0.0,1.0,3.0,5.0,22.0,
288.0,20250601.0,55.49,0.0,0.0,1.0,20.0,5.0,22.0,
288.0,20240401.0,150.32,0.0,0.0,1.0,6.0,5.0,22.0,
288.0,20231101.0,203.56,0.0,0.0,1.0,1.0,5.0,22.0,
288.0,20250201.0,182.39,0.0,0.0,1.0,16.0,5.0,22.0,
288.0,20250401.0,138.59,0.0,0.0,1.0,18.0,5.0,22.0,
288.0,20240101.0,175.92,0.0,0.0,1.0,3.0,5.0,22.0,
288.0,20240501.0,159.44,0.0,0.0,1.0,7.0,5.0,22.0,
289.0,20250101.0,171.0,0.0,0.0,1.0,15.0,3.0,22.0,
289.0,20250101.0,126.0,0.0,0.0,1.0,15.0,3.0,22.0,
289.0,20231001.0,63.0,0.0,0.0,1.0,0.0,3.0,22.0,
289.0,20250501.0,189.0,0.0,0.0,1.0,19.0,3.0,22.0,
289.0,20240801.0,153.0,0.0,0.0,1.0,10.0,3.0,22.0,
289.0,20241101.0,189.0,0.0,0.0,1.0,13.0,3.0,22.0,
289.0,20241001.0,207.0,0.0,0.0,1.0,12.0,3.0,22.0,
289.0,20240601.0,171.0,0.0,0.0,1.0,8.0,3.0,22.0,
289.0,20250301.0,133.0,0.0,0.0,1.0,17.0,3.0,22.0,
289.0,20240201.0,189.0,0.0,0.0,1.0,4.0,3.0,22.0,
289.0,20240301.0,145.0,0.0,0.0,1.0,5.0,3.0,22.0,
289.0,20241201.0,126.0,0.0,0.0,1.0,14.0,3.0,22.0,
289.0,20240901.0,189.0,0.0,0.0,1.0,11.0,3.0,22.0,
289.0,20231201.0,171.0,0.0,0.0,1.0,2.0,3.0,22.0,
289.0,20240101.0,189.0,0.0,0.0,1.0,3.0,3.0,22.0,
289.0,20250601.0,177.0,0.0,0.0,1.0,20.0,3.0,22.0,
289.0,20240401.0,122.5,0.0,0.0,1.0,6.0,3.0,22.0,
289.0,20231101.0,198.0,0.0,0.0,1.0,1.0,3.0,22.0,
289.0,20250201.0,180.0,0.0,0.0,1.0,16.0,3.0,22.0,
289.0,20250401.0,189.0,0.0,0.0,1.0,18.0,3.0,22.0,
289.0,20240101.0,162.0,0.0,0.0,1.0,3.0,3.0,22.0,
289.0,20240501.0,198.0,0.0,0.0,1.0,7.0,3.0,22.0,
290.0,20250101.0,176.26,0.0,0.0,1.0,15.0,6.0,22.0,
290.0,20250101.0,71.75,0.0,0.0,1.0,15.0,6.0,22.0,
290.0,20231001.0,65.36,0.0,0.0,1.0,0.0,6.0,22.0,
290.0,20250501.0,173.67,0.0,0.0,1.0,19.0,6.0,22.0,
290.0,20240801.0,145.03,0.0,0.0,1.0,10.0,6.0,22.0,
290.0,20241101.0,114.26,0.0,0.0,1.0,13.0,6.0,22.0,
290.0,20241001.0,146.26,0.0,0.0,1.0,12.0,6.0,22.0,
290.0,20240601.0,125.1,0.0,0.0,1.0,8.0,6.0,22.0,
290.0,20250301.0,120.34,0.0,0.0,1.0,17.0,6.0,22.0,
290.0,20240201.0,196.12,0.0,0.0,1.0,4.0,6.0,22.0,
290.0,20240301.0,121.72,0.0,0.0,1.0,5.0,6.0,22.0,
290.0,20241201.0,141.75,0.0,0.0,1.0,14.0,6.0,22.0,
290.0,20240901.0,131.54,0.0,0.0,1.0,11.0,6.0,22.0,
290.0,20231201.0,180.15,0.0,0.0,1.0,2.0,6.0,22.0,
290.0,20240101.0,124.81,0.0,0.0,1.0,3.0,6.0,22.0,
290.0,20250601.0,105.15,0.0,0.0,1.0,20.0,6.0,22.0,
290.0,20240401.0,119.56,0.0,0.0,1.0,6.0,6.0,22.0,
290.0,20231101.0,200.73,0.0,0.0,1.0,1.0,6.0,22.0,
290.0,20250201.0,172.99,0.0,0.0,1.0,16.0,6.0,22.0,
290.0,20250401.0,158.83,0.0,0.0,1.0,18.0,6.0,22.0,
290.0,20240101.0,169.03,0.0,0.0,1.0,3.0,6.0,22.0,
290.0,20240501.0,186.12,0.0,0.0,1.0,7.0,6.0,22.0,
468.0,20231001.0,27.38,0.0,0.0,1.0,0.0,2.0,15.0,
468.0,20240601.0,153.97,0.0,0.0,1.0,8.0,2.0,15.0,
468.0,20240201.0,165.45,0.0,0.0,1.0,4.0,2.0,15.0,
468.0,20240301.0,123.17,0.0,0.0,1.0,5.0,2.0,15.0,
468.0,20231201.0,160.19,0.0,0.0,1.0,2.0,2.0,15.0,
468.0,20240101.0,0.0,0.0,0.0,1.0,3.0,2.0,15.0,
468.0,20240401.0,147.53,0.0,0.0,1.0,6.0,2.0,15.0,
468.0,20231101.0,198.6,0.0,0.0,1.0,1.0,2.0,15.0,
468.0,20240101.0,192.97,0.0,0.0,1.0,3.0,2.0,15.0,
468.0,20240501.0,184.01,0.0,0.0,1.0,7.0,2.0,15.0,
291.0,20250101.0,181.05,0.0,0.0,1.0,15.0,1.0,3.0,
291.0,20250101.0,151.93,0.0,0.0,1.0,15.0,1.0,3.0,
291.0,20231001.0,0.0,0.0,0.0,1.0,0.0,1.0,3.0,
291.0,20250501.0,200.61,0.0,0.0,1.0,19.0,1.0,3.0,
291.0,20240801.0,142.31,0.0,0.0,1.0,10.0,1.0,3.0,
291.0,20241101.0,200.34,0.0,0.0,1.0,13.0,1.0,3.0,
291.0,20241001.0,228.73,0.0,0.0,1.0,12.0,1.0,3.0,
291.0,20240601.0,177.29,0.0,0.0,1.0,8.0,1.0,3.0,
291.0,20250301.0,138.87,0.0,0.0,1.0,17.0,1.0,3.0,
291.0,20240201.0,176.56,0.0,0.0,1.0,4.0,1.0,3.0,
291.0,20240301.0,135.68,0.0,0.0,1.0,5.0,1.0,3.0,
291.0,20241201.0,177.68,0.0,0.0,1.0,14.0,1.0,3.0,
291.0,20240901.0,152.53,0.0,0.0,1.0,11.0,1.0,3.0,
291.0,20231201.0,163.18,0.0,0.0,1.0,2.0,1.0,3.0,
291.0,20240101.0,199.17,0.0,0.0,1.0,3.0,1.0,3.0,
291.0,20250601.0,206.44,0.0,0.0,1.0,20.0,1.0,3.0,
291.0,20240401.0,156.05,0.0,0.0,1.0,6.0,1.0,3.0,
291.0,20231101.0,131.85,0.0,0.0,1.0,1.0,1.0,3.0,
291.0,20250201.0,180.91,0.0,0.0,1.0,16.0,1.0,3.0,
291.0,20250401.0,235.84,0.0,0.0,1.0,18.0,1.0,3.0,
291.0,20240101.0,181.62,0.0,0.0,1.0,3.0,1.0,3.0,
291.0,20240501.0,182.03,0.0,0.0,1.0,7.0,1.0,3.0,
292.0,20250101.0,179.78,0.0,0.0,1.0,15.0,1.0,22.0,
292.0,20250101.0,119.69,0.0,0.0,1.0,15.0,1.0,22.0,
292.0,20231001.0,0.0,0.0,0.0,1.0,0.0,1.0,22.0,
292.0,20250501.0,161.72,0.0,0.0,1.0,19.0,1.0,22.0,
292.0,20240801.0,176.68,0.0,0.0,1.0,10.0,1.0,22.0,
292.0,20241101.0,184.76,0.0,0.0,1.0,13.0,1.0,22.0,
292.0,20241001.0,194.1,0.0,0.0,1.0,12.0,1.0,22.0,
292.0,20240601.0,175.69,0.0,0.0,1.0,8.0,1.0,22.0,
292.0,20250301.0,137.34,0.0,0.0,1.0,17.0,1.0,22.0,
292.0,20240201.0,184.85,0.0,0.0,1.0,4.0,1.0,22.0,
292.0,20240301.0,137.12,0.0,0.0,1.0,5.0,1.0,22.0,
292.0,20241201.0,180.44,0.0,0.0,1.0,14.0,1.0,22.0,
292.0,20240901.0,185.57,0.0,0.0,1.0,11.0,1.0,22.0,
292.0,20231201.0,182.96,0.0,0.0,1.0,2.0,1.0,22.0,
292.0,20240101.0,152.64,0.0,0.0,1.0,3.0,1.0,22.0,
292.0,20250601.0,163.9,0.0,0.0,1.0,20.0,1.0,22.0,
292.0,20240401.0,158.26,0.0,0.0,1.0,6.0,1.0,22.0,
292.0,20231101.0,100.29,0.0,0.0,1.0,1.0,1.0,22.0,
292.0,20250201.0,174.2,0.0,0.0,1.0,16.0,1.0,22.0,
292.0,20250401.0,178.7,0.0,0.0,1.0,18.0,1.0,22.0,
292.0,20240101.0,202.84,0.0,0.0,1.0,3.0,1.0,22.0,
292.0,20240501.0,187.07,0.0,0.0,1.0,7.0,1.0,22.0,
591.0,20240201.0,172.09,0.0,0.0,1.0,3.0,1.0,22.0,
591.0,20240301.0,114.12,0.0,0.0,1.0,4.0,1.0,22.0,
591.0,20231201.0,126.48,0.0,0.0,1.0,1.0,1.0,22.0,
591.0,20240401.0,6.28,0.0,0.0,1.0,5.0,1.0,22.0,
591.0,20231101.0,0.0,0.0,0.0,1.0,0.0,1.0,22.0,
591.0,20240101.0,208.41,0.0,0.0,1.0,2.0,1.0,22.0,
566.0,20240801.0,108.0,0.0,0.0,1.0,8.0,4.0,22.0,
566.0,20241101.0,9.0,0.0,0.0,1.0,11.0,4.0,22.0,
566.0,20241001.0,207.0,0.0,0.0,1.0,10.0,4.0,22.0,
566.0,20240601.0,162.0,0.0,0.0,1.0,6.0,4.0,22.0,
566.0,20240201.0,189.0,0.0,0.0,1.0,2.0,4.0,22.0,
566.0,20240301.0,145.0,0.0,0.0,1.0,3.0,4.0,22.0,
566.0,20240901.0,189.0,0.0,0.0,1.0,9.0,4.0,22.0,
566.0,20231201.0,50.5,0.0,0.0,1.0,0.0,4.0,22.0,
566.0,20240101.0,180.0,0.0,0.0,1.0,1.0,4.0,22.0,
566.0,20240401.0,153.5,0.0,0.0,1.0,4.0,4.0,22.0,
566.0,20240101.0,198.0,0.0,0.0,1.0,1.0,4.0,22.0,
566.0,20240501.0,198.0,0.0,0.0,1.0,5.0,4.0,22.0,
293.0,20250101.0,0.0,0.0,0.0,1.0,13.0,3.0,22.0,
293.0,20240801.0,108.0,0.0,0.0,1.0,8.0,3.0,22.0,
293.0,20241101.0,189.0,0.0,0.0,1.0,11.0,3.0,22.0,
293.0,20241001.0,207.0,0.0,0.0,1.0,10.0,3.0,22.0,
293.0,20240601.0,171.0,0.0,0.0,1.0,6.0,3.0,22.0,
293.0,20240201.0,189.0,0.0,0.0,1.0,2.0,3.0,22.0,
293.0,20240301.0,145.0,0.0,0.0,1.0,3.0,3.0,22.0,
293.0,20241201.0,108.0,0.0,0.0,1.0,12.0,3.0,22.0,
293.0,20240901.0,189.0,0.0,0.0,1.0,9.0,3.0,22.0,
293.0,20231201.0,0.0,0.0,0.0,1.0,0.0,3.0,22.0,
293.0,20240101.0,189.0,0.0,0.0,1.0,1.0,3.0,22.0,
293.0,20240401.0,140.5,0.0,0.0,1.0,4.0,3.0,22.0,
293.0,20250201.0,0.0,0.0,0.0,1.0,14.0,3.0,22.0,
293.0,20240101.0,198.0,0.0,0.0,1.0,1.0,3.0,22.0,
293.0,20240501.0,198.0,0.0,0.0,1.0,5.0,3.0,22.0,
294.0,20250101.0,180.0,0.0,0.0,1.0,12.0,3.0,22.0,
294.0,20250101.0,126.0,0.0,0.0,1.0,12.0,3.0,22.0,
294.0,20250501.0,189.0,0.0,0.0,1.0,16.0,3.0,22.0,
294.0,20240801.0,180.0,0.0,0.0,1.0,7.0,3.0,22.0,
294.0,20241101.0,180.0,0.0,0.0,1.0,10.0,3.0,22.0,
294.0,20241001.0,207.0,0.0,0.0,1.0,9.0,3.0,22.0,
294.0,20240601.0,162.0,0.0,0.0,1.0,5.0,3.0,22.0,
294.0,20250301.0,133.0,0.0,0.0,1.0,14.0,3.0,22.0,
294.0,20240201.0,171.0,0.0,0.0,1.0,1.0,3.0,22.0,
294.0,20240301.0,145.0,0.0,0.0,1.0,2.0,3.0,22.0,
294.0,20241201.0,153.0,0.0,0.0,1.0,11.0,3.0,22.0,
294.0,20240901.0,189.0,0.0,0.0,1.0,8.0,3.0,22.0,
294.0,20240101.0,162.0,0.0,0.0,1.0,0.0,3.0,22.0,
294.0,20250601.0,177.0,0.0,0.0,1.0,17.0,3.0,22.0,
294.0,20240401.0,140.5,0.0,0.0,1.0,3.0,3.0,22.0,
294.0,20250201.0,180.0,0.0,0.0,1.0,13.0,3.0,22.0,
294.0,20250401.0,171.0,0.0,0.0,1.0,15.0,3.0,22.0,
294.0,20240101.0,72.0,0.0,0.0,1.0,0.0,3.0,22.0,
294.0,20240501.0,189.0,0.0,0.0,1.0,4.0,3.0,22.0,
295.0,20250101.0,196.93,0.0,0.0,1.0,12.0,1.0,11.0,
295.0,20250101.0,133.45,0.0,0.0,1.0,12.0,1.0,11.0,
295.0,20250501.0,195.37,0.0,0.0,1.0,16.0,1.0,11.0,
295.0,20240801.0,217.3,0.0,0.0,1.0,7.0,1.0,11.0,
295.0,20241101.0,189.14,0.0,0.0,1.0,10.0,1.0,11.0,
295.0,20241001.0,212.99,0.0,0.0,1.0,9.0,1.0,11.0,
295.0,20240601.0,152.22,0.0,0.0,1.0,5.0,1.0,11.0,
295.0,20250301.0,136.79,0.0,0.0,1.0,14.0,1.0,11.0,
295.0,20240201.0,185.81,0.0,0.0,1.0,1.0,1.0,11.0,
295.0,20240301.0,117.72,0.0,0.0,1.0,2.0,1.0,11.0,
295.0,20241201.0,187.12,0.0,0.0,1.0,11.0,1.0,11.0,
295.0,20240901.0,175.97,0.0,0.0,1.0,8.0,1.0,11.0,
295.0,20240101.0,204.07,0.0,0.0,1.0,0.0,1.0,11.0,
295.0,20250601.0,179.33,0.0,0.0,1.0,17.0,1.0,11.0,
295.0,20240401.0,157.14,0.0,0.0,1.0,3.0,1.0,11.0,
295.0,20250201.0,182.56,0.0,0.0,1.0,13.0,1.0,11.0,
295.0,20250401.0,185.0,0.0,0.0,1.0,15.0,1.0,11.0,
295.0,20240101.0,34.84,0.0,0.0,1.0,0.0,1.0,11.0,
295.0,20240501.0,203.07,0.0,0.0,1.0,4.0,1.0,11.0,
296.0,20250101.0,180.19,0.0,0.0,1.0,12.0,1.0,11.0,
296.0,20250101.0,110.58,0.0,0.0,1.0,12.0,1.0,11.0,
296.0,20250501.0,187.05,0.0,0.0,1.0,16.0,1.0,11.0,
296.0,20240801.0,202.63,0.0,0.0,1.0,7.0,1.0,11.0,
296.0,20241101.0,197.56,0.0,0.0,1.0,10.0,1.0,11.0,
296.0,20241001.0,211.74,0.0,0.0,1.0,9.0,1.0,11.0,
296.0,20240601.0,172.49,0.0,0.0,1.0,5.0,1.0,11.0,
296.0,20250301.0,135.32,0.0,0.0,1.0,14.0,1.0,11.0,
296.0,20240201.0,185.56,0.0,0.0,1.0,1.0,1.0,11.0,
296.0,20240301.0,149.39,0.0,0.0,1.0,2.0,1.0,11.0,
296.0,20241201.0,172.2,0.0,0.0,1.0,11.0,1.0,11.0,
296.0,20240901.0,192.0,0.0,0.0,1.0,8.0,1.0,11.0,
296.0,20240101.0,195.23,0.0,0.0,1.0,0.0,1.0,11.0,
296.0,20250601.0,178.75,0.0,0.0,1.0,17.0,1.0,11.0,
296.0,20240401.0,164.28,0.0,0.0,1.0,3.0,1.0,11.0,
296.0,20250201.0,181.31,0.0,0.0,1.0,13.0,1.0,11.0,
296.0,20250401.0,189.18,0.0,0.0,1.0,15.0,1.0,11.0,
296.0,20240101.0,34.84,0.0,0.0,1.0,0.0,1.0,11.0,
296.0,20240501.0,203.32,0.0,0.0,1.0,4.0,1.0,11.0,
567.0,20240801.0,162.0,0.0,0.0,1.0,7.0,3.0,13.0,
567.0,20241101.0,54.0,0.0,0.0,1.0,10.0,3.0,13.0,
567.0,20241001.0,207.0,0.0,0.0,1.0,9.0,3.0,13.0,
567.0,20240601.0,171.0,0.0,0.0,1.0,5.0,3.0,13.0,
567.0,20240201.0,189.0,0.0,0.0,1.0,1.0,3.0,13.0,
567.0,20240301.0,145.0,0.0,0.0,1.0,2.0,3.0,13.0,
567.0,20240901.0,189.0,0.0,0.0,1.0,8.0,3.0,13.0,
567.0,20240101.0,162.0,0.0,0.0,1.0,0.0,3.0,13.0,
567.0,20240401.0,140.5,0.0,0.0,1.0,3.0,3.0,13.0,
567.0,20240101.0,9.0,0.0,0.0,1.0,0.0,3.0,13.0,
567.0,20240501.0,198.0,0.0,0.0,1.0,4.0,3.0,13.0,
568.0,20240801.0,126.0,0.0,0.0,1.0,7.0,3.0,14.0,
568.0,20240601.0,171.0,0.0,0.0,1.0,5.0,3.0,14.0,
568.0,20240201.0,189.0,0.0,0.0,1.0,1.0,3.0,14.0,
568.0,20240301.0,145.0,0.0,0.0,1.0,2.0,3.0,14.0,
568.0,20240901.0,0.0,0.0,0.0,1.0,8.0,3.0,14.0,
568.0,20240101.0,153.0,0.0,0.0,1.0,0.0,3.0,14.0,
568.0,20240401.0,140.5,0.0,0.0,1.0,3.0,3.0,14.0,
568.0,20240101.0,9.0,0.0,0.0,1.0,0.0,3.0,14.0,
568.0,20240501.0,198.0,0.0,0.0,1.0,4.0,3.0,14.0,
569.0,20240801.0,174.59,0.0,0.0,1.0,7.0,1.0,22.0,
569.0,20241001.0,97.7,0.0,0.0,1.0,9.0,1.0,22.0,
569.0,20240601.0,176.78,0.0,0.0,1.0,5.0,1.0,22.0,
569.0,20240201.0,171.69,0.0,0.0,1.0,1.0,1.0,22.0,
569.0,20240301.0,130.1,0.0,0.0,1.0,2.0,1.0,22.0,
569.0,20240901.0,175.35,0.0,0.0,1.0,8.0,1.0,22.0,
569.0,20240101.0,166.55,0.0,0.0,1.0,0.0,1.0,22.0,
569.0,20240401.0,158.61,0.0,0.0,1.0,3.0,1.0,22.0,
569.0,20240101.0,0.0,0.0,0.0,1.0,0.0,1.0,22.0,
569.0,20240501.0,194.75,0.0,0.0,1.0,4.0,1.0,22.0,
297.0,20250101.0,185.31,0.0,0.0,1.0,12.0,1.0,10.0,
297.0,20250101.0,130.6,0.0,0.0,1.0,12.0,1.0,10.0,
297.0,20250501.0,195.17,0.0,0.0,1.0,16.0,1.0,10.0,
297.0,20240801.0,194.75,0.0,0.0,1.0,7.0,1.0,10.0,
297.0,20241101.0,185.94,0.0,0.0,1.0,10.0,1.0,10.0,
297.0,20241001.0,213.31,0.0,0.0,1.0,9.0,1.0,10.0,
297.0,20240601.0,167.69,0.0,0.0,1.0,5.0,1.0,10.0,
297.0,20250301.0,138.95,0.0,0.0,1.0,14.0,1.0,10.0,
297.0,20240201.0,176.42,0.0,0.0,1.0,1.0,1.0,10.0,
297.0,20240301.0,141.01,0.0,0.0,1.0,2.0,1.0,10.0,
297.0,20241201.0,181.55,0.0,0.0,1.0,11.0,1.0,10.0,
297.0,20240901.0,177.03,0.0,0.0,1.0,8.0,1.0,10.0,
297.0,20240101.0,195.86,0.0,0.0,1.0,0.0,1.0,10.0,
297.0,20250601.0,174.41,0.0,0.0,1.0,17.0,1.0,10.0,
297.0,20240401.0,168.86,0.0,0.0,1.0,3.0,1.0,10.0,
297.0,20250201.0,185.72,0.0,0.0,1.0,13.0,1.0,10.0,
297.0,20250401.0,196.29,0.0,0.0,1.0,15.0,1.0,10.0,
297.0,20240101.0,0.0,0.0,0.0,1.0,0.0,1.0,10.0,
297.0,20240501.0,195.07,0.0,0.0,1.0,4.0,1.0,10.0,
592.0,20240201.0,106.1,0.0,0.0,1.0,1.0,1.0,3.0,
592.0,20240301.0,0.0,0.0,0.0,1.0,2.0,1.0,3.0,
592.0,20240101.0,0.0,0.0,0.0,1.0,0.0,1.0,3.0,
298.0,20250101.0,194.7,0.0,0.0,1.0,5.0,1.0,1.0,
298.0,20250501.0,110.85,0.0,0.0,1.0,9.0,1.0,1.0,
298.0,20240801.0,0.0,0.0,0.0,1.0,0.0,1.0,1.0,
298.0,20241101.0,185.4,0.0,0.0,1.0,3.0,1.0,1.0,
298.0,20241001.0,202.21,0.0,0.0,1.0,2.0,1.0,1.0,
298.0,20250301.0,122.07,0.0,0.0,1.0,7.0,1.0,1.0,
298.0,20241201.0,176.22,0.0,0.0,1.0,4.0,1.0,1.0,
298.0,20240901.0,174.9,0.0,0.0,1.0,1.0,1.0,1.0,
298.0,20250201.0,176.49,0.0,0.0,1.0,6.0,1.0,1.0,
298.0,20250401.0,194.03,0.0,0.0,1.0,8.0,1.0,1.0,
299.0,20250101.0,180.0,0.0,0.0,1.0,12.0,3.0,22.0,
299.0,20240801.0,171.0,0.0,0.0,1.0,7.0,3.0,22.0,
299.0,20241101.0,189.0,0.0,0.0,1.0,10.0,3.0,22.0,
299.0,20241001.0,207.0,0.0,0.0,1.0,9.0,3.0,22.0,
299.0,20240601.0,171.0,0.0,0.0,1.0,5.0,3.0,22.0,
299.0,20250301.0,105.0,0.0,0.0,1.0,14.0,3.0,22.0,
299.0,20240201.0,54.0,0.0,0.0,1.0,1.0,3.0,22.0,
299.0,20240301.0,145.0,0.0,0.0,1.0,2.0,3.0,22.0,
299.0,20241201.0,153.0,0.0,0.0,1.0,11.0,3.0,22.0,
299.0,20240901.0,189.0,0.0,0.0,1.0,8.0,3.0,22.0,
299.0,20240101.0,153.0,0.0,0.0,1.0,0.0,3.0,22.0,
299.0,20250601.0,0.0,0.0,0.0,1.0,17.0,3.0,22.0,
299.0,20240401.0,140.5,0.0,0.0,1.0,3.0,3.0,22.0,
299.0,20250201.0,180.0,0.0,0.0,1.0,13.0,3.0,22.0,
299.0,20250401.0,0.0,0.0,0.0,1.0,15.0,3.0,22.0,
299.0,20240501.0,180.0,0.0,0.0,1.0,4.0,3.0,22.0,
300.0,20250101.0,160.25,0.0,0.0,1.0,12.0,4.0,22.0,
300.0,20250101.0,74.4,0.0,0.0,1.0,12.0,4.0,22.0,
300.0,20250501.0,69.68,0.0,0.0,1.0,16.0,4.0,22.0,
300.0,20240801.0,89.73,0.0,0.0,1.0,7.0,4.0,22.0,
300.0,20241101.0,135.43,0.0,0.0,1.0,10.0,4.0,22.0,
300.0,20241001.0,172.6,0.0,0.0,1.0,9.0,4.0,22.0,
300.0,20240601.0,112.3,0.0,0.0,1.0,5.0,4.0,22.0,
300.0,20250301.0,118.71,0.0,0.0,1.0,14.0,4.0,22.0,
300.0,20240201.0,29.4,0.0,0.0,1.0,1.0,4.0,22.0,
300.0,20240301.0,150.41,0.0,0.0,1.0,2.0,4.0,22.0,
300.0,20241201.0,123.9,0.0,0.0,1.0,11.0,4.0,22.0,
300.0,20240901.0,150.67,0.0,0.0,1.0,8.0,4.0,22.0,
300.0,20240101.0,163.26,0.0,0.0,1.0,0.0,4.0,22.0,
300.0,20250601.0,56.02,0.0,0.0,1.0,17.0,4.0,22.0,
300.0,20240401.0,136.59,0.0,0.0,1.0,3.0,4.0,22.0,
300.0,20250201.0,151.3,0.0,0.0,1.0,13.0,4.0,22.0,
300.0,20250401.0,94.23,0.0,0.0,1.0,15.0,4.0,22.0,
300.0,20240501.0,123.3,0.0,0.0,1.0,4.0,4.0,22.0,
301.0,20250101.0,180.0,0.0,0.0,1.0,12.0,3.0,22.0,
301.0,20250101.0,0.0,0.0,0.0,1.0,12.0,3.0,22.0,
301.0,20250501.0,189.0,0.0,0.0,1.0,16.0,3.0,22.0,
301.0,20240801.0,171.0,0.0,0.0,1.0,7.0,3.0,22.0,
301.0,20241101.0,189.0,0.0,0.0,1.0,10.0,3.0,22.0,
301.0,20241001.0,207.0,0.0,0.0,1.0,9.0,3.0,22.0,
301.0,20240601.0,171.0,0.0,0.0,1.0,5.0,3.0,22.0,
301.0,20250301.0,126.0,0.0,0.0,1.0,14.0,3.0,22.0,
301.0,20240201.0,0.0,0.0,0.0,1.0,1.0,3.0,22.0,
301.0,20240301.0,91.0,0.0,0.0,1.0,2.0,3.0,22.0,
301.0,20241201.0,126.0,0.0,0.0,1.0,11.0,3.0,22.0,
301.0,20240901.0,189.0,0.0,0.0,1.0,8.0,3.0,22.0,
301.0,20240101.0,180.0,0.0,0.0,1.0,0.0,3.0,22.0,
301.0,20250601.0,123.0,0.0,0.0,1.0,17.0,3.0,22.0,
301.0,20240401.0,140.5,0.0,0.0,1.0,3.0,3.0,22.0,
301.0,20250201.0,171.0,0.0,0.0,1.0,13.0,3.0,22.0,
301.0,20250401.0,171.0,0.0,0.0,1.0,15.0,3.0,22.0,
301.0,20240501.0,198.0,0.0,0.0,1.0,4.0,3.0,22.0,
589.0,20240601.0,45.76,0.0,0.0,1.0,4.0,1.0,8.0,
589.0,20240201.0,0.0,0.0,0.0,1.0,0.0,1.0,8.0,
589.0,20240301.0,58.88,0.0,0.0,1.0,0.0,1.0,8.0,
589.0,20240401.0,161.91,0.0,0.0,1.0,2.0,1.0,8.0,
589.0,20240501.0,188.61,0.0,0.0,1.0,3.0,1.0,8.0,
302.0,20250101.0,0.0,0.0,0.0,1.0,12.0,3.0,22.0,
302.0,20240801.0,162.0,0.0,0.0,1.0,7.0,3.0,22.0,
302.0,20241101.0,189.0,0.0,0.0,1.0,10.0,3.0,22.0,
302.0,20241001.0,207.0,0.0,0.0,1.0,9.0,3.0,22.0,
302.0,20240601.0,171.0,0.0,0.0,1.0,5.0,3.0,22.0,
302.0,20240301.0,32.5,0.0,0.0,1.0,2.0,3.0,22.0,
302.0,20241201.0,126.0,0.0,0.0,1.0,11.0,3.0,22.0,
302.0,20240901.0,189.0,0.0,0.0,1.0,8.0,3.0,22.0,
302.0,20240101.0,180.0,0.0,0.0,1.0,0.0,3.0,22.0,
302.0,20240401.0,140.5,0.0,0.0,1.0,3.0,3.0,22.0,
302.0,20240501.0,198.0,0.0,0.0,1.0,4.0,3.0,22.0,
570.0,20240801.0,0.0,0.0,0.0,1.0,7.0,1.0,1.0,
570.0,20240601.0,172.84,0.0,0.0,1.0,5.0,1.0,1.0,
570.0,20240301.0,33.59,0.0,0.0,1.0,2.0,1.0,1.0,
570.0,20240101.0,165.92,0.0,0.0,1.0,0.0,1.0,1.0,
570.0,20240401.0,167.18,0.0,0.0,1.0,3.0,1.0,1.0,
570.0,20240501.0,192.67,0.0,0.0,1.0,4.0,1.0,1.0,
571.0,20240801.0,45.62,0.0,0.0,1.0,7.0,1.0,3.0,
571.0,20240601.0,127.66,0.0,0.0,1.0,5.0,1.0,3.0,
571.0,20240301.0,33.26,0.0,0.0,1.0,2.0,1.0,3.0,
571.0,20240101.0,118.82,0.0,0.0,1.0,0.0,1.0,3.0,
571.0,20240401.0,162.47,0.0,0.0,1.0,3.0,1.0,3.0,
571.0,20240501.0,127.68,0.0,0.0,1.0,4.0,1.0,3.0,
572.0,20240801.0,126.0,0.0,0.0,1.0,7.0,3.0,22.0,
572.0,20240601.0,162.0,0.0,0.0,1.0,5.0,3.0,22.0,
572.0,20240301.0,0.0,0.0,0.0,1.0,2.0,3.0,22.0,
572.0,20240901.0,0.0,0.0,0.0,1.0,8.0,3.0,22.0,
572.0,20240101.0,189.0,0.0,0.0,1.0,0.0,3.0,22.0,
572.0,20240401.0,108.0,0.0,0.0,1.0,3.0,3.0,22.0,
572.0,20240501.0,189.0,0.0,0.0,1.0,4.0,3.0,22.0,
303.0,20250101.0,14.01,0.0,0.0,1.0,12.0,4.0,22.0,
303.0,20240801.0,97.87,0.0,0.0,1.0,7.0,4.0,22.0,
303.0,20241101.0,96.07,0.0,0.0,1.0,10.0,4.0,22.0,
303.0,20241001.0,160.93,0.0,0.0,1.0,9.0,4.0,22.0,
303.0,20240601.0,115.34,0.0,0.0,1.0,5.0,4.0,22.0,
303.0,20240301.0,0.0,0.0,0.0,1.0,2.0,4.0,22.0,
303.0,20241201.0,130.45,0.0,0.0,1.0,11.0,4.0,22.0,
303.0,20240901.0,101.88,0.0,0.0,1.0,8.0,4.0,22.0,
303.0,20240101.0,168.97,0.0,0.0,1.0,0.0,4.0,22.0,
303.0,20240401.0,89.21,0.0,0.0,1.0,3.0,4.0,22.0,
303.0,20240501.0,181.14,0.0,0.0,1.0,4.0,4.0,22.0,
304.0,20250101.0,188.41,0.0,0.0,1.0,12.0,1.0,22.0,
304.0,20250101.0,0.0,0.0,0.0,1.0,12.0,1.0,22.0,
304.0,20250501.0,157.17,0.0,0.0,1.0,16.0,1.0,22.0,
304.0,20240801.0,173.06,0.0,0.0,1.0,7.0,1.0,22.0,
304.0,20241101.0,128.29,0.0,0.0,1.0,10.0,1.0,22.0,
304.0,20241001.0,183.88,0.0,0.0,1.0,9.0,1.0,22.0,
304.0,20240601.0,150.13,0.0,0.0,1.0,5.0,1.0,22.0,
304.0,20250301.0,110.85,0.0,0.0,1.0,14.0,1.0,22.0,
304.0,20241201.0,173.16,0.0,0.0,1.0,11.0,1.0,22.0,
304.0,20240901.0,191.92,0.0,0.0,1.0,8.0,1.0,22.0,
304.0,20240101.0,163.51,0.0,0.0,1.0,0.0,1.0,22.0,
304.0,20250601.0,152.88,0.0,0.0,1.0,17.0,1.0,22.0,
304.0,20240401.0,0.0,0.0,0.0,1.0,3.0,1.0,22.0,
304.0,20250201.0,173.17,0.0,0.0,1.0,13.0,1.0,22.0,
304.0,20250401.0,181.11,0.0,0.0,1.0,15.0,1.0,22.0,
304.0,20240501.0,166.32,0.0,0.0,1.0,4.0,1.0,22.0,
305.0,20250101.0,180.0,0.0,0.0,1.0,12.0,3.0,22.0,
305.0,20250101.0,126.0,0.0,0.0,1.0,12.0,3.0,22.0,
305.0,20250501.0,180.0,0.0,0.0,1.0,16.0,3.0,22.0,
305.0,20240801.0,198.0,0.0,0.0,1.0,7.0,3.0,22.0,
305.0,20241101.0,180.0,0.0,0.0,1.0,10.0,3.0,22.0,
305.0,20241001.0,207.0,0.0,0.0,1.0,9.0,3.0,22.0,
305.0,20240601.0,171.0,0.0,0.0,1.0,5.0,3.0,22.0,
305.0,20250301.0,133.0,0.0,0.0,1.0,14.0,3.0,22.0,
305.0,20241201.0,126.0,0.0,0.0,1.0,11.0,3.0,22.0,
305.0,20240901.0,126.0,0.0,0.0,1.0,8.0,3.0,22.0,
305.0,20240101.0,198.0,0.0,0.0,1.0,0.0,3.0,22.0,
305.0,20250601.0,177.0,0.0,0.0,1.0,17.0,3.0,22.0,
305.0,20240401.0,0.0,0.0,0.0,1.0,3.0,3.0,22.0,
305.0,20250201.0,180.0,0.0,0.0,1.0,13.0,3.0,22.0,
305.0,20250401.0,189.0,0.0,0.0,1.0,15.0,3.0,22.0,
305.0,20240501.0,135.0,0.0,0.0,1.0,4.0,3.0,22.0,
306.0,20250101.0,207.7,0.0,0.0,1.0,12.0,1.0,11.0,
306.0,20240801.0,234.48,0.0,0.0,1.0,7.0,1.0,11.0,
306.0,20241101.0,194.23,0.0,0.0,1.0,10.0,1.0,11.0,
306.0,20241001.0,200.74,0.0,0.0,1.0,9.0,1.0,11.0,
306.0,20240601.0,178.57,0.0,0.0,1.0,5.0,1.0,11.0,
306.0,20250301.0,88.64,0.0,0.0,1.0,14.0,1.0,11.0,
306.0,20241201.0,182.48,0.0,0.0,1.0,11.0,1.0,11.0,
306.0,20240901.0,202.3,0.0,0.0,1.0,8.0,1.0,11.0,
306.0,20240101.0,208.19,0.0,0.0,1.0,0.0,1.0,11.0,
306.0,20250201.0,172.19,0.0,0.0,1.0,13.0,1.0,11.0,
306.0,20240501.0,46.31,0.0,0.0,1.0,4.0,1.0,11.0,
307.0,20250101.0,176.41,0.0,0.0,1.0,12.0,1.0,11.0,
307.0,20250101.0,77.88,0.0,0.0,1.0,12.0,1.0,11.0,
307.0,20250501.0,187.69,0.0,0.0,1.0,16.0,1.0,11.0,
307.0,20240801.0,187.38,0.0,0.0,1.0,7.0,1.0,11.0,
307.0,20241101.0,188.0,0.0,0.0,1.0,10.0,1.0,11.0,
307.0,20241001.0,183.99,0.0,0.0,1.0,9.0,1.0,11.0,
307.0,20240601.0,173.59,0.0,0.0,1.0,5.0,1.0,11.0,
307.0,20250301.0,147.24,0.0,0.0,1.0,14.0,1.0,11.0,
307.0,20241201.0,184.17,0.0,0.0,1.0,11.0,1.0,11.0,
307.0,20240901.0,181.09,0.0,0.0,1.0,8.0,1.0,11.0,
307.0,20240101.0,213.55,0.0,0.0,1.0,0.0,1.0,11.0,
307.0,20250601.0,171.79,0.0,0.0,1.0,17.0,1.0,11.0,
307.0,20250201.0,152.89,0.0,0.0,1.0,13.0,1.0,11.0,
307.0,20250401.0,172.93,0.0,0.0,1.0,15.0,1.0,11.0,
307.0,20240501.0,0.0,0.0,0.0,1.0,4.0,1.0,11.0,
308.0,20250101.0,191.6,0.0,0.0,1.0,12.0,1.0,18.0,
308.0,20250101.0,126.19,0.0,0.0,1.0,12.0,1.0,18.0,
308.0,20250501.0,178.82,0.0,0.0,1.0,16.0,1.0,18.0,
308.0,20240801.0,163.38,0.0,0.0,1.0,7.0,1.0,18.0,
308.0,20241101.0,190.3,0.0,0.0,1.0,10.0,1.0,18.0,
308.0,20241001.0,199.64,0.0,0.0,1.0,9.0,1.0,18.0,
308.0,20240601.0,163.04,0.0,0.0,1.0,5.0,1.0,18.0,
308.0,20250301.0,134.75,0.0,0.0,1.0,14.0,1.0,18.0,
308.0,20241201.0,167.83,0.0,0.0,1.0,11.0,1.0,18.0,
308.0,20240901.0,186.26,0.0,0.0,1.0,8.0,1.0,18.0,
308.0,20240101.0,197.14,0.0,0.0,1.0,0.0,1.0,18.0,
308.0,20250601.0,177.11,0.0,0.0,1.0,17.0,1.0,18.0,
308.0,20250201.0,172.11,0.0,0.0,1.0,13.0,1.0,18.0,
308.0,20250401.0,181.43,0.0,0.0,1.0,15.0,1.0,18.0,
308.0,20240501.0,0.0,0.0,0.0,1.0,4.0,1.0,18.0,
573.0,20240801.0,88.23,0.0,0.0,1.0,7.0,1.0,3.0,
573.0,20240601.0,144.28,0.0,0.0,1.0,5.0,1.0,3.0,
573.0,20240901.0,44.97,0.0,0.0,1.0,8.0,1.0,3.0,
573.0,20240101.0,190.21,0.0,0.0,1.0,0.0,1.0,3.0,
573.0,20240501.0,0.0,0.0,0.0,1.0,4.0,1.0,3.0,
309.0,20250101.0,170.88,0.0,0.0,1.0,12.0,4.0,22.0,
309.0,20250101.0,103.44,0.0,0.0,1.0,12.0,4.0,22.0,
309.0,20250501.0,184.01,0.0,0.0,1.0,16.0,4.0,22.0,
309.0,20240801.0,65.24,0.0,0.0,1.0,7.0,4.0,22.0,
309.0,20241101.0,198.89,0.0,0.0,1.0,10.0,4.0,22.0,
309.0,20241001.0,218.29,0.0,0.0,1.0,9.0,4.0,22.0,
309.0,20240601.0,112.1,0.0,0.0,1.0,5.0,4.0,22.0,
309.0,20250301.0,136.52,0.0,0.0,1.0,14.0,4.0,22.0,
309.0,20241201.0,149.92,0.0,0.0,1.0,11.0,4.0,22.0,
309.0,20240901.0,141.2,0.0,0.0,1.0,8.0,4.0,22.0,
309.0,20240101.0,213.13,0.0,0.0,1.0,0.0,4.0,22.0,
309.0,20250601.0,184.46,0.0,0.0,1.0,17.0,4.0,22.0,
309.0,20250201.0,175.4,0.0,0.0,1.0,13.0,4.0,22.0,
309.0,20250401.0,201.58,0.0,0.0,1.0,15.0,4.0,22.0,
309.0,20240501.0,0.0,0.0,0.0,1.0,4.0,4.0,22.0,
310.0,20250101.0,190.82,0.0,0.0,1.0,12.0,1.0,22.0,
310.0,20250501.0,15.17,0.0,0.0,1.0,16.0,1.0,22.0,
310.0,20240801.0,153.85,0.0,0.0,1.0,7.0,1.0,22.0,
310.0,20241101.0,186.53,0.0,0.0,1.0,10.0,1.0,22.0,
310.0,20241001.0,210.22,0.0,0.0,1.0,9.0,1.0,22.0,
310.0,20240601.0,0.0,0.0,0.0,1.0,5.0,1.0,22.0,
310.0,20250301.0,139.51,0.0,0.0,1.0,14.0,1.0,22.0,
310.0,20241201.0,177.98,0.0,0.0,1.0,11.0,1.0,22.0,
310.0,20240901.0,196.09,0.0,0.0,1.0,8.0,1.0,22.0,
310.0,20240101.0,200.61,0.0,0.0,1.0,0.0,1.0,22.0,
310.0,20250201.0,173.94,0.0,0.0,1.0,13.0,1.0,22.0,
310.0,20250401.0,181.25,0.0,0.0,1.0,15.0,1.0,22.0,
311.0,20250101.0,116.76,0.0,0.0,1.0,12.0,1.0,22.0,
311.0,20240801.0,166.03,0.0,0.0,1.0,7.0,1.0,22.0,
311.0,20241101.0,168.64,0.0,0.0,1.0,10.0,1.0,22.0,
311.0,20241001.0,179.32,0.0,0.0,1.0,9.0,1.0,22.0,
311.0,20240601.0,0.0,0.0,0.0,1.0,5.0,1.0,22.0,
311.0,20241201.0,148.69,0.0,0.0,1.0,11.0,1.0,22.0,
311.0,20240901.0,182.86,0.0,0.0,1.0,8.0,1.0,22.0,
311.0,20240101.0,183.43,0.0,0.0,1.0,0.0,1.0,22.0,
311.0,20250201.0,0.0,0.0,0.0,1.0,13.0,1.0,22.0,
312.0,20250101.0,27.32,0.0,0.0,1.0,12.0,1.0,3.0,
312.0,20250101.0,114.25,0.0,0.0,1.0,12.0,1.0,3.0,
312.0,20250501.0,171.77,0.0,0.0,1.0,16.0,1.0,3.0,
312.0,20240801.0,0.0,0.0,0.0,1.0,7.0,1.0,3.0,
312.0,20240601.0,0.0,0.0,0.0,1.0,5.0,1.0,3.0,
312.0,20250301.0,145.77,0.0,0.0,1.0,14.0,1.0,3.0,
312.0,20240101.0,200.16,0.0,0.0,1.0,0.0,1.0,3.0,
312.0,20250601.0,0.0,0.0,0.0,1.0,17.0,1.0,3.0,
312.0,20250201.0,187.02,0.0,0.0,1.0,13.0,1.0,3.0,
312.0,20250401.0,180.48,0.0,0.0,1.0,15.0,1.0,3.0,
313.0,20250101.0,180.0,0.0,0.0,1.0,12.0,3.0,22.0,
313.0,20250101.0,126.0,0.0,0.0,1.0,12.0,3.0,22.0,
313.0,20250501.0,180.0,0.0,0.0,1.0,16.0,3.0,22.0,
313.0,20240801.0,198.0,0.0,0.0,1.0,7.0,3.0,22.0,
313.0,20241101.0,189.0,0.0,0.0,1.0,10.0,3.0,22.0,
313.0,20241001.0,207.0,0.0,0.0,1.0,9.0,3.0,22.0,
313.0,20240601.0,0.0,0.0,0.0,1.0,5.0,3.0,22.0,
313.0,20250301.0,126.0,0.0,0.0,1.0,14.0,3.0,22.0,
313.0,20241201.0,126.0,0.0,0.0,1.0,11.0,3.0,22.0,
313.0,20240901.0,189.0,0.0,0.0,1.0,8.0,3.0,22.0,
313.0,20240101.0,198.0,0.0,0.0,1.0,0.0,3.0,22.0,
313.0,20250601.0,168.0,0.0,0.0,1.0,17.0,3.0,22.0,
313.0,20250201.0,175.5,0.0,0.0,1.0,13.0,3.0,22.0,
313.0,20250401.0,189.0,0.0,0.0,1.0,15.0,3.0,22.0,
314.0,20250101.0,162.0,0.0,0.0,1.0,12.0,3.0,13.0,
314.0,20250101.0,126.0,0.0,0.0,1.0,12.0,3.0,13.0,
314.0,20250501.0,189.0,0.0,0.0,1.0,16.0,3.0,13.0,
314.0,20240801.0,198.0,0.0,0.0,1.0,7.0,3.0,13.0,
314.0,20241101.0,189.0,0.0,0.0,1.0,10.0,3.0,13.0,
314.0,20241001.0,207.0,0.0,0.0,1.0,9.0,3.0,13.0,
314.0,20240601.0,0.0,0.0,0.0,1.0,5.0,3.0,13.0,
314.0,20250301.0,133.0,0.0,0.0,1.0,14.0,3.0,13.0,
314.0,20241201.0,126.0,0.0,0.0,1.0,11.0,3.0,13.0,
314.0,20240901.0,180.0,0.0,0.0,1.0,8.0,3.0,13.0,
314.0,20240101.0,189.0,0.0,0.0,1.0,0.0,3.0,13.0,
314.0,20250601.0,171.0,0.0,0.0,1.0,17.0,3.0,13.0,
314.0,20250201.0,180.0,0.0,0.0,1.0,13.0,3.0,13.0,
314.0,20250401.0,189.0,0.0,0.0,1.0,15.0,3.0,13.0,
574.0,20240801.0,198.0,0.0,0.0,1.0,7.0,3.0,14.0,
574.0,20241101.0,117.0,0.0,0.0,1.0,10.0,3.0,14.0,
574.0,20241001.0,207.0,0.0,0.0,1.0,9.0,3.0,14.0,
574.0,20240601.0,0.0,0.0,0.0,1.0,5.0,3.0,14.0,
574.0,20241201.0,0.0,0.0,0.0,1.0,11.0,3.0,14.0,
574.0,20240901.0,180.0,0.0,0.0,1.0,8.0,3.0,14.0,
574.0,20240101.0,198.0,0.0,0.0,1.0,0.0,3.0,14.0,
315.0,20250101.0,180.0,0.0,0.0,1.0,12.0,3.0,22.0,
315.0,20250101.0,126.0,0.0,0.0,1.0,12.0,3.0,22.0,
315.0,20250501.0,189.0,0.0,0.0,1.0,16.0,3.0,22.0,
315.0,20240801.0,198.0,0.0,0.0,1.0,7.0,3.0,22.0,
315.0,20241101.0,189.0,0.0,0.0,1.0,10.0,3.0,22.0,
315.0,20241001.0,198.0,0.0,0.0,1.0,9.0,3.0,22.0,
315.0,20240601.0,0.0,0.0,0.0,1.0,5.0,3.0,22.0,
315.0,20250301.0,126.0,0.0,0.0,1.0,14.0,3.0,22.0,
315.0,20241201.0,157.5,0.0,0.0,1.0,11.0,3.0,22.0,
315.0,20240901.0,189.0,0.0,0.0,1.0,8.0,3.0,22.0,
315.0,20240101.0,144.0,0.0,0.0,1.0,0.0,3.0,22.0,
315.0,20250601.0,171.0,0.0,0.0,1.0,17.0,3.0,22.0,
315.0,20250201.0,180.0,0.0,0.0,1.0,13.0,3.0,22.0,
315.0,20250401.0,180.0,0.0,0.0,1.0,15.0,3.0,22.0,
316.0,20250101.0,16.17,0.0,0.0,1.0,12.0,4.0,22.0,
316.0,20250101.0,126.0,0.0,0.0,1.0,12.0,4.0,22.0,
316.0,20250501.0,0.0,0.0,0.0,1.0,16.0,4.0,22.0,
316.0,20240801.0,146.42,0.0,0.0,1.0,7.0,4.0,22.0,
316.0,20241101.0,0.0,0.0,0.0,1.0,10.0,4.0,22.0,
316.0,20241001.0,8.5,0.0,0.0,1.0,9.0,4.0,22.0,
316.0,20250301.0,0.0,0.0,0.0,1.0,14.0,4.0,22.0,
316.0,20241201.0,9.0,0.0,0.0,1.0,11.0,4.0,22.0,
316.0,20240901.0,0.0,0.0,0.0,1.0,8.0,4.0,22.0,
316.0,20240101.0,63.0,0.0,0.0,1.0,0.0,4.0,22.0,
316.0,20250601.0,36.0,0.0,0.0,1.0,17.0,4.0,22.0,
316.0,20250201.0,17.05,0.0,0.0,1.0,13.0,4.0,22.0,
316.0,20250401.0,0.0,0.0,0.0,1.0,15.0,4.0,22.0,
317.0,20250101.0,99.0,0.0,0.0,1.0,12.0,3.0,22.0,
317.0,20240801.0,198.0,0.0,0.0,1.0,7.0,3.0,22.0,
317.0,20241101.0,180.0,0.0,0.0,1.0,10.0,3.0,22.0,
317.0,20241001.0,207.0,0.0,0.0,1.0,9.0,3.0,22.0,
317.0,20240601.0,0.0,0.0,0.0,1.0,5.0,3.0,22.0,
317.0,20241201.0,144.0,0.0,0.0,1.0,11.0,3.0,22.0,
317.0,20240901.0,189.0,0.0,0.0,1.0,8.0,3.0,22.0,
317.0,20240101.0,135.0,0.0,0.0,1.0,0.0,3.0,22.0,
317.0,20250201.0,0.0,0.0,0.0,1.0,13.0,3.0,22.0,
318.0,20250101.0,197.27,0.0,0.0,1.0,12.0,1.0,1.0,
318.0,20250101.0,85.87,0.0,0.0,1.0,12.0,1.0,1.0,
318.0,20250501.0,171.2,0.0,0.0,1.0,16.0,1.0,1.0,
318.0,20240801.0,109.19,0.0,0.0,1.0,7.0,1.0,1.0,
318.0,20241101.0,196.67,0.0,0.0,1.0,10.0,1.0,1.0,
318.0,20241001.0,187.63,0.0,0.0,1.0,9.0,1.0,1.0,
318.0,20240601.0,0.0,0.0,0.0,1.0,5.0,1.0,1.0,
318.0,20250301.0,124.46,0.0,0.0,1.0,14.0,1.0,1.0,
318.0,20241201.0,185.15,0.0,0.0,1.0,11.0,1.0,1.0,
318.0,20240901.0,195.37,0.0,0.0,1.0,8.0,1.0,1.0,
318.0,20240101.0,104.02,0.0,0.0,1.0,0.0,1.0,1.0,
318.0,20250601.0,18.12,0.0,0.0,1.0,17.0,1.0,1.0,
318.0,20250201.0,164.77,0.0,0.0,1.0,13.0,1.0,1.0,
318.0,20250401.0,170.98,0.0,0.0,1.0,15.0,1.0,1.0,
319.0,20250101.0,198.72,0.0,0.0,1.0,12.0,2.0,22.0,
319.0,20250101.0,126.28,0.0,0.0,1.0,12.0,2.0,22.0,
319.0,20250501.0,188.63,0.0,0.0,1.0,16.0,2.0,22.0,
319.0,20240801.0,197.59,0.0,0.0,1.0,7.0,2.0,22.0,
319.0,20241101.0,189.42,0.0,0.0,1.0,10.0,2.0,22.0,
319.0,20241001.0,208.71,0.0,0.0,1.0,9.0,2.0,22.0,
319.0,20240601.0,0.0,0.0,0.0,1.0,5.0,2.0,22.0,
319.0,20250301.0,137.76,0.0,0.0,1.0,14.0,2.0,22.0,
319.0,20241201.0,186.18,0.0,0.0,1.0,11.0,2.0,22.0,
319.0,20240901.0,191.13,0.0,0.0,1.0,8.0,2.0,22.0,
319.0,20240101.0,101.25,0.0,0.0,1.0,0.0,2.0,22.0,
319.0,20250601.0,167.88,0.0,0.0,1.0,17.0,2.0,22.0,
319.0,20250201.0,181.96,0.0,0.0,1.0,13.0,2.0,22.0,
319.0,20250401.0,180.92,0.0,0.0,1.0,15.0,2.0,22.0,
320.0,20250101.0,199.42,0.0,0.0,1.0,12.0,2.0,15.0,
320.0,20250101.0,116.84,0.0,0.0,1.0,12.0,2.0,15.0,
320.0,20250501.0,180.06,0.0,0.0,1.0,16.0,2.0,15.0,
320.0,20240801.0,198.67,0.0,0.0,1.0,7.0,2.0,15.0,
320.0,20241101.0,180.94,0.0,0.0,1.0,10.0,2.0,15.0,
320.0,20241001.0,180.64,0.0,0.0,1.0,9.0,2.0,15.0,
320.0,20250301.0,134.16,0.0,0.0,1.0,14.0,2.0,15.0,
320.0,20241201.0,167.62,0.0,0.0,1.0,11.0,2.0,15.0,
320.0,20240901.0,189.93,0.0,0.0,1.0,8.0,2.0,15.0,
320.0,20240101.0,27.1,0.0,0.0,1.0,0.0,2.0,15.0,
320.0,20250601.0,137.85,0.0,0.0,1.0,17.0,2.0,15.0,
320.0,20250201.0,172.19,0.0,0.0,1.0,13.0,2.0,15.0,
320.0,20250401.0,189.77,0.0,0.0,1.0,15.0,2.0,15.0,
321.0,20250101.0,168.45,0.0,0.0,1.0,12.0,2.0,15.0,
321.0,20250101.0,76.31,0.0,0.0,1.0,12.0,2.0,15.0,
321.0,20250501.0,168.36,0.0,0.0,1.0,16.0,2.0,15.0,
321.0,20240801.0,177.61,0.0,0.0,1.0,7.0,2.0,15.0,
321.0,20241101.0,170.68,0.0,0.0,1.0,10.0,2.0,15.0,
321.0,20241001.0,203.76,0.0,0.0,1.0,9.0,2.0,15.0,
321.0,20250301.0,119.6,0.0,0.0,1.0,14.0,2.0,15.0,
321.0,20241201.0,147.09,0.0,0.0,1.0,11.0,2.0,15.0,
321.0,20240901.0,171.64,0.0,0.0,1.0,8.0,2.0,15.0,
321.0,20240101.0,0.0,0.0,0.0,1.0,0.0,2.0,15.0,
321.0,20250601.0,132.2,0.0,0.0,1.0,17.0,2.0,15.0,
321.0,20250201.0,149.1,0.0,0.0,1.0,13.0,2.0,15.0,
321.0,20250401.0,165.91,0.0,0.0,1.0,15.0,2.0,15.0,
322.0,20250101.0,180.0,0.0,0.0,1.0,12.0,3.0,7.0,
322.0,20250101.0,108.0,0.0,0.0,1.0,12.0,3.0,7.0,
322.0,20250501.0,189.0,0.0,0.0,1.0,16.0,3.0,7.0,
322.0,20240801.0,90.0,0.0,0.0,1.0,7.0,3.0,7.0,
322.0,20241101.0,189.0,0.0,0.0,1.0,10.0,3.0,7.0,
322.0,20241001.0,189.0,0.0,0.0,1.0,9.0,3.0,7.0,
322.0,20250301.0,119.0,0.0,0.0,1.0,14.0,3.0,7.0,
322.0,20241201.0,126.0,0.0,0.0,1.0,11.0,3.0,7.0,
322.0,20240901.0,189.0,0.0,0.0,1.0,8.0,3.0,7.0,
322.0,20240101.0,0.0,0.0,0.0,1.0,0.0,3.0,7.0,
322.0,20250601.0,177.0,0.0,0.0,1.0,17.0,3.0,7.0,
322.0,20250201.0,162.0,0.0,0.0,1.0,13.0,3.0,7.0,
322.0,20250401.0,189.0,0.0,0.0,1.0,15.0,3.0,7.0,
323.0,20250101.0,192.27,0.0,0.0,1.0,12.0,1.0,1.0,
323.0,20250101.0,127.6,0.0,0.0,1.0,12.0,1.0,1.0,
323.0,20250501.0,184.77,0.0,0.0,1.0,16.0,1.0,1.0,
323.0,20240801.0,91.82,0.0,0.0,1.0,7.0,1.0,1.0,
323.0,20241101.0,193.7,0.0,0.0,1.0,10.0,1.0,1.0,
323.0,20241001.0,200.71,0.0,0.0,1.0,9.0,1.0,1.0,
323.0,20250301.0,130.43,0.0,0.0,1.0,14.0,1.0,1.0,
323.0,20241201.0,161.72,0.0,0.0,1.0,11.0,1.0,1.0,
323.0,20240901.0,191.12,0.0,0.0,1.0,8.0,1.0,1.0,
323.0,20240101.0,0.0,0.0,0.0,1.0,0.0,1.0,1.0,
323.0,20250601.0,181.59,0.0,0.0,1.0,17.0,1.0,1.0,
323.0,20250201.0,175.45,0.0,0.0,1.0,13.0,1.0,1.0,
323.0,20250401.0,194.45,0.0,0.0,1.0,15.0,1.0,1.0,
324.0,20250101.0,180.0,0.0,0.0,1.0,4.0,3.0,13.0,
324.0,20250101.0,126.0,0.0,0.0,1.0,4.0,3.0,13.0,
324.0,20250501.0,189.0,0.0,0.0,1.0,8.0,3.0,13.0,
324.0,20241101.0,189.0,0.0,0.0,1.0,2.0,3.0,13.0,
324.0,20241001.0,207.0,0.0,0.0,1.0,1.0,3.0,13.0,
324.0,20250301.0,133.0,0.0,0.0,1.0,6.0,3.0,13.0,
324.0,20241201.0,144.0,0.0,0.0,1.0,3.0,3.0,13.0,
324.0,20240901.0,54.0,0.0,0.0,1.0,0.0,3.0,13.0,
324.0,20250601.0,177.0,0.0,0.0,1.0,9.0,3.0,13.0,
324.0,20250201.0,180.0,0.0,0.0,1.0,5.0,3.0,13.0,
324.0,20250401.0,189.0,0.0,0.0,1.0,7.0,3.0,13.0,
15.0,20250101.0,185.93,0.0,0.0,1.0,36.0,1.0,3.0,
15.0,20250101.0,128.52,0.0,0.0,1.0,36.0,1.0,3.0,
15.0,20231001.0,203.8,0.0,0.0,1.0,21.0,1.0,3.0,
15.0,20220101.0,157.36,0.0,0.0,1.0,0.0,1.0,3.0,
15.0,20230401.0,125.26,0.0,0.0,1.0,15.0,1.0,3.0,
15.0,20230301.0,178.21,0.0,0.0,1.0,14.0,1.0,3.0,
15.0,20250501.0,190.62,0.0,0.0,1.0,40.0,1.0,3.0,
15.0,20230101.0,190.41,0.0,0.0,1.0,12.0,1.0,3.0,
15.0,20240801.0,91.96,0.0,0.0,1.0,31.0,1.0,3.0,
15.0,20241101.0,192.99,0.0,0.0,1.0,34.0,1.0,3.0,
15.0,20220501.0,181.76,0.0,0.0,1.0,4.0,1.0,3.0,
15.0,20241001.0,204.68,0.0,0.0,1.0,33.0,1.0,3.0,
15.0,20240601.0,165.04,0.0,0.0,1.0,29.0,1.0,3.0,
15.0,20250301.0,134.68,0.0,0.0,1.0,38.0,1.0,3.0,
15.0,20230201.0,180.28,0.0,0.0,1.0,13.0,1.0,3.0,
15.0,20240201.0,190.77,0.0,0.0,1.0,25.0,1.0,3.0,
15.0,20230101.0,173.27,0.0,0.0,1.0,12.0,1.0,3.0,
15.0,20240301.0,100.36,0.0,0.0,1.0,26.0,1.0,3.0,
15.0,20220401.0,128.55,0.0,0.0,1.0,3.0,1.0,3.0,
15.0,20220601.0,181.86,0.0,0.0,1.0,5.0,1.0,3.0,
15.0,20241201.0,171.33,0.0,0.0,1.0,35.0,1.0,3.0,
15.0,20230801.0,109.7,0.0,0.0,1.0,19.0,1.0,3.0,
15.0,20240901.0,156.45,0.0,0.0,1.0,32.0,1.0,3.0,
15.0,20231201.0,174.58,0.0,0.0,1.0,23.0,1.0,3.0,
15.0,20221001.0,185.66,0.0,0.0,1.0,9.0,1.0,3.0,
15.0,20240101.0,198.89,0.0,0.0,1.0,24.0,1.0,3.0,
15.0,20230501.0,193.54,0.0,0.0,1.0,16.0,1.0,3.0,
15.0,20250601.0,172.35,0.0,0.0,1.0,41.0,1.0,3.0,
15.0,20230901.0,183.41,0.0,0.0,1.0,20.0,1.0,3.0,
15.0,20240401.0,142.01,0.0,0.0,1.0,27.0,1.0,3.0,
15.0,20231101.0,199.71,0.0,0.0,1.0,22.0,1.0,3.0,
15.0,20250201.0,176.85,0.0,0.0,1.0,37.0,1.0,3.0,
15.0,20230601.0,171.35,0.0,0.0,1.0,17.0,1.0,3.0,
15.0,20250401.0,193.34,0.0,0.0,1.0,39.0,1.0,3.0,
15.0,20221201.0,170.59,0.0,0.0,1.0,11.0,1.0,3.0,
15.0,20220301.0,187.12,0.0,0.0,1.0,1.0,1.0,3.0,
15.0,20221101.0,198.59,0.0,0.0,1.0,10.0,1.0,3.0,
15.0,20220201.0,155.03,0.0,0.0,1.0,1.0,1.0,3.0,
15.0,20240101.0,192.11,0.0,0.0,1.0,24.0,1.0,3.0,
15.0,20240501.0,202.68,0.0,0.0,1.0,28.0,1.0,3.0,
15.0,20220101.0,177.12,0.0,0.0,1.0,0.0,1.0,3.0,
15.0,20220901.0,199.46,0.0,0.0,1.0,8.0,1.0,3.0,
325.0,20250101.0,180.0,0.0,0.0,1.0,4.0,3.0,17.0,
325.0,20250101.0,126.0,0.0,0.0,1.0,4.0,3.0,17.0,
325.0,20250501.0,189.0,0.0,0.0,1.0,8.0,3.0,17.0,
325.0,20241101.0,189.0,0.0,0.0,1.0,2.0,3.0,17.0,
325.0,20241001.0,207.0,0.0,0.0,1.0,1.0,3.0,17.0,
325.0,20250301.0,133.0,0.0,0.0,1.0,6.0,3.0,17.0,
325.0,20241201.0,162.0,0.0,0.0,1.0,3.0,3.0,17.0,
325.0,20240901.0,54.0,0.0,0.0,1.0,0.0,3.0,17.0,
325.0,20250601.0,177.0,0.0,0.0,1.0,9.0,3.0,17.0,
325.0,20250201.0,180.0,0.0,0.0,1.0,5.0,3.0,17.0,
325.0,20250401.0,180.0,0.0,0.0,1.0,7.0,3.0,17.0,
326.0,20250101.0,180.0,0.0,0.0,1.0,3.0,3.0,17.0,
326.0,20250101.0,126.0,0.0,0.0,1.0,3.0,3.0,17.0,
326.0,20250501.0,189.0,0.0,0.0,1.0,7.0,3.0,17.0,
326.0,20241101.0,135.0,0.0,0.0,1.0,1.0,3.0,17.0,
326.0,20241001.0,0.0,0.0,0.0,1.0,0.0,3.0,17.0,
326.0,20250301.0,133.0,0.0,0.0,1.0,5.0,3.0,17.0,
326.0,20241201.0,171.0,0.0,0.0,1.0,2.0,3.0,17.0,
326.0,20250601.0,177.0,0.0,0.0,1.0,8.0,3.0,17.0,
326.0,20250201.0,180.0,0.0,0.0,1.0,4.0,3.0,17.0,
326.0,20250401.0,180.0,0.0,0.0,1.0,6.0,3.0,17.0,
327.0,20250101.0,192.42,0.0,0.0,1.0,2.0,1.0,8.0,
327.0,20250101.0,109.72,0.0,0.0,1.0,2.0,1.0,8.0,
327.0,20250501.0,187.21,0.0,0.0,1.0,6.0,1.0,8.0,
327.0,20241101.0,0.0,0.0,0.0,1.0,0.0,1.0,8.0,
327.0,20250301.0,126.2,0.0,0.0,1.0,4.0,1.0,8.0,
327.0,20241201.0,147.77,0.0,0.0,1.0,1.0,1.0,8.0,
327.0,20250601.0,192.68,0.0,0.0,1.0,7.0,1.0,8.0,
327.0,20250201.0,166.8,0.0,0.0,1.0,3.0,1.0,8.0,
327.0,20250401.0,190.37,0.0,0.0,1.0,5.0,1.0,8.0,
328.0,20250101.0,180.0,0.0,0.0,1.0,1.0,3.0,13.0,
328.0,20250101.0,126.0,0.0,0.0,1.0,1.0,3.0,13.0,
328.0,20250501.0,180.0,0.0,0.0,1.0,5.0,3.0,13.0,
328.0,20250301.0,133.0,0.0,0.0,1.0,3.0,3.0,13.0,
328.0,20241201.0,58.5,0.0,0.0,1.0,0.0,3.0,13.0,
328.0,20250601.0,177.0,0.0,0.0,1.0,6.0,3.0,13.0,
328.0,20250201.0,180.0,0.0,0.0,1.0,2.0,3.0,13.0,
328.0,20250401.0,180.0,0.0,0.0,1.0,4.0,3.0,13.0,
329.0,20250101.0,180.0,0.0,0.0,1.0,1.0,3.0,22.0,
329.0,20250101.0,117.0,0.0,0.0,1.0,1.0,3.0,22.0,
329.0,20250501.0,180.0,0.0,0.0,1.0,5.0,3.0,22.0,
329.0,20250301.0,126.0,0.0,0.0,1.0,3.0,3.0,22.0,
329.0,20241201.0,58.5,0.0,0.0,1.0,0.0,3.0,22.0,
329.0,20250601.0,177.0,0.0,0.0,1.0,6.0,3.0,22.0,
329.0,20250201.0,180.0,0.0,0.0,1.0,2.0,3.0,22.0,
329.0,20250401.0,189.0,0.0,0.0,1.0,4.0,3.0,22.0,
330.0,20250101.0,198.0,0.0,0.0,1.0,1.0,3.0,22.0,
330.0,20250101.0,126.0,0.0,0.0,1.0,1.0,3.0,22.0,
330.0,20250501.0,189.0,0.0,0.0,1.0,5.0,3.0,22.0,
330.0,20250301.0,133.0,0.0,0.0,1.0,3.0,3.0,22.0,
330.0,20241201.0,0.0,0.0,0.0,1.0,0.0,3.0,22.0,
330.0,20250601.0,177.0,0.0,0.0,1.0,6.0,3.0,22.0,
330.0,20250201.0,153.0,0.0,0.0,1.0,2.0,3.0,22.0,
330.0,20250401.0,189.0,0.0,0.0,1.0,4.0,3.0,22.0,
331.0,20250101.0,162.0,0.0,0.0,1.0,1.0,3.0,22.0,
331.0,20250101.0,126.0,0.0,0.0,1.0,1.0,3.0,22.0,
331.0,20250501.0,189.0,0.0,0.0,1.0,5.0,3.0,22.0,
331.0,20250301.0,105.0,0.0,0.0,1.0,3.0,3.0,22.0,
331.0,20241201.0,0.0,0.0,0.0,1.0,0.0,3.0,22.0,
331.0,20250601.0,177.0,0.0,0.0,1.0,6.0,3.0,22.0,
331.0,20250201.0,180.0,0.0,0.0,1.0,2.0,3.0,22.0,
331.0,20250401.0,189.0,0.0,0.0,1.0,4.0,3.0,22.0,
332.0,20250101.0,153.0,0.0,0.0,1.0,1.0,3.0,22.0,
332.0,20250101.0,126.0,0.0,0.0,1.0,1.0,3.0,22.0,
332.0,20250501.0,171.0,0.0,0.0,1.0,5.0,3.0,22.0,
332.0,20250301.0,133.0,0.0,0.0,1.0,3.0,3.0,22.0,
332.0,20241201.0,0.0,0.0,0.0,1.0,0.0,3.0,22.0,
332.0,20250601.0,177.0,0.0,0.0,1.0,6.0,3.0,22.0,
332.0,20250201.0,180.0,0.0,0.0,1.0,2.0,3.0,22.0,
332.0,20250401.0,180.0,0.0,0.0,1.0,4.0,3.0,22.0,
333.0,20250101.0,162.0,0.0,0.0,1.0,1.0,3.0,22.0,
333.0,20250301.0,133.0,0.0,0.0,1.0,3.0,3.0,22.0,
333.0,20241201.0,0.0,0.0,0.0,1.0,0.0,3.0,22.0,
333.0,20250201.0,162.0,0.0,0.0,1.0,2.0,3.0,22.0,
333.0,20250401.0,45.0,0.0,0.0,1.0,4.0,3.0,22.0,
334.0,20250101.0,162.0,0.0,0.0,1.0,1.0,3.0,22.0,
334.0,20250101.0,126.0,0.0,0.0,1.0,1.0,3.0,22.0,
334.0,20250501.0,189.0,0.0,0.0,1.0,5.0,3.0,22.0,
334.0,20250301.0,133.0,0.0,0.0,1.0,3.0,3.0,22.0,
334.0,20241201.0,0.0,0.0,0.0,1.0,0.0,3.0,22.0,
334.0,20250601.0,177.0,0.0,0.0,1.0,6.0,3.0,22.0,
334.0,20250201.0,171.0,0.0,0.0,1.0,2.0,3.0,22.0,
334.0,20250401.0,171.0,0.0,0.0,1.0,4.0,3.0,22.0,
335.0,20250101.0,72.0,0.0,0.0,1.0,1.0,3.0,22.0,
335.0,20241201.0,0.0,0.0,0.0,1.0,0.0,3.0,22.0,
335.0,20250201.0,0.0,0.0,0.0,1.0,2.0,3.0,22.0,
336.0,20250101.0,135.0,0.0,0.0,1.0,1.0,3.0,22.0,
336.0,20250101.0,126.0,0.0,0.0,1.0,1.0,3.0,22.0,
336.0,20250501.0,189.0,0.0,0.0,1.0,5.0,3.0,22.0,
336.0,20250301.0,133.0,0.0,0.0,1.0,3.0,3.0,22.0,
336.0,20241201.0,0.0,0.0,0.0,1.0,0.0,3.0,22.0,
336.0,20250601.0,168.0,0.0,0.0,1.0,6.0,3.0,22.0,
336.0,20250201.0,180.0,0.0,0.0,1.0,2.0,3.0,22.0,
336.0,20250401.0,189.0,0.0,0.0,1.0,4.0,3.0,22.0,
337.0,20250101.0,81.0,0.0,0.0,1.0,0.0,3.0,14.0,
337.0,20250101.0,126.0,0.0,0.0,1.0,0.0,3.0,14.0,
337.0,20250501.0,175.5,0.0,0.0,1.0,4.0,3.0,14.0,
337.0,20250301.0,133.0,0.0,0.0,1.0,1.0,3.0,14.0,
337.0,20250601.0,168.0,0.0,0.0,1.0,5.0,3.0,14.0,
337.0,20250201.0,171.0,0.0,0.0,1.0,1.0,3.0,14.0,
337.0,20250401.0,189.0,0.0,0.0,1.0,3.0,3.0,14.0,
338.0,20250101.0,81.0,0.0,0.0,1.0,0.0,3.0,14.0,
338.0,20250101.0,126.0,0.0,0.0,1.0,0.0,3.0,14.0,
338.0,20250501.0,189.0,0.0,0.0,1.0,4.0,3.0,14.0,
338.0,20250301.0,126.0,0.0,0.0,1.0,1.0,3.0,14.0,
338.0,20250601.0,177.0,0.0,0.0,1.0,5.0,3.0,14.0,
338.0,20250201.0,180.0,0.0,0.0,1.0,1.0,3.0,14.0,
338.0,20250401.0,189.0,0.0,0.0,1.0,3.0,3.0,14.0,
339.0,20250101.0,81.0,0.0,0.0,1.0,0.0,3.0,14.0,
339.0,20250101.0,117.0,0.0,0.0,1.0,0.0,3.0,14.0,
339.0,20250501.0,189.0,0.0,0.0,1.0,4.0,3.0,14.0,
339.0,20250301.0,126.0,0.0,0.0,1.0,1.0,3.0,14.0,
339.0,20250601.0,168.0,0.0,0.0,1.0,5.0,3.0,14.0,
339.0,20250201.0,180.0,0.0,0.0,1.0,1.0,3.0,14.0,
339.0,20250401.0,189.0,0.0,0.0,1.0,3.0,3.0,14.0,
340.0,20250101.0,81.0,0.0,0.0,1.0,0.0,3.0,22.0,
340.0,20250101.0,126.0,0.0,0.0,1.0,0.0,3.0,22.0,
340.0,20250501.0,189.0,0.0,0.0,1.0,4.0,3.0,22.0,
340.0,20250301.0,133.0,0.0,0.0,1.0,1.0,3.0,22.0,
340.0,20250601.0,159.0,0.0,0.0,1.0,5.0,3.0,22.0,
340.0,20250201.0,180.0,0.0,0.0,1.0,1.0,3.0,22.0,
340.0,20250401.0,171.0,0.0,0.0,1.0,3.0,3.0,22.0,
341.0,20250101.0,81.0,0.0,0.0,1.0,0.0,3.0,14.0,
341.0,20250101.0,117.0,0.0,0.0,1.0,0.0,3.0,14.0,
341.0,20250501.0,189.0,0.0,0.0,1.0,4.0,3.0,14.0,
341.0,20250301.0,133.0,0.0,0.0,1.0,1.0,3.0,14.0,
341.0,20250601.0,177.0,0.0,0.0,1.0,5.0,3.0,14.0,
341.0,20250201.0,180.0,0.0,0.0,1.0,1.0,3.0,14.0,
341.0,20250401.0,180.0,0.0,0.0,1.0,3.0,3.0,14.0,
342.0,20250101.0,45.0,0.0,0.0,1.0,0.0,3.0,14.0,
342.0,20250101.0,126.0,0.0,0.0,1.0,0.0,3.0,14.0,
342.0,20250501.0,189.0,0.0,0.0,1.0,4.0,3.0,14.0,
342.0,20250301.0,133.0,0.0,0.0,1.0,1.0,3.0,14.0,
342.0,20250601.0,171.0,0.0,0.0,1.0,5.0,3.0,14.0,
342.0,20250201.0,180.0,0.0,0.0,1.0,1.0,3.0,14.0,
342.0,20250401.0,189.0,0.0,0.0,1.0,3.0,3.0,14.0,
343.0,20250101.0,45.0,0.0,0.0,1.0,0.0,3.0,14.0,
343.0,20250101.0,126.0,0.0,0.0,1.0,0.0,3.0,14.0,
343.0,20250501.0,189.0,0.0,0.0,1.0,4.0,3.0,14.0,
343.0,20250301.0,119.0,0.0,0.0,1.0,1.0,3.0,14.0,
343.0,20250601.0,177.0,0.0,0.0,1.0,5.0,3.0,14.0,
343.0,20250201.0,180.0,0.0,0.0,1.0,1.0,3.0,14.0,
343.0,20250401.0,189.0,0.0,0.0,1.0,3.0,3.0,14.0,
344.0,20250101.0,45.0,0.0,0.0,1.0,0.0,3.0,14.0,
344.0,20250501.0,117.0,0.0,0.0,1.0,4.0,3.0,14.0,
344.0,20250301.0,133.0,0.0,0.0,1.0,1.0,3.0,14.0,
344.0,20250601.0,0.0,0.0,0.0,1.0,5.0,3.0,14.0,
344.0,20250201.0,180.0,0.0,0.0,1.0,1.0,3.0,14.0,
344.0,20250401.0,180.0,0.0,0.0,1.0,3.0,3.0,14.0,
345.0,20250101.0,45.0,0.0,0.0,1.0,0.0,3.0,22.0,
345.0,20250101.0,117.0,0.0,0.0,1.0,0.0,3.0,22.0,
345.0,20250501.0,189.0,0.0,0.0,1.0,4.0,3.0,22.0,
345.0,20250301.0,133.0,0.0,0.0,1.0,1.0,3.0,22.0,
345.0,20250601.0,177.0,0.0,0.0,1.0,5.0,3.0,22.0,
345.0,20250201.0,180.0,0.0,0.0,1.0,1.0,3.0,22.0,
345.0,20250401.0,171.0,0.0,0.0,1.0,3.0,3.0,22.0,
346.0,20250101.0,0.0,0.0,0.0,1.0,0.0,2.0,22.0,
346.0,20250101.0,47.11,0.0,0.0,1.0,0.0,2.0,22.0,
346.0,20250501.0,196.27,0.0,0.0,1.0,4.0,2.0,22.0,
346.0,20250301.0,156.58,0.0,0.0,1.0,1.0,2.0,22.0,
346.0,20250601.0,193.96,0.0,0.0,1.0,5.0,2.0,22.0,
346.0,20250201.0,195.07,0.0,0.0,1.0,1.0,2.0,22.0,
346.0,20250401.0,209.89,0.0,0.0,1.0,3.0,2.0,22.0,
347.0,20250101.0,0.0,0.0,0.0,1.0,0.0,5.0,22.0,
347.0,20250101.0,107.02,0.0,0.0,1.0,0.0,5.0,22.0,
347.0,20250501.0,187.3,0.0,0.0,1.0,4.0,5.0,22.0,
347.0,20250301.0,142.19,0.0,0.0,1.0,1.0,5.0,22.0,
347.0,20250601.0,174.94,0.0,0.0,1.0,5.0,5.0,22.0,
347.0,20250201.0,177.9,0.0,0.0,1.0,1.0,5.0,22.0,
347.0,20250401.0,195.25,0.0,0.0,1.0,3.0,5.0,22.0,
348.0,20250101.0,0.0,0.0,0.0,1.0,0.0,4.0,22.0,
348.0,20250101.0,34.26,0.0,0.0,1.0,0.0,4.0,22.0,
348.0,20250501.0,139.27,0.0,0.0,1.0,4.0,4.0,22.0,
348.0,20250301.0,88.74,0.0,0.0,1.0,1.0,4.0,22.0,
348.0,20250601.0,135.2,0.0,0.0,1.0,5.0,4.0,22.0,
348.0,20250201.0,175.88,0.0,0.0,1.0,1.0,4.0,22.0,
348.0,20250401.0,131.63,0.0,0.0,1.0,3.0,4.0,22.0,
349.0,20250101.0,0.0,0.0,0.0,1.0,0.0,3.0,22.0,
349.0,20250101.0,126.0,0.0,0.0,1.0,0.0,3.0,22.0,
349.0,20250501.0,180.0,0.0,0.0,1.0,4.0,3.0,22.0,
349.0,20250301.0,133.0,0.0,0.0,1.0,1.0,3.0,22.0,
349.0,20250601.0,177.0,0.0,0.0,1.0,5.0,3.0,22.0,
349.0,20250201.0,144.0,0.0,0.0,1.0,1.0,3.0,22.0,
349.0,20250401.0,189.0,0.0,0.0,1.0,3.0,3.0,22.0,
350.0,20250101.0,0.0,0.0,0.0,1.0,0.0,2.0,22.0,
350.0,20250101.0,116.44,0.0,0.0,1.0,0.0,2.0,22.0,
350.0,20250501.0,155.81,0.0,0.0,1.0,4.0,2.0,22.0,
350.0,20250301.0,130.69,0.0,0.0,1.0,1.0,2.0,22.0,
350.0,20250601.0,114.74,0.0,0.0,1.0,5.0,2.0,22.0,
350.0,20250201.0,109.66,0.0,0.0,1.0,1.0,2.0,22.0,
350.0,20250401.0,166.07,0.0,0.0,1.0,3.0,2.0,22.0,
351.0,20250101.0,0.0,0.0,0.0,1.0,0.0,3.0,22.0,
351.0,20250101.0,126.0,0.0,0.0,1.0,0.0,3.0,22.0,
351.0,20250501.0,189.0,0.0,0.0,1.0,4.0,3.0,22.0,
351.0,20250301.0,133.0,0.0,0.0,1.0,1.0,3.0,22.0,
351.0,20250601.0,177.0,0.0,0.0,1.0,5.0,3.0,22.0,
351.0,20250201.0,126.0,0.0,0.0,1.0,1.0,3.0,22.0,
351.0,20250401.0,189.0,0.0,0.0,1.0,3.0,3.0,22.0,
563.0,20250501.0,0.0,0.0,0.0,1.0,2.0,1.0,3.0,
563.0,20250301.0,128.52,0.0,0.0,1.0,0.0,1.0,3.0,
563.0,20250201.0,45.4,0.0,0.0,1.0,0.0,1.0,3.0,
563.0,20250401.0,139.1,0.0,0.0,1.0,1.0,1.0,3.0,
376.0,20250101.0,134.85,0.0,0.0,1.0,0.0,1.0,3.0,
376.0,20250501.0,0.0,0.0,0.0,1.0,4.0,1.0,3.0,
376.0,20250301.0,144.75,0.0,0.0,1.0,1.0,1.0,3.0,
376.0,20250601.0,0.0,0.0,0.0,1.0,5.0,1.0,3.0,
376.0,20250201.0,38.15,0.0,0.0,1.0,1.0,1.0,3.0,
376.0,20250401.0,146.02,0.0,0.0,1.0,3.0,1.0,3.0,
377.0,20250101.0,126.0,0.0,0.0,1.0,0.0,3.0,22.0,
377.0,20250501.0,189.0,0.0,0.0,1.0,4.0,3.0,22.0,
377.0,20250301.0,133.0,0.0,0.0,1.0,1.0,3.0,22.0,
377.0,20250601.0,177.0,0.0,0.0,1.0,5.0,3.0,22.0,
377.0,20250201.0,45.0,0.0,0.0,1.0,1.0,3.0,22.0,
377.0,20250401.0,189.0,0.0,0.0,1.0,3.0,3.0,22.0,
378.0,20250101.0,126.0,0.0,0.0,1.0,0.0,3.0,13.0,
378.0,20250501.0,189.0,0.0,0.0,1.0,4.0,3.0,13.0,
378.0,20250301.0,133.0,0.0,0.0,1.0,1.0,3.0,13.0,
378.0,20250601.0,171.0,0.0,0.0,1.0,5.0,3.0,13.0,
378.0,20250201.0,0.0,0.0,0.0,1.0,1.0,3.0,13.0,
378.0,20250401.0,189.0,0.0,0.0,1.0,3.0,3.0,13.0,
379.0,20250101.0,117.0,0.0,0.0,1.0,0.0,3.0,22.0,
379.0,20250501.0,189.0,0.0,0.0,1.0,4.0,3.0,22.0,
379.0,20250301.0,35.0,0.0,0.0,1.0,1.0,3.0,22.0,
379.0,20250601.0,177.0,0.0,0.0,1.0,5.0,3.0,22.0,
379.0,20250401.0,189.0,0.0,0.0,1.0,3.0,3.0,22.0,
380.0,20250101.0,126.0,0.0,0.0,1.0,0.0,3.0,22.0,
380.0,20250501.0,189.0,0.0,0.0,1.0,4.0,3.0,22.0,
380.0,20250601.0,177.0,0.0,0.0,1.0,5.0,3.0,22.0,
380.0,20250401.0,72.0,0.0,0.0,1.0,3.0,3.0,22.0,
381.0,20250101.0,117.0,0.0,0.0,1.0,0.0,3.0,22.0,
381.0,20250501.0,189.0,0.0,0.0,1.0,4.0,3.0,22.0,
381.0,20250601.0,168.0,0.0,0.0,1.0,5.0,3.0,22.0,
381.0,20250401.0,27.0,0.0,0.0,1.0,3.0,3.0,22.0,
382.0,20250101.0,126.0,0.0,0.0,1.0,0.0,3.0,22.0,
382.0,20250501.0,162.0,0.0,0.0,1.0,4.0,3.0,22.0,
382.0,20250601.0,177.0,0.0,0.0,1.0,5.0,3.0,22.0,
382.0,20250401.0,0.0,0.0,0.0,1.0,3.0,3.0,22.0,
383.0,20250101.0,126.0,0.0,0.0,1.0,0.0,3.0,22.0,
383.0,20250501.0,162.0,0.0,0.0,1.0,4.0,3.0,22.0,
383.0,20250601.0,177.0,0.0,0.0,1.0,5.0,3.0,22.0,
383.0,20250401.0,0.0,0.0,0.0,1.0,3.0,3.0,22.0,
384.0,20250101.0,132.08,0.0,0.0,1.0,0.0,4.0,22.0,
384.0,20250501.0,0.0,0.0,0.0,1.0,4.0,4.0,22.0,
384.0,20250601.0,127.34,0.0,0.0,1.0,5.0,4.0,22.0,
385.0,20250101.0,117.0,0.0,0.0,1.0,0.0,3.0,14.0,
385.0,20250501.0,45.0,0.0,0.0,1.0,4.0,3.0,14.0,
385.0,20250601.0,177.0,0.0,0.0,1.0,5.0,3.0,14.0,
564.0,20250501.0,0.0,0.0,0.0,1.0,0.0,1.0,22.0,
564.0,20250601.0,45.41,0.0,0.0,1.0,1.0,1.0,22.0,
16.0,20250101.0,145.46,0.0,0.0,1.0,36.0,1.0,3.0,
16.0,20250101.0,0.0,0.0,0.0,1.0,36.0,1.0,3.0,
16.0,20231001.0,186.86,0.0,0.0,1.0,21.0,1.0,3.0,
16.0,20220101.0,53.88,0.0,0.0,1.0,0.0,1.0,3.0,
16.0,20230401.0,129.11,0.0,0.0,1.0,15.0,1.0,3.0,
16.0,20230301.0,155.74,0.0,0.0,1.0,14.0,1.0,3.0,
16.0,20250501.0,164.39,0.0,0.0,1.0,40.0,1.0,3.0,
16.0,20230101.0,178.99,0.0,0.0,1.0,12.0,1.0,3.0,
16.0,20240801.0,9.07,0.0,0.0,1.0,31.0,1.0,3.0,
16.0,20241101.0,164.24,0.0,0.0,1.0,34.0,1.0,3.0,
16.0,20220501.0,103.43,0.0,0.0,1.0,4.0,1.0,3.0,
16.0,20241001.0,208.71,0.0,0.0,1.0,33.0,1.0,3.0,
16.0,20240601.0,109.66,0.0,0.0,1.0,29.0,1.0,3.0,
16.0,20250301.0,7.15,0.0,0.0,1.0,38.0,1.0,3.0,
16.0,20230201.0,172.34,0.0,0.0,1.0,13.0,1.0,3.0,
16.0,20240201.0,45.75,0.0,0.0,1.0,25.0,1.0,3.0,
16.0,20230101.0,0.0,0.0,0.0,1.0,12.0,1.0,3.0,
16.0,20240301.0,0.0,0.0,0.0,1.0,26.0,1.0,3.0,
16.0,20220401.0,140.0,0.0,0.0,1.0,3.0,1.0,3.0,
16.0,20220601.0,0.0,0.0,0.0,1.0,5.0,1.0,3.0,
16.0,20241201.0,162.43,0.0,0.0,1.0,35.0,1.0,3.0,
16.0,20230801.0,81.8,0.0,0.0,1.0,19.0,1.0,3.0,
16.0,20240901.0,127.56,0.0,0.0,1.0,32.0,1.0,3.0,
16.0,20231201.0,43.25,0.0,0.0,1.0,23.0,1.0,3.0,
16.0,20221001.0,179.92,0.0,0.0,1.0,9.0,1.0,3.0,
16.0,20240101.0,182.89,0.0,0.0,1.0,24.0,1.0,3.0,
16.0,20230501.0,154.49,0.0,0.0,1.0,16.0,1.0,3.0,
16.0,20250601.0,61.16,0.0,0.0,1.0,41.0,1.0,3.0,
16.0,20230901.0,163.25,0.0,0.0,1.0,20.0,1.0,3.0,
16.0,20240401.0,62.56,0.0,0.0,1.0,27.0,1.0,3.0,
16.0,20231101.0,0.0,0.0,0.0,1.0,22.0,1.0,3.0,
16.0,20250201.0,164.01,0.0,0.0,1.0,37.0,1.0,3.0,
16.0,20230601.0,54.42,0.0,0.0,1.0,17.0,1.0,3.0,
16.0,20250401.0,127.6,0.0,0.0,1.0,39.0,1.0,3.0,
16.0,20221201.0,130.98,0.0,0.0,1.0,11.0,1.0,3.0,
16.0,20220301.0,161.15,0.0,0.0,1.0,1.0,1.0,3.0,
16.0,20221101.0,180.47,0.0,0.0,1.0,10.0,1.0,3.0,
16.0,20220201.0,172.47,0.0,0.0,1.0,1.0,1.0,3.0,
16.0,20240101.0,50.15,0.0,0.0,1.0,24.0,1.0,3.0,
16.0,20240501.0,180.8,0.0,0.0,1.0,28.0,1.0,3.0,
16.0,20220101.0,170.82,0.0,0.0,1.0,0.0,1.0,3.0,
16.0,20220901.0,184.76,0.0,0.0,1.0,8.0,1.0,3.0,
386.0,20250101.0,0.0,0.0,0.0,1.0,0.0,1.0,11.0,
386.0,20250501.0,0.0,0.0,0.0,1.0,4.0,1.0,11.0,
386.0,20250601.0,149.03,0.0,0.0,1.0,5.0,1.0,11.0,
387.0,20250101.0,127.69,0.0,0.0,1.0,0.0,1.0,22.0,
387.0,20250601.0,134.48,0.0,0.0,1.0,5.0,1.0,22.0,
388.0,20250101.0,126.0,0.0,0.0,1.0,0.0,3.0,22.0,
388.0,20250501.0,0.0,0.0,0.0,1.0,4.0,3.0,22.0,
388.0,20250601.0,144.0,0.0,0.0,1.0,5.0,3.0,22.0,
389.0,20250101.0,126.0,0.0,0.0,1.0,0.0,3.0,22.0,
389.0,20250501.0,0.0,0.0,0.0,1.0,4.0,3.0,22.0,
389.0,20250601.0,144.0,0.0,0.0,1.0,5.0,3.0,22.0,
390.0,20250101.0,128.54,0.0,0.0,1.0,0.0,1.0,1.0,
390.0,20250601.0,0.0,0.0,0.0,1.0,5.0,1.0,1.0,
391.0,20250101.0,108.0,0.0,0.0,1.0,0.0,3.0,14.0,
391.0,20250601.0,9.0,0.0,0.0,1.0,5.0,3.0,14.0,
392.0,20250101.0,125.98,0.0,0.0,1.0,0.0,4.0,22.0,
392.0,20250601.0,9.0,0.0,0.0,1.0,5.0,4.0,22.0,
393.0,20250101.0,126.0,0.0,0.0,1.0,0.0,3.0,22.0,
393.0,20250601.0,9.0,0.0,0.0,1.0,5.0,3.0,22.0,
394.0,20250101.0,109.79,0.0,0.0,1.0,0.0,1.0,3.0,
394.0,20250601.0,0.0,0.0,0.0,1.0,5.0,1.0,3.0,
395.0,20250101.0,170.19,0.0,0.0,1.0,0.0,1.0,8.0,
395.0,20250601.0,54.0,0.0,0.0,1.0,5.0,1.0,8.0,
396.0,20250101.0,153.95,0.0,0.0,1.0,0.0,1.0,8.0,
396.0,20250601.0,61.0,0.0,0.0,1.0,5.0,1.0,8.0,
17.0,20250101.0,217.56,0.0,0.0,1.0,36.0,1.0,22.0,
17.0,20250101.0,128.78,0.0,0.0,1.0,36.0,1.0,22.0,
17.0,20231001.0,182.48,0.0,0.0,1.0,21.0,1.0,22.0,
17.0,20220101.0,134.67,0.0,0.0,1.0,0.0,1.0,22.0,
17.0,20230401.0,137.25,0.0,0.0,1.0,15.0,1.0,22.0,
17.0,20230301.0,174.09,0.0,0.0,1.0,14.0,1.0,22.0,
17.0,20250501.0,192.65,0.0,0.0,1.0,40.0,1.0,22.0,
17.0,20230101.0,207.91,0.0,0.0,1.0,12.0,1.0,22.0,
17.0,20240801.0,192.89,0.0,0.0,1.0,31.0,1.0,22.0,
17.0,20241101.0,182.62,0.0,0.0,1.0,34.0,1.0,22.0,
17.0,20220501.0,192.93,0.0,0.0,1.0,4.0,1.0,22.0,
17.0,20241001.0,211.47,0.0,0.0,1.0,33.0,1.0,22.0,
17.0,20240601.0,161.28,0.0,0.0,1.0,29.0,1.0,22.0,
17.0,20250301.0,127.92,0.0,0.0,1.0,38.0,1.0,22.0,
17.0,20230201.0,164.4,0.0,0.0,1.0,13.0,1.0,22.0,
17.0,20240201.0,179.41,0.0,0.0,1.0,25.0,1.0,22.0,
17.0,20230101.0,183.46,0.0,0.0,1.0,12.0,1.0,22.0,
17.0,20240301.0,140.06,0.0,0.0,1.0,26.0,1.0,22.0,
17.0,20220401.0,141.92,0.0,0.0,1.0,3.0,1.0,22.0,
17.0,20220601.0,184.13,0.0,0.0,1.0,5.0,1.0,22.0,
17.0,20241201.0,169.44,0.0,0.0,1.0,35.0,1.0,22.0,
17.0,20230801.0,199.47,0.0,0.0,1.0,19.0,1.0,22.0,
17.0,20240901.0,102.17,0.0,0.0,1.0,32.0,1.0,22.0,
17.0,20231201.0,172.58,0.0,0.0,1.0,23.0,1.0,22.0,
17.0,20221001.0,190.44,0.0,0.0,1.0,9.0,1.0,22.0,
17.0,20240101.0,193.38,0.0,0.0,1.0,24.0,1.0,22.0,
17.0,20230501.0,192.54,0.0,0.0,1.0,16.0,1.0,22.0,
17.0,20250601.0,175.43,0.0,0.0,1.0,41.0,1.0,22.0,
17.0,20230901.0,174.72,0.0,0.0,1.0,20.0,1.0,22.0,
17.0,20240401.0,162.59,0.0,0.0,1.0,27.0,1.0,22.0,
17.0,20231101.0,202.4,0.0,0.0,1.0,22.0,1.0,22.0,
17.0,20250201.0,175.05,0.0,0.0,1.0,37.0,1.0,22.0,
17.0,20230601.0,166.67,0.0,0.0,1.0,17.0,1.0,22.0,
17.0,20250401.0,156.28,0.0,0.0,1.0,39.0,1.0,22.0,
17.0,20221201.0,191.05,0.0,0.0,1.0,11.0,1.0,22.0,
17.0,20220301.0,211.05,0.0,0.0,1.0,1.0,1.0,22.0,
17.0,20221101.0,192.6,0.0,0.0,1.0,10.0,1.0,22.0,
17.0,20220201.0,147.81,0.0,0.0,1.0,1.0,1.0,22.0,
17.0,20240101.0,202.98,0.0,0.0,1.0,24.0,1.0,22.0,
17.0,20240501.0,184.25,0.0,0.0,1.0,28.0,1.0,22.0,
17.0,20220101.0,193.0,0.0,0.0,1.0,0.0,1.0,22.0,
17.0,20220901.0,202.38,0.0,0.0,1.0,8.0,1.0,22.0,
397.0,20250101.0,157.25,0.0,0.0,1.0,0.0,1.0,8.0,
397.0,20250601.0,62.0,0.0,0.0,1.0,5.0,1.0,8.0,
398.0,20250101.0,90.43,0.0,0.0,1.0,0.0,1.0,3.0,
398.0,20250601.0,0.0,0.0,0.0,1.0,5.0,1.0,3.0,
399.0,20250101.0,70.83,0.0,0.0,1.0,0.0,1.0,8.0,
399.0,20250601.0,0.0,0.0,0.0,1.0,5.0,1.0,8.0,
400.0,20250101.0,0.0,0.0,0.0,1.0,0.0,1.0,22.0,
400.0,20250601.0,0.0,0.0,0.0,1.0,5.0,1.0,22.0,
401.0,20250101.0,37.25,0.0,0.0,1.0,0.0,1.0,3.0,
401.0,20250601.0,0.0,0.0,0.0,1.0,5.0,1.0,3.0,
402.0,20250101.0,138.99,0.0,0.0,1.0,0.0,1.0,8.0,
402.0,20250601.0,54.0,0.0,0.0,1.0,5.0,1.0,8.0,
18.0,20250101.0,190.34,0.0,0.0,1.0,36.0,1.0,3.0,
18.0,20250101.0,135.91,0.0,0.0,1.0,36.0,1.0,3.0,
18.0,20231001.0,191.62,0.0,0.0,1.0,21.0,1.0,3.0,
18.0,20220101.0,185.82,0.0,0.0,1.0,0.0,1.0,3.0,
18.0,20230401.0,128.31,0.0,0.0,1.0,15.0,1.0,3.0,
18.0,20230301.0,175.99,0.0,0.0,1.0,14.0,1.0,3.0,
18.0,20250501.0,190.97,0.0,0.0,1.0,40.0,1.0,3.0,
18.0,20230101.0,190.74,0.0,0.0,1.0,12.0,1.0,3.0,
18.0,20240801.0,90.88,0.0,0.0,1.0,31.0,1.0,3.0,
18.0,20241101.0,184.69,0.0,0.0,1.0,34.0,1.0,3.0,
18.0,20220501.0,181.18,0.0,0.0,1.0,4.0,1.0,3.0,
18.0,20241001.0,224.49,0.0,0.0,1.0,33.0,1.0,3.0,
18.0,20240601.0,164.07,0.0,0.0,1.0,29.0,1.0,3.0,
18.0,20250301.0,134.71,0.0,0.0,1.0,38.0,1.0,3.0,
18.0,20230201.0,172.57,0.0,0.0,1.0,13.0,1.0,3.0,
18.0,20240201.0,197.0,0.0,0.0,1.0,25.0,1.0,3.0,
18.0,20230101.0,188.41,0.0,0.0,1.0,12.0,1.0,3.0,
18.0,20240301.0,134.06,0.0,0.0,1.0,26.0,1.0,3.0,
18.0,20220401.0,139.24,0.0,0.0,1.0,3.0,1.0,3.0,
18.0,20220601.0,188.61,0.0,0.0,1.0,5.0,1.0,3.0,
18.0,20241201.0,159.29,0.0,0.0,1.0,35.0,1.0,3.0,
18.0,20230801.0,81.77,0.0,0.0,1.0,19.0,1.0,3.0,
18.0,20240901.0,176.97,0.0,0.0,1.0,32.0,1.0,3.0,
18.0,20231201.0,143.03,0.0,0.0,1.0,23.0,1.0,3.0,
18.0,20221001.0,174.6,0.0,0.0,1.0,9.0,1.0,3.0,
18.0,20240101.0,200.94,0.0,0.0,1.0,24.0,1.0,3.0,
18.0,20230501.0,197.69,0.0,0.0,1.0,16.0,1.0,3.0,
18.0,20250601.0,177.84,0.0,0.0,1.0,41.0,1.0,3.0,
18.0,20230901.0,181.8,0.0,0.0,1.0,20.0,1.0,3.0,
18.0,20240401.0,164.87,0.0,0.0,1.0,27.0,1.0,3.0,
18.0,20231101.0,198.87,0.0,0.0,1.0,22.0,1.0,3.0,
18.0,20250201.0,172.85,0.0,0.0,1.0,37.0,1.0,3.0,
18.0,20230601.0,170.49,0.0,0.0,1.0,17.0,1.0,3.0,
18.0,20250401.0,191.21,0.0,0.0,1.0,39.0,1.0,3.0,
18.0,20221201.0,131.3,0.0,0.0,1.0,11.0,1.0,3.0,
18.0,20220301.0,206.84,0.0,0.0,1.0,1.0,1.0,3.0,
18.0,20221101.0,197.22,0.0,0.0,1.0,10.0,1.0,3.0,
18.0,20220201.0,172.48,0.0,0.0,1.0,1.0,1.0,3.0,
18.0,20240101.0,200.29,0.0,0.0,1.0,24.0,1.0,3.0,
18.0,20240501.0,173.23,0.0,0.0,1.0,28.0,1.0,3.0,
18.0,20220101.0,186.65,0.0,0.0,1.0,0.0,1.0,3.0,
18.0,20220901.0,209.3,0.0,0.0,1.0,8.0,1.0,3.0,
19.0,20250101.0,0.0,0.0,0.0,1.0,36.0,1.0,3.0,
19.0,20250101.0,73.26,0.0,0.0,1.0,36.0,1.0,3.0,
19.0,20231001.0,189.44,0.0,0.0,1.0,21.0,1.0,3.0,
19.0,20220101.0,135.79,0.0,0.0,1.0,0.0,1.0,3.0,
19.0,20230401.0,136.31,0.0,0.0,1.0,15.0,1.0,3.0,
19.0,20230301.0,175.73,0.0,0.0,1.0,14.0,1.0,3.0,
19.0,20250501.0,187.03,0.0,0.0,1.0,40.0,1.0,3.0,
19.0,20230101.0,197.42,0.0,0.0,1.0,12.0,1.0,3.0,
19.0,20240801.0,89.04,0.0,0.0,1.0,31.0,1.0,3.0,
19.0,20241101.0,118.28,0.0,0.0,1.0,34.0,1.0,3.0,
19.0,20220501.0,149.01,0.0,0.0,1.0,4.0,1.0,3.0,
19.0,20241001.0,205.1,0.0,0.0,1.0,33.0,1.0,3.0,
19.0,20240601.0,0.0,0.0,0.0,1.0,29.0,1.0,3.0,
19.0,20250301.0,136.2,0.0,0.0,1.0,38.0,1.0,3.0,
19.0,20230201.0,176.6,0.0,0.0,1.0,13.0,1.0,3.0,
19.0,20240201.0,134.3,0.0,0.0,1.0,25.0,1.0,3.0,
19.0,20230101.0,189.31,0.0,0.0,1.0,12.0,1.0,3.0,
19.0,20240301.0,135.75,0.0,0.0,1.0,26.0,1.0,3.0,
19.0,20220401.0,147.27,0.0,0.0,1.0,3.0,1.0,3.0,
19.0,20220601.0,194.94,0.0,0.0,1.0,5.0,1.0,3.0,
19.0,20241201.0,0.0,0.0,0.0,1.0,35.0,1.0,3.0,
19.0,20230801.0,45.38,0.0,0.0,1.0,19.0,1.0,3.0,
19.0,20240901.0,190.66,0.0,0.0,1.0,32.0,1.0,3.0,
19.0,20231201.0,135.61,0.0,0.0,1.0,23.0,1.0,3.0,
19.0,20221001.0,179.67,0.0,0.0,1.0,9.0,1.0,3.0,
19.0,20240101.0,48.11,0.0,0.0,1.0,24.0,1.0,3.0,
19.0,20230501.0,181.94,0.0,0.0,1.0,16.0,1.0,3.0,
19.0,20250601.0,147.26,0.0,0.0,1.0,41.0,1.0,3.0,
19.0,20230901.0,182.51,0.0,0.0,1.0,20.0,1.0,3.0,
19.0,20240401.0,163.56,0.0,0.0,1.0,27.0,1.0,3.0,
19.0,20231101.0,182.8,0.0,0.0,1.0,22.0,1.0,3.0,
19.0,20250201.0,78.47,0.0,0.0,1.0,37.0,1.0,3.0,
19.0,20230601.0,152.51,0.0,0.0,1.0,17.0,1.0,3.0,
19.0,20250401.0,182.43,0.0,0.0,1.0,39.0,1.0,3.0,
19.0,20221201.0,126.65,0.0,0.0,1.0,11.0,1.0,3.0,
19.0,20220301.0,189.34,0.0,0.0,1.0,1.0,1.0,3.0,
19.0,20221101.0,179.64,0.0,0.0,1.0,10.0,1.0,3.0,
19.0,20220201.0,163.93,0.0,0.0,1.0,1.0,1.0,3.0,
19.0,20240101.0,125.12,0.0,0.0,1.0,24.0,1.0,3.0,
19.0,20240501.0,111.52,0.0,0.0,1.0,28.0,1.0,3.0,
19.0,20220101.0,181.49,0.0,0.0,1.0,0.0,1.0,3.0,
19.0,20220901.0,189.25,0.0,0.0,1.0,8.0,1.0,3.0,
20.0,20250101.0,201.8,0.0,0.0,1.0,36.0,1.0,22.0,
20.0,20250101.0,128.24,0.0,0.0,1.0,36.0,1.0,22.0,
20.0,20231001.0,173.45,0.0,0.0,1.0,21.0,1.0,22.0,
20.0,20220101.0,169.22,0.0,0.0,1.0,0.0,1.0,22.0,
20.0,20230401.0,136.08,0.0,0.0,1.0,15.0,1.0,22.0,
20.0,20230301.0,164.82,0.0,0.0,1.0,14.0,1.0,22.0,
20.0,20250501.0,188.18,0.0,0.0,1.0,40.0,1.0,22.0,
20.0,20230101.0,192.99,0.0,0.0,1.0,12.0,1.0,22.0,
20.0,20240801.0,119.33,0.0,0.0,1.0,31.0,1.0,22.0,
20.0,20241101.0,172.87,0.0,0.0,1.0,34.0,1.0,22.0,
20.0,20220501.0,137.43,0.0,0.0,1.0,4.0,1.0,22.0,
20.0,20241001.0,208.92,0.0,0.0,1.0,33.0,1.0,22.0,
20.0,20240601.0,163.44,0.0,0.0,1.0,29.0,1.0,22.0,
20.0,20250301.0,115.65,0.0,0.0,1.0,38.0,1.0,22.0,
20.0,20230201.0,152.37,0.0,0.0,1.0,13.0,1.0,22.0,
20.0,20240201.0,192.5,0.0,0.0,1.0,25.0,1.0,22.0,
20.0,20230101.0,154.85,0.0,0.0,1.0,12.0,1.0,22.0,
20.0,20240301.0,146.54,0.0,0.0,1.0,26.0,1.0,22.0,
20.0,20220401.0,132.23,0.0,0.0,1.0,3.0,1.0,22.0,
20.0,20220601.0,188.66,0.0,0.0,1.0,5.0,1.0,22.0,
20.0,20241201.0,168.89,0.0,0.0,1.0,35.0,1.0,22.0,
20.0,20230801.0,173.43,0.0,0.0,1.0,19.0,1.0,22.0,
20.0,20240901.0,181.42,0.0,0.0,1.0,32.0,1.0,22.0,
20.0,20231201.0,200.05,0.0,0.0,1.0,23.0,1.0,22.0,
20.0,20221001.0,177.99,0.0,0.0,1.0,9.0,1.0,22.0,
20.0,20240101.0,193.15,0.0,0.0,1.0,24.0,1.0,22.0,
20.0,20230501.0,197.33,0.0,0.0,1.0,16.0,1.0,22.0,
20.0,20250601.0,150.91,0.0,0.0,1.0,41.0,1.0,22.0,
20.0,20230901.0,172.73,0.0,0.0,1.0,20.0,1.0,22.0,
20.0,20240401.0,157.73,0.0,0.0,1.0,27.0,1.0,22.0,
20.0,20231101.0,207.56,0.0,0.0,1.0,22.0,1.0,22.0,
20.0,20250201.0,174.42,0.0,0.0,1.0,37.0,1.0,22.0,
20.0,20230601.0,170.4,0.0,0.0,1.0,17.0,1.0,22.0,
20.0,20250401.0,182.28,0.0,0.0,1.0,39.0,1.0,22.0,
20.0,20221201.0,175.87,0.0,0.0,1.0,11.0,1.0,22.0,
20.0,20220301.0,198.47,0.0,0.0,1.0,1.0,1.0,22.0,
20.0,20221101.0,181.47,0.0,0.0,1.0,10.0,1.0,22.0,
20.0,20220201.0,153.98,0.0,0.0,1.0,1.0,1.0,22.0,
20.0,20240101.0,166.75,0.0,0.0,1.0,24.0,1.0,22.0,
20.0,20240501.0,183.99,0.0,0.0,1.0,28.0,1.0,22.0,
20.0,20220101.0,178.83,0.0,0.0,1.0,0.0,1.0,22.0,
20.0,20220901.0,197.94,0.0,0.0,1.0,8.0,1.0,22.0,
21.0,20250101.0,190.46,0.0,0.0,1.0,36.0,1.0,2.0,
21.0,20250101.0,109.68,0.0,0.0,1.0,36.0,1.0,2.0,
21.0,20231001.0,201.85,0.0,0.0,1.0,21.0,1.0,2.0,
21.0,20220101.0,152.0,0.0,0.0,1.0,0.0,1.0,2.0,
21.0,20230401.0,99.27,0.0,0.0,1.0,15.0,1.0,2.0,
21.0,20230301.0,139.48,0.0,0.0,1.0,14.0,1.0,2.0,
21.0,20250501.0,183.77,0.0,0.0,1.0,40.0,1.0,2.0,
21.0,20230101.0,180.28,0.0,0.0,1.0,12.0,1.0,2.0,
21.0,20240801.0,155.82,0.0,0.0,1.0,31.0,1.0,2.0,
21.0,20241101.0,177.53,0.0,0.0,1.0,34.0,1.0,2.0,
21.0,20220501.0,162.48,0.0,0.0,1.0,4.0,1.0,2.0,
21.0,20241001.0,210.3,0.0,0.0,1.0,33.0,1.0,2.0,
21.0,20240601.0,172.91,0.0,0.0,1.0,29.0,1.0,2.0,
21.0,20250301.0,124.22,0.0,0.0,1.0,38.0,1.0,2.0,
21.0,20230201.0,169.24,0.0,0.0,1.0,13.0,1.0,2.0,
21.0,20240201.0,173.74,0.0,0.0,1.0,25.0,1.0,2.0,
21.0,20230101.0,163.33,0.0,0.0,1.0,12.0,1.0,2.0,
21.0,20240301.0,125.98,0.0,0.0,1.0,26.0,1.0,2.0,
21.0,20220401.0,101.24,0.0,0.0,1.0,3.0,1.0,2.0,
21.0,20220601.0,181.72,0.0,0.0,1.0,5.0,1.0,2.0,
21.0,20241201.0,155.76,0.0,0.0,1.0,35.0,1.0,2.0,
21.0,20230801.0,149.13,0.0,0.0,1.0,19.0,1.0,2.0,
21.0,20240901.0,177.61,0.0,0.0,1.0,32.0,1.0,2.0,
21.0,20231201.0,150.97,0.0,0.0,1.0,23.0,1.0,2.0,
21.0,20221001.0,167.85,0.0,0.0,1.0,9.0,1.0,2.0,
21.0,20240101.0,172.58,0.0,0.0,1.0,24.0,1.0,2.0,
21.0,20230501.0,190.7,0.0,0.0,1.0,16.0,1.0,2.0,
21.0,20250601.0,161.66,0.0,0.0,1.0,41.0,1.0,2.0,
21.0,20230901.0,165.68,0.0,0.0,1.0,20.0,1.0,2.0,
21.0,20240401.0,144.03,0.0,0.0,1.0,27.0,1.0,2.0,
21.0,20231101.0,181.28,0.0,0.0,1.0,22.0,1.0,2.0,
21.0,20250201.0,154.78,0.0,0.0,1.0,37.0,1.0,2.0,
21.0,20230601.0,161.34,0.0,0.0,1.0,17.0,1.0,2.0,
21.0,20250401.0,173.48,0.0,0.0,1.0,39.0,1.0,2.0,
21.0,20221201.0,161.32,0.0,0.0,1.0,11.0,1.0,2.0,
21.0,20220301.0,169.08,0.0,0.0,1.0,1.0,1.0,2.0,
21.0,20221101.0,171.46,0.0,0.0,1.0,10.0,1.0,2.0,
21.0,20220201.0,120.97,0.0,0.0,1.0,1.0,1.0,2.0,
21.0,20240101.0,192.59,0.0,0.0,1.0,24.0,1.0,2.0,
21.0,20240501.0,184.01,0.0,0.0,1.0,28.0,1.0,2.0,
21.0,20220101.0,160.71,0.0,0.0,1.0,0.0,1.0,2.0,
21.0,20220901.0,185.89,0.0,0.0,1.0,8.0,1.0,2.0,
22.0,20250101.0,204.6,0.0,0.0,1.0,36.0,1.0,3.0,
22.0,20250101.0,136.65,0.0,0.0,1.0,36.0,1.0,3.0,
22.0,20231001.0,203.77,0.0,0.0,1.0,21.0,1.0,3.0,
22.0,20220101.0,145.98,0.0,0.0,1.0,0.0,1.0,3.0,
22.0,20230401.0,135.8,0.0,0.0,1.0,15.0,1.0,3.0,
22.0,20230301.0,180.43,0.0,0.0,1.0,14.0,1.0,3.0,
22.0,20250501.0,195.22,0.0,0.0,1.0,40.0,1.0,3.0,
22.0,20230101.0,209.49,0.0,0.0,1.0,12.0,1.0,3.0,
22.0,20240801.0,91.25,0.0,0.0,1.0,31.0,1.0,3.0,
22.0,20241101.0,195.43,0.0,0.0,1.0,34.0,1.0,3.0,
22.0,20220501.0,174.44,0.0,0.0,1.0,4.0,1.0,3.0,
22.0,20241001.0,211.38,0.0,0.0,1.0,33.0,1.0,3.0,
22.0,20240601.0,158.81,0.0,0.0,1.0,29.0,1.0,3.0,
22.0,20250301.0,163.66,0.0,0.0,1.0,38.0,1.0,3.0,
22.0,20230201.0,184.92,0.0,0.0,1.0,13.0,1.0,3.0,
22.0,20240201.0,172.23,0.0,0.0,1.0,25.0,1.0,3.0,
22.0,20230101.0,184.36,0.0,0.0,1.0,12.0,1.0,3.0,
22.0,20240301.0,149.18,0.0,0.0,1.0,26.0,1.0,3.0,
22.0,20220401.0,155.51,0.0,0.0,1.0,3.0,1.0,3.0,
22.0,20220601.0,193.63,0.0,0.0,1.0,5.0,1.0,3.0,
22.0,20241201.0,141.15,0.0,0.0,1.0,35.0,1.0,3.0,
22.0,20230801.0,88.95,0.0,0.0,1.0,19.0,1.0,3.0,
22.0,20240901.0,189.17,0.0,0.0,1.0,32.0,1.0,3.0,
22.0,20231201.0,142.12,0.0,0.0,1.0,23.0,1.0,3.0,
22.0,20221001.0,186.89,0.0,0.0,1.0,9.0,1.0,3.0,
22.0,20240101.0,204.53,0.0,0.0,1.0,24.0,1.0,3.0,
22.0,20230501.0,205.64,0.0,0.0,1.0,16.0,1.0,3.0,
22.0,20250601.0,194.35,0.0,0.0,1.0,41.0,1.0,3.0,
22.0,20230901.0,178.7,0.0,0.0,1.0,20.0,1.0,3.0,
22.0,20240401.0,157.38,0.0,0.0,1.0,27.0,1.0,3.0,
22.0,20231101.0,208.04,0.0,0.0,1.0,22.0,1.0,3.0,
22.0,20250201.0,165.83,0.0,0.0,1.0,37.0,1.0,3.0,
22.0,20230601.0,149.05,0.0,0.0,1.0,17.0,1.0,3.0,
22.0,20250401.0,209.44,0.0,0.0,1.0,39.0,1.0,3.0,
22.0,20221201.0,145.29,0.0,0.0,1.0,11.0,1.0,3.0,
22.0,20220301.0,200.53,0.0,0.0,1.0,1.0,1.0,3.0,
22.0,20221101.0,207.08,0.0,0.0,1.0,10.0,1.0,3.0,
22.0,20220201.0,165.46,0.0,0.0,1.0,1.0,1.0,3.0,
22.0,20240101.0,193.98,0.0,0.0,1.0,24.0,1.0,3.0,
22.0,20240501.0,199.14,0.0,0.0,1.0,28.0,1.0,3.0,
22.0,20220101.0,188.82,0.0,0.0,1.0,0.0,1.0,3.0,
22.0,20220901.0,205.75,0.0,0.0,1.0,8.0,1.0,3.0,
23.0,20250101.0,97.42,0.0,0.0,1.0,36.0,2.0,22.0,
23.0,20250101.0,112.17,0.0,0.0,1.0,36.0,2.0,22.0,
23.0,20231001.0,0.0,0.0,0.0,1.0,21.0,2.0,22.0,
23.0,20220101.0,77.38,0.0,0.0,1.0,0.0,2.0,22.0,
23.0,20230401.0,72.7,0.0,0.0,1.0,15.0,2.0,22.0,
23.0,20230301.0,78.16,0.0,0.0,1.0,14.0,2.0,22.0,
23.0,20250501.0,153.95,0.0,0.0,1.0,40.0,2.0,22.0,
23.0,20230101.0,97.77,0.0,0.0,1.0,12.0,2.0,22.0,
23.0,20240801.0,88.5,0.0,0.0,1.0,31.0,2.0,22.0,
23.0,20241101.0,85.55,0.0,0.0,1.0,34.0,2.0,22.0,
23.0,20220501.0,164.81,0.0,0.0,1.0,4.0,2.0,22.0,
23.0,20241001.0,95.38,0.0,0.0,1.0,33.0,2.0,22.0,
23.0,20240601.0,94.46,0.0,0.0,1.0,29.0,2.0,22.0,
23.0,20250301.0,115.72,0.0,0.0,1.0,38.0,2.0,22.0,
23.0,20230201.0,126.35,0.0,0.0,1.0,13.0,2.0,22.0,
23.0,20240201.0,13.12,0.0,0.0,1.0,25.0,2.0,22.0,
23.0,20230101.0,60.08,0.0,0.0,1.0,12.0,2.0,22.0,
23.0,20240301.0,13.03,0.0,0.0,1.0,26.0,2.0,22.0,
23.0,20220401.0,87.23,0.0,0.0,1.0,3.0,2.0,22.0,
23.0,20220601.0,151.21,0.0,0.0,1.0,5.0,2.0,22.0,
23.0,20241201.0,43.51,0.0,0.0,1.0,35.0,2.0,22.0,
23.0,20230801.0,40.37,0.0,0.0,1.0,19.0,2.0,22.0,
23.0,20240901.0,47.42,0.0,0.0,1.0,32.0,2.0,22.0,
23.0,20231201.0,53.58,0.0,0.0,1.0,23.0,2.0,22.0,
23.0,20221001.0,158.22,0.0,0.0,1.0,9.0,2.0,22.0,
23.0,20240101.0,112.35,0.0,0.0,1.0,24.0,2.0,22.0,
23.0,20230501.0,19.53,0.0,0.0,1.0,16.0,2.0,22.0,
23.0,20250601.0,166.58,0.0,0.0,1.0,41.0,2.0,22.0,
23.0,20230901.0,26.67,0.0,0.0,1.0,20.0,2.0,22.0,
23.0,20240401.0,108.61,0.0,0.0,1.0,27.0,2.0,22.0,
23.0,20231101.0,97.9,0.0,0.0,1.0,22.0,2.0,22.0,
23.0,20250201.0,138.14,0.0,0.0,1.0,37.0,2.0,22.0,
23.0,20230601.0,63.5,0.0,0.0,1.0,17.0,2.0,22.0,
23.0,20250401.0,155.98,0.0,0.0,1.0,39.0,2.0,22.0,
23.0,20221201.0,118.23,0.0,0.0,1.0,11.0,2.0,22.0,
23.0,20220301.0,108.97,0.0,0.0,1.0,1.0,2.0,22.0,
23.0,20221101.0,107.45,0.0,0.0,1.0,10.0,2.0,22.0,
23.0,20220201.0,36.71,0.0,0.0,1.0,1.0,2.0,22.0,
23.0,20240101.0,26.0,0.0,0.0,1.0,24.0,2.0,22.0,
23.0,20240501.0,92.14,0.0,0.0,1.0,28.0,2.0,22.0,
23.0,20220101.0,0.0,0.0,0.0,1.0,0.0,2.0,22.0,
23.0,20220901.0,136.36,0.0,0.0,1.0,8.0,2.0,22.0,
24.0,20250101.0,180.66,0.0,0.0,1.0,36.0,1.0,3.0,
24.0,20250101.0,118.02,0.0,0.0,1.0,36.0,1.0,3.0,
24.0,20231001.0,190.64,0.0,0.0,1.0,21.0,1.0,3.0,
24.0,20220101.0,151.02,0.0,0.0,1.0,0.0,1.0,3.0,
24.0,20230401.0,136.01,0.0,0.0,1.0,15.0,1.0,3.0,
24.0,20230301.0,179.7,0.0,0.0,1.0,14.0,1.0,3.0,
24.0,20250501.0,182.94,0.0,0.0,1.0,40.0,1.0,3.0,
24.0,20230101.0,190.26,0.0,0.0,1.0,12.0,1.0,3.0,
24.0,20240801.0,91.13,0.0,0.0,1.0,31.0,1.0,3.0,
24.0,20241101.0,183.33,0.0,0.0,1.0,34.0,1.0,3.0,
24.0,20220501.0,173.29,0.0,0.0,1.0,4.0,1.0,3.0,
24.0,20241001.0,210.23,0.0,0.0,1.0,33.0,1.0,3.0,
24.0,20240601.0,136.82,0.0,0.0,1.0,29.0,1.0,3.0,
24.0,20250301.0,136.36,0.0,0.0,1.0,38.0,1.0,3.0,
24.0,20230201.0,164.71,0.0,0.0,1.0,13.0,1.0,3.0,
24.0,20240201.0,191.59,0.0,0.0,1.0,25.0,1.0,3.0,
24.0,20230101.0,184.29,0.0,0.0,1.0,12.0,1.0,3.0,
24.0,20240301.0,144.63,0.0,0.0,1.0,26.0,1.0,3.0,
24.0,20220401.0,140.39,0.0,0.0,1.0,3.0,1.0,3.0,
24.0,20220601.0,180.0,0.0,0.0,1.0,5.0,1.0,3.0,
24.0,20241201.0,149.44,0.0,0.0,1.0,35.0,1.0,3.0,
24.0,20230801.0,82.32,0.0,0.0,1.0,19.0,1.0,3.0,
24.0,20240901.0,171.13,0.0,0.0,1.0,32.0,1.0,3.0,
24.0,20231201.0,134.88,0.0,0.0,1.0,23.0,1.0,3.0,
24.0,20221001.0,189.19,0.0,0.0,1.0,9.0,1.0,3.0,
24.0,20240101.0,180.54,0.0,0.0,1.0,24.0,1.0,3.0,
24.0,20230501.0,190.6,0.0,0.0,1.0,16.0,1.0,3.0,
24.0,20250601.0,155.5,0.0,0.0,1.0,41.0,1.0,3.0,
24.0,20230901.0,191.02,0.0,0.0,1.0,20.0,1.0,3.0,
24.0,20240401.0,158.11,0.0,0.0,1.0,27.0,1.0,3.0,
24.0,20231101.0,186.59,0.0,0.0,1.0,22.0,1.0,3.0,
24.0,20250201.0,173.66,0.0,0.0,1.0,37.0,1.0,3.0,
24.0,20230601.0,155.82,0.0,0.0,1.0,17.0,1.0,3.0,
24.0,20250401.0,182.8,0.0,0.0,1.0,39.0,1.0,3.0,
24.0,20221201.0,136.56,0.0,0.0,1.0,11.0,1.0,3.0,
24.0,20220301.0,153.87,0.0,0.0,1.0,1.0,1.0,3.0,
24.0,20221101.0,198.61,0.0,0.0,1.0,10.0,1.0,3.0,
24.0,20220201.0,180.85,0.0,0.0,1.0,1.0,1.0,3.0,
24.0,20240101.0,200.72,0.0,0.0,1.0,24.0,1.0,3.0,
24.0,20240501.0,192.6,0.0,0.0,1.0,28.0,1.0,3.0,
24.0,20220101.0,188.92,0.0,0.0,1.0,0.0,1.0,3.0,
24.0,20220901.0,184.12,0.0,0.0,1.0,8.0,1.0,3.0,
25.0,20250101.0,140.01,0.0,0.0,1.0,36.0,4.0,22.0,
25.0,20250101.0,131.57,0.0,0.0,1.0,36.0,4.0,22.0,
25.0,20231001.0,197.15,0.0,0.0,1.0,21.0,4.0,22.0,
25.0,20220101.0,111.81,0.0,0.0,1.0,0.0,4.0,22.0,
25.0,20230401.0,133.01,0.0,0.0,1.0,15.0,4.0,22.0,
25.0,20230301.0,172.94,0.0,0.0,1.0,14.0,4.0,22.0,
25.0,20250501.0,189.42,0.0,0.0,1.0,40.0,4.0,22.0,
25.0,20230101.0,161.98,0.0,0.0,1.0,12.0,4.0,22.0,
25.0,20240801.0,157.07,0.0,0.0,1.0,31.0,4.0,22.0,
25.0,20241101.0,190.82,0.0,0.0,1.0,34.0,4.0,22.0,
25.0,20220501.0,166.54,0.0,0.0,1.0,4.0,4.0,22.0,
25.0,20241001.0,204.61,0.0,0.0,1.0,33.0,4.0,22.0,
25.0,20240601.0,130.47,0.0,0.0,1.0,29.0,4.0,22.0,
25.0,20250301.0,128.91,0.0,0.0,1.0,38.0,4.0,22.0,
25.0,20230201.0,154.66,0.0,0.0,1.0,13.0,4.0,22.0,
25.0,20240201.0,174.04,0.0,0.0,1.0,25.0,4.0,22.0,
25.0,20230101.0,139.07,0.0,0.0,1.0,12.0,4.0,22.0,
25.0,20240301.0,152.57,0.0,0.0,1.0,26.0,4.0,22.0,
25.0,20220401.0,143.75,0.0,0.0,1.0,3.0,4.0,22.0,
25.0,20220601.0,141.83,0.0,0.0,1.0,5.0,4.0,22.0,
25.0,20241201.0,130.88,0.0,0.0,1.0,35.0,4.0,22.0,
25.0,20230801.0,168.22,0.0,0.0,1.0,19.0,4.0,22.0,
25.0,20240901.0,91.33,0.0,0.0,1.0,32.0,4.0,22.0,
25.0,20231201.0,143.97,0.0,0.0,1.0,23.0,4.0,22.0,
25.0,20221001.0,179.29,0.0,0.0,1.0,9.0,4.0,22.0,
25.0,20240101.0,169.06,0.0,0.0,1.0,24.0,4.0,22.0,
25.0,20230501.0,195.84,0.0,0.0,1.0,16.0,4.0,22.0,
25.0,20250601.0,173.14,0.0,0.0,1.0,41.0,4.0,22.0,
25.0,20230901.0,111.47,0.0,0.0,1.0,20.0,4.0,22.0,
25.0,20240401.0,150.13,0.0,0.0,1.0,27.0,4.0,22.0,
25.0,20231101.0,177.03,0.0,0.0,1.0,22.0,4.0,22.0,
25.0,20250201.0,178.74,0.0,0.0,1.0,37.0,4.0,22.0,
25.0,20230601.0,180.06,0.0,0.0,1.0,17.0,4.0,22.0,
25.0,20250401.0,194.32,0.0,0.0,1.0,39.0,4.0,22.0,
25.0,20221201.0,134.36,0.0,0.0,1.0,11.0,4.0,22.0,
25.0,20220301.0,197.68,0.0,0.0,1.0,1.0,4.0,22.0,
25.0,20221101.0,168.61,0.0,0.0,1.0,10.0,4.0,22.0,
25.0,20220201.0,122.21,0.0,0.0,1.0,1.0,4.0,22.0,
25.0,20240101.0,185.33,0.0,0.0,1.0,24.0,4.0,22.0,
25.0,20240501.0,200.86,0.0,0.0,1.0,28.0,4.0,22.0,
25.0,20220101.0,89.9,0.0,0.0,1.0,0.0,4.0,22.0,
25.0,20220901.0,108.38,0.0,0.0,1.0,8.0,4.0,22.0,
26.0,20250101.0,201.61,0.0,0.0,1.0,36.0,1.0,22.0,
26.0,20250101.0,126.82,0.0,0.0,1.0,36.0,1.0,22.0,
26.0,20231001.0,193.22,0.0,0.0,1.0,21.0,1.0,22.0,
26.0,20220101.0,160.29,0.0,0.0,1.0,0.0,1.0,22.0,
26.0,20230401.0,135.61,0.0,0.0,1.0,15.0,1.0,22.0,
26.0,20230301.0,115.96,0.0,0.0,1.0,14.0,1.0,22.0,
26.0,20250501.0,171.53,0.0,0.0,1.0,40.0,1.0,22.0,
26.0,20230101.0,183.67,0.0,0.0,1.0,12.0,1.0,22.0,
26.0,20240801.0,145.7,0.0,0.0,1.0,31.0,1.0,22.0,
26.0,20241101.0,192.37,0.0,0.0,1.0,34.0,1.0,22.0,
26.0,20220501.0,167.47,0.0,0.0,1.0,4.0,1.0,22.0,
26.0,20241001.0,191.73,0.0,0.0,1.0,33.0,1.0,22.0,
26.0,20240601.0,152.99,0.0,0.0,1.0,29.0,1.0,22.0,
26.0,20250301.0,118.72,0.0,0.0,1.0,38.0,1.0,22.0,
26.0,20230201.0,165.07,0.0,0.0,1.0,13.0,1.0,22.0,
26.0,20240201.0,166.61,0.0,0.0,1.0,25.0,1.0,22.0,
26.0,20230101.0,168.49,0.0,0.0,1.0,12.0,1.0,22.0,
26.0,20240301.0,104.02,0.0,0.0,1.0,26.0,1.0,22.0,
26.0,20220401.0,138.93,0.0,0.0,1.0,3.0,1.0,22.0,
26.0,20220601.0,174.97,0.0,0.0,1.0,5.0,1.0,22.0,
26.0,20241201.0,166.45,0.0,0.0,1.0,35.0,1.0,22.0,
26.0,20230801.0,130.39,0.0,0.0,1.0,19.0,1.0,22.0,
26.0,20240901.0,193.84,0.0,0.0,1.0,32.0,1.0,22.0,
26.0,20231201.0,156.77,0.0,0.0,1.0,23.0,1.0,22.0,
26.0,20221001.0,179.75,0.0,0.0,1.0,9.0,1.0,22.0,
26.0,20240101.0,193.07,0.0,0.0,1.0,24.0,1.0,22.0,
26.0,20230501.0,161.03,0.0,0.0,1.0,16.0,1.0,22.0,
26.0,20250601.0,173.07,0.0,0.0,1.0,41.0,1.0,22.0,
26.0,20230901.0,147.63,0.0,0.0,1.0,20.0,1.0,22.0,
26.0,20240401.0,151.85,0.0,0.0,1.0,27.0,1.0,22.0,
26.0,20231101.0,187.88,0.0,0.0,1.0,22.0,1.0,22.0,
26.0,20250201.0,168.99,0.0,0.0,1.0,37.0,1.0,22.0,
26.0,20230601.0,141.52,0.0,0.0,1.0,17.0,1.0,22.0,
26.0,20250401.0,184.07,0.0,0.0,1.0,39.0,1.0,22.0,
26.0,20221201.0,132.28,0.0,0.0,1.0,11.0,1.0,22.0,
26.0,20220301.0,168.61,0.0,0.0,1.0,1.0,1.0,22.0,
26.0,20221101.0,182.26,0.0,0.0,1.0,10.0,1.0,22.0,
26.0,20220201.0,143.77,0.0,0.0,1.0,1.0,1.0,22.0,
26.0,20240101.0,169.5,0.0,0.0,1.0,24.0,1.0,22.0,
26.0,20240501.0,155.04,0.0,0.0,1.0,28.0,1.0,22.0,
26.0,20220101.0,152.77,0.0,0.0,1.0,0.0,1.0,22.0,
26.0,20220901.0,182.91,0.0,0.0,1.0,8.0,1.0,22.0,
27.0,20250101.0,198.31,0.0,0.0,1.0,36.0,1.0,3.0,
27.0,20250101.0,135.32,0.0,0.0,1.0,36.0,1.0,3.0,
27.0,20231001.0,187.37,0.0,0.0,1.0,21.0,1.0,3.0,
27.0,20220101.0,170.81,0.0,0.0,1.0,0.0,1.0,3.0,
27.0,20230401.0,127.59,0.0,0.0,1.0,15.0,1.0,3.0,
27.0,20230301.0,158.3,0.0,0.0,1.0,14.0,1.0,3.0,
27.0,20250501.0,181.92,0.0,0.0,1.0,40.0,1.0,3.0,
27.0,20230101.0,188.08,0.0,0.0,1.0,12.0,1.0,3.0,
27.0,20240801.0,117.1,0.0,0.0,1.0,31.0,1.0,3.0,
27.0,20241101.0,172.02,0.0,0.0,1.0,34.0,1.0,3.0,
27.0,20220501.0,154.99,0.0,0.0,1.0,4.0,1.0,3.0,
27.0,20241001.0,210.59,0.0,0.0,1.0,33.0,1.0,3.0,
27.0,20240601.0,142.17,0.0,0.0,1.0,29.0,1.0,3.0,
27.0,20250301.0,134.86,0.0,0.0,1.0,38.0,1.0,3.0,
27.0,20230201.0,164.68,0.0,0.0,1.0,13.0,1.0,3.0,
27.0,20240201.0,170.15,0.0,0.0,1.0,25.0,1.0,3.0,
27.0,20230101.0,170.88,0.0,0.0,1.0,12.0,1.0,3.0,
27.0,20240301.0,93.38,0.0,0.0,1.0,26.0,1.0,3.0,
27.0,20220401.0,116.25,0.0,0.0,1.0,3.0,1.0,3.0,
27.0,20220601.0,192.77,0.0,0.0,1.0,5.0,1.0,3.0,
27.0,20241201.0,174.11,0.0,0.0,1.0,35.0,1.0,3.0,
27.0,20230801.0,82.29,0.0,0.0,1.0,19.0,1.0,3.0,
27.0,20240901.0,171.5,0.0,0.0,1.0,32.0,1.0,3.0,
27.0,20231201.0,173.05,0.0,0.0,1.0,23.0,1.0,3.0,
27.0,20221001.0,166.96,0.0,0.0,1.0,9.0,1.0,3.0,
27.0,20240101.0,174.15,0.0,0.0,1.0,24.0,1.0,3.0,
27.0,20230501.0,198.76,0.0,0.0,1.0,16.0,1.0,3.0,
27.0,20250601.0,180.19,0.0,0.0,1.0,41.0,1.0,3.0,
27.0,20230901.0,136.94,0.0,0.0,1.0,20.0,1.0,3.0,
27.0,20240401.0,156.95,0.0,0.0,1.0,27.0,1.0,3.0,
27.0,20231101.0,183.44,0.0,0.0,1.0,22.0,1.0,3.0,
27.0,20250201.0,126.85,0.0,0.0,1.0,37.0,1.0,3.0,
27.0,20230601.0,162.31,0.0,0.0,1.0,17.0,1.0,3.0,
27.0,20250401.0,191.13,0.0,0.0,1.0,39.0,1.0,3.0,
27.0,20221201.0,123.53,0.0,0.0,1.0,11.0,1.0,3.0,
27.0,20220301.0,174.25,0.0,0.0,1.0,1.0,1.0,3.0,
27.0,20221101.0,180.63,0.0,0.0,1.0,10.0,1.0,3.0,
27.0,20220201.0,174.22,0.0,0.0,1.0,1.0,1.0,3.0,
27.0,20240101.0,185.98,0.0,0.0,1.0,24.0,1.0,3.0,
27.0,20240501.0,190.57,0.0,0.0,1.0,28.0,1.0,3.0,
27.0,20220101.0,183.12,0.0,0.0,1.0,0.0,1.0,3.0,
27.0,20220901.0,192.4,0.0,0.0,1.0,8.0,1.0,3.0,
28.0,20250101.0,180.0,0.0,0.0,1.0,36.0,3.0,7.0,
28.0,20231001.0,198.0,0.0,0.0,1.0,21.0,3.0,7.0,
28.0,20220101.0,153.0,0.0,0.0,1.0,0.0,3.0,7.0,
28.0,20230401.0,110.0,0.0,0.0,1.0,15.0,3.0,7.0,
28.0,20230301.0,180.5,0.0,0.0,1.0,14.0,3.0,7.0,
28.0,20230101.0,198.0,0.0,0.0,1.0,12.0,3.0,7.0,
28.0,20240801.0,117.0,0.0,0.0,1.0,31.0,3.0,7.0,
28.0,20241101.0,180.0,0.0,0.0,1.0,34.0,3.0,7.0,
28.0,20220501.0,180.0,0.0,0.0,1.0,4.0,3.0,7.0,
28.0,20241001.0,189.0,0.0,0.0,1.0,33.0,3.0,7.0,
28.0,20240601.0,171.0,0.0,0.0,1.0,29.0,3.0,7.0,
28.0,20250301.0,105.0,0.0,0.0,1.0,38.0,3.0,7.0,
28.0,20230201.0,180.0,0.0,0.0,1.0,13.0,3.0,7.0,
28.0,20240201.0,189.0,0.0,0.0,1.0,25.0,3.0,7.0,
28.0,20230101.0,144.0,0.0,0.0,1.0,12.0,3.0,7.0,
28.0,20240301.0,145.0,0.0,0.0,1.0,26.0,3.0,7.0,
28.0,20220401.0,149.0,0.0,0.0,1.0,3.0,3.0,7.0,
28.0,20220601.0,180.0,0.0,0.0,1.0,5.0,3.0,7.0,
28.0,20241201.0,171.0,0.0,0.0,1.0,35.0,3.0,7.0,
28.0,20230801.0,99.0,0.0,0.0,1.0,19.0,3.0,7.0,
28.0,20240901.0,189.0,0.0,0.0,1.0,32.0,3.0,7.0,
28.0,20231201.0,144.0,0.0,0.0,1.0,23.0,3.0,7.0,
28.0,20221001.0,189.0,0.0,0.0,1.0,9.0,3.0,7.0,
28.0,20240101.0,153.0,0.0,0.0,1.0,24.0,3.0,7.0,
28.0,20230501.0,180.0,0.0,0.0,1.0,16.0,3.0,7.0,
28.0,20230901.0,180.0,0.0,0.0,1.0,20.0,3.0,7.0,
28.0,20240401.0,140.5,0.0,0.0,1.0,27.0,3.0,7.0,
28.0,20231101.0,198.0,0.0,0.0,1.0,22.0,3.0,7.0,
28.0,20250201.0,180.0,0.0,0.0,1.0,37.0,3.0,7.0,
28.0,20230601.0,151.0,0.0,0.0,1.0,17.0,3.0,7.0,
28.0,20250401.0,27.0,0.0,0.0,1.0,39.0,3.0,7.0,
28.0,20221201.0,90.0,0.0,0.0,1.0,11.0,3.0,7.0,
28.0,20220301.0,162.0,0.0,0.0,1.0,1.0,3.0,7.0,
28.0,20221101.0,198.0,0.0,0.0,1.0,10.0,3.0,7.0,
28.0,20220201.0,180.0,0.0,0.0,1.0,1.0,3.0,7.0,
28.0,20240101.0,162.0,0.0,0.0,1.0,24.0,3.0,7.0,
28.0,20240501.0,198.0,0.0,0.0,1.0,28.0,3.0,7.0,
28.0,20220101.0,189.0,0.0,0.0,1.0,0.0,3.0,7.0,
28.0,20220901.0,198.0,0.0,0.0,1.0,8.0,3.0,7.0,
3.0,20250101.0,193.06,0.0,0.0,1.0,36.0,1.0,2.0,
3.0,20250101.0,126.93,0.0,0.0,1.0,36.0,1.0,2.0,
3.0,20231001.0,201.43,0.0,0.0,1.0,21.0,1.0,2.0,
3.0,20220101.0,167.96,0.0,0.0,1.0,0.0,1.0,2.0,
3.0,20230401.0,130.74,0.0,0.0,1.0,15.0,1.0,2.0,
3.0,20230301.0,178.31,0.0,0.0,1.0,14.0,1.0,2.0,
3.0,20250501.0,181.48,0.0,0.0,1.0,40.0,1.0,2.0,
3.0,20230101.0,189.07,0.0,0.0,1.0,12.0,1.0,2.0,
3.0,20240801.0,127.93,0.0,0.0,1.0,31.0,1.0,2.0,
3.0,20241101.0,182.15,0.0,0.0,1.0,34.0,1.0,2.0,
3.0,20220501.0,182.87,0.0,0.0,1.0,4.0,1.0,2.0,
3.0,20241001.0,201.34,0.0,0.0,1.0,33.0,1.0,2.0,
3.0,20240601.0,174.96,0.0,0.0,1.0,29.0,1.0,2.0,
3.0,20250301.0,126.15,0.0,0.0,1.0,38.0,1.0,2.0,
3.0,20230201.0,177.1,0.0,0.0,1.0,13.0,1.0,2.0,
3.0,20240201.0,192.58,0.0,0.0,1.0,25.0,1.0,2.0,
3.0,20230101.0,182.94,0.0,0.0,1.0,12.0,1.0,2.0,
3.0,20240301.0,136.85,0.0,0.0,1.0,26.0,1.0,2.0,
3.0,20220401.0,150.06,0.0,0.0,1.0,3.0,1.0,2.0,
3.0,20220601.0,182.47,0.0,0.0,1.0,5.0,1.0,2.0,
3.0,20241201.0,172.92,0.0,0.0,1.0,35.0,1.0,2.0,
3.0,20230801.0,146.69,0.0,0.0,1.0,19.0,1.0,2.0,
3.0,20240901.0,183.54,0.0,0.0,1.0,32.0,1.0,2.0,
3.0,20231201.0,199.1,0.0,0.0,1.0,23.0,1.0,2.0,
3.0,20221001.0,210.75,0.0,0.0,1.0,9.0,1.0,2.0,
3.0,20240101.0,183.66,0.0,0.0,1.0,24.0,1.0,2.0,
3.0,20230501.0,196.14,0.0,0.0,1.0,16.0,1.0,2.0,
3.0,20250601.0,179.11,0.0,0.0,1.0,41.0,1.0,2.0,
3.0,20230901.0,183.26,0.0,0.0,1.0,20.0,1.0,2.0,
3.0,20240401.0,166.46,0.0,0.0,1.0,27.0,1.0,2.0,
3.0,20231101.0,219.47,0.0,0.0,1.0,22.0,1.0,2.0,
3.0,20250201.0,146.6,0.0,0.0,1.0,37.0,1.0,2.0,
3.0,20230601.0,168.64,0.0,0.0,1.0,17.0,1.0,2.0,
3.0,20250401.0,183.74,0.0,0.0,1.0,39.0,1.0,2.0,
3.0,20221201.0,190.29,0.0,0.0,1.0,11.0,1.0,2.0,
3.0,20220301.0,139.24,0.0,0.0,1.0,1.0,1.0,2.0,
3.0,20221101.0,213.22,0.0,0.0,1.0,10.0,1.0,2.0,
3.0,20220201.0,172.7,0.0,0.0,1.0,1.0,1.0,2.0,
3.0,20240101.0,184.48,0.0,0.0,1.0,24.0,1.0,2.0,
3.0,20240501.0,194.99,0.0,0.0,1.0,28.0,1.0,2.0,
3.0,20220101.0,200.28,0.0,0.0,1.0,0.0,1.0,2.0,
3.0,20220901.0,216.38,0.0,0.0,1.0,8.0,1.0,2.0,
29.0,20250101.0,180.56,0.0,0.0,1.0,36.0,1.0,3.0,
29.0,20250101.0,126.12,0.0,0.0,1.0,36.0,1.0,3.0,
29.0,20231001.0,184.88,0.0,0.0,1.0,21.0,1.0,3.0,
29.0,20220101.0,157.61,0.0,0.0,1.0,0.0,1.0,3.0,
29.0,20230401.0,119.44,0.0,0.0,1.0,15.0,1.0,3.0,
29.0,20230301.0,175.73,0.0,0.0,1.0,14.0,1.0,3.0,
29.0,20250501.0,172.89,0.0,0.0,1.0,40.0,1.0,3.0,
29.0,20230101.0,190.19,0.0,0.0,1.0,12.0,1.0,3.0,
29.0,20240801.0,82.12,0.0,0.0,1.0,31.0,1.0,3.0,
29.0,20241101.0,172.7,0.0,0.0,1.0,34.0,1.0,3.0,
29.0,20220501.0,174.53,0.0,0.0,1.0,4.0,1.0,3.0,
29.0,20241001.0,200.04,0.0,0.0,1.0,33.0,1.0,3.0,
29.0,20240601.0,146.26,0.0,0.0,1.0,29.0,1.0,3.0,
29.0,20250301.0,128.51,0.0,0.0,1.0,38.0,1.0,3.0,
29.0,20230201.0,162.97,0.0,0.0,1.0,13.0,1.0,3.0,
29.0,20240201.0,173.56,0.0,0.0,1.0,25.0,1.0,3.0,
29.0,20230101.0,153.69,0.0,0.0,1.0,12.0,1.0,3.0,
29.0,20240301.0,144.63,0.0,0.0,1.0,26.0,1.0,3.0,
29.0,20220401.0,125.15,0.0,0.0,1.0,3.0,1.0,3.0,
29.0,20220601.0,202.11,0.0,0.0,1.0,5.0,1.0,3.0,
29.0,20241201.0,163.1,0.0,0.0,1.0,35.0,1.0,3.0,
29.0,20230801.0,81.53,0.0,0.0,1.0,19.0,1.0,3.0,
29.0,20240901.0,181.91,0.0,0.0,1.0,32.0,1.0,3.0,
29.0,20231201.0,143.94,0.0,0.0,1.0,23.0,1.0,3.0,
29.0,20221001.0,180.29,0.0,0.0,1.0,9.0,1.0,3.0,
29.0,20240101.0,191.65,0.0,0.0,1.0,24.0,1.0,3.0,
29.0,20230501.0,178.51,0.0,0.0,1.0,16.0,1.0,3.0,
29.0,20250601.0,170.27,0.0,0.0,1.0,41.0,1.0,3.0,
29.0,20230901.0,181.35,0.0,0.0,1.0,20.0,1.0,3.0,
29.0,20240401.0,145.57,0.0,0.0,1.0,27.0,1.0,3.0,
29.0,20231101.0,191.8,0.0,0.0,1.0,22.0,1.0,3.0,
29.0,20250201.0,172.75,0.0,0.0,1.0,37.0,1.0,3.0,
29.0,20230601.0,160.82,0.0,0.0,1.0,17.0,1.0,3.0,
29.0,20250401.0,150.2,0.0,0.0,1.0,39.0,1.0,3.0,
29.0,20221201.0,145.02,0.0,0.0,1.0,11.0,1.0,3.0,
29.0,20220301.0,190.5,0.0,0.0,1.0,1.0,1.0,3.0,
29.0,20221101.0,188.94,0.0,0.0,1.0,10.0,1.0,3.0,
29.0,20220201.0,172.12,0.0,0.0,1.0,1.0,1.0,3.0,
29.0,20240101.0,198.27,0.0,0.0,1.0,24.0,1.0,3.0,
29.0,20240501.0,182.58,0.0,0.0,1.0,28.0,1.0,3.0,
29.0,20220101.0,170.85,0.0,0.0,1.0,0.0,1.0,3.0,
29.0,20220901.0,199.65,0.0,0.0,1.0,8.0,1.0,3.0,
30.0,20250101.0,181.74,0.0,0.0,1.0,36.0,1.0,3.0,
30.0,20250101.0,127.28,0.0,0.0,1.0,36.0,1.0,3.0,
30.0,20231001.0,172.73,0.0,0.0,1.0,21.0,1.0,3.0,
30.0,20220101.0,176.1,0.0,0.0,1.0,0.0,1.0,3.0,
30.0,20230401.0,127.51,0.0,0.0,1.0,15.0,1.0,3.0,
30.0,20230301.0,168.16,0.0,0.0,1.0,14.0,1.0,3.0,
30.0,20250501.0,173.27,0.0,0.0,1.0,40.0,1.0,3.0,
30.0,20230101.0,190.2,0.0,0.0,1.0,12.0,1.0,3.0,
30.0,20240801.0,63.32,0.0,0.0,1.0,31.0,1.0,3.0,
30.0,20241101.0,199.71,0.0,0.0,1.0,34.0,1.0,3.0,
30.0,20220501.0,180.21,0.0,0.0,1.0,4.0,1.0,3.0,
30.0,20241001.0,199.22,0.0,0.0,1.0,33.0,1.0,3.0,
30.0,20240601.0,154.12,0.0,0.0,1.0,29.0,1.0,3.0,
30.0,20250301.0,133.59,0.0,0.0,1.0,38.0,1.0,3.0,
30.0,20230201.0,172.52,0.0,0.0,1.0,13.0,1.0,3.0,
30.0,20240201.0,188.79,0.0,0.0,1.0,25.0,1.0,3.0,
30.0,20230101.0,172.89,0.0,0.0,1.0,12.0,1.0,3.0,
30.0,20240301.0,98.97,0.0,0.0,1.0,26.0,1.0,3.0,
30.0,20220401.0,138.77,0.0,0.0,1.0,3.0,1.0,3.0,
30.0,20220601.0,181.18,0.0,0.0,1.0,5.0,1.0,3.0,
30.0,20241201.0,149.8,0.0,0.0,1.0,35.0,1.0,3.0,
30.0,20230801.0,67.53,0.0,0.0,1.0,19.0,1.0,3.0,
30.0,20240901.0,180.95,0.0,0.0,1.0,32.0,1.0,3.0,
30.0,20231201.0,131.69,0.0,0.0,1.0,23.0,1.0,3.0,
30.0,20221001.0,167.62,0.0,0.0,1.0,9.0,1.0,3.0,
30.0,20240101.0,190.68,0.0,0.0,1.0,24.0,1.0,3.0,
30.0,20230501.0,187.07,0.0,0.0,1.0,16.0,1.0,3.0,
30.0,20250601.0,163.97,0.0,0.0,1.0,41.0,1.0,3.0,
30.0,20230901.0,190.45,0.0,0.0,1.0,20.0,1.0,3.0,
30.0,20240401.0,122.96,0.0,0.0,1.0,27.0,1.0,3.0,
30.0,20231101.0,191.46,0.0,0.0,1.0,22.0,1.0,3.0,
30.0,20250201.0,163.38,0.0,0.0,1.0,37.0,1.0,3.0,
30.0,20230601.0,170.0,0.0,0.0,1.0,17.0,1.0,3.0,
30.0,20250401.0,181.33,0.0,0.0,1.0,39.0,1.0,3.0,
30.0,20221201.0,117.34,0.0,0.0,1.0,11.0,1.0,3.0,
30.0,20220301.0,196.98,0.0,0.0,1.0,1.0,1.0,3.0,
30.0,20221101.0,175.83,0.0,0.0,1.0,10.0,1.0,3.0,
30.0,20220201.0,181.91,0.0,0.0,1.0,1.0,1.0,3.0,
30.0,20240101.0,199.34,0.0,0.0,1.0,24.0,1.0,3.0,
30.0,20240501.0,200.15,0.0,0.0,1.0,28.0,1.0,3.0,
30.0,20220101.0,157.79,0.0,0.0,1.0,0.0,1.0,3.0,
30.0,20220901.0,180.21,0.0,0.0,1.0,8.0,1.0,3.0,
4.0,20250101.0,182.86,0.0,0.0,1.0,36.0,2.0,22.0,
4.0,20250101.0,119.01,0.0,0.0,1.0,36.0,2.0,22.0,
4.0,20231001.0,163.28,0.0,0.0,1.0,21.0,2.0,22.0,
4.0,20220101.0,150.18,0.0,0.0,1.0,0.0,2.0,22.0,
4.0,20230401.0,130.74,0.0,0.0,1.0,15.0,2.0,22.0,
4.0,20230301.0,165.22,0.0,0.0,1.0,14.0,2.0,22.0,
4.0,20250501.0,177.75,0.0,0.0,1.0,40.0,2.0,22.0,
4.0,20230101.0,190.3,0.0,0.0,1.0,12.0,2.0,22.0,
4.0,20240801.0,155.78,0.0,0.0,1.0,31.0,2.0,22.0,
4.0,20241101.0,155.14,0.0,0.0,1.0,34.0,2.0,22.0,
4.0,20220501.0,144.35,0.0,0.0,1.0,4.0,2.0,22.0,
4.0,20241001.0,191.14,0.0,0.0,1.0,33.0,2.0,22.0,
4.0,20240601.0,144.87,0.0,0.0,1.0,29.0,2.0,22.0,
4.0,20250301.0,137.04,0.0,0.0,1.0,38.0,2.0,22.0,
4.0,20230201.0,171.17,0.0,0.0,1.0,13.0,2.0,22.0,
4.0,20240201.0,151.81,0.0,0.0,1.0,25.0,2.0,22.0,
4.0,20230101.0,146.07,0.0,0.0,1.0,12.0,2.0,22.0,
4.0,20240301.0,91.16,0.0,0.0,1.0,26.0,2.0,22.0,
4.0,20220401.0,131.5,0.0,0.0,1.0,3.0,2.0,22.0,
4.0,20220601.0,191.18,0.0,0.0,1.0,5.0,2.0,22.0,
4.0,20241201.0,179.01,0.0,0.0,1.0,35.0,2.0,22.0,
4.0,20230801.0,154.58,0.0,0.0,1.0,19.0,2.0,22.0,
4.0,20240901.0,182.48,0.0,0.0,1.0,32.0,2.0,22.0,
4.0,20231201.0,181.25,0.0,0.0,1.0,23.0,2.0,22.0,
4.0,20221001.0,156.75,0.0,0.0,1.0,9.0,2.0,22.0,
4.0,20240101.0,184.8,0.0,0.0,1.0,24.0,2.0,22.0,
4.0,20230501.0,186.94,0.0,0.0,1.0,16.0,2.0,22.0,
4.0,20250601.0,163.19,0.0,0.0,1.0,41.0,2.0,22.0,
4.0,20230901.0,170.75,0.0,0.0,1.0,20.0,2.0,22.0,
4.0,20240401.0,149.96,0.0,0.0,1.0,27.0,2.0,22.0,
4.0,20231101.0,182.85,0.0,0.0,1.0,22.0,2.0,22.0,
4.0,20250201.0,174.15,0.0,0.0,1.0,37.0,2.0,22.0,
4.0,20230601.0,138.0,0.0,0.0,1.0,17.0,2.0,22.0,
4.0,20250401.0,164.58,0.0,0.0,1.0,39.0,2.0,22.0,
4.0,20221201.0,182.19,0.0,0.0,1.0,11.0,2.0,22.0,
4.0,20220301.0,191.03,0.0,0.0,1.0,1.0,2.0,22.0,
4.0,20221101.0,171.59,0.0,0.0,1.0,10.0,2.0,22.0,
4.0,20220201.0,182.37,0.0,0.0,1.0,1.0,2.0,22.0,
4.0,20240101.0,190.62,0.0,0.0,1.0,24.0,2.0,22.0,
4.0,20240501.0,187.84,0.0,0.0,1.0,28.0,2.0,22.0,
4.0,20220101.0,197.31,0.0,0.0,1.0,0.0,2.0,22.0,
4.0,20220901.0,181.31,0.0,0.0,1.0,8.0,2.0,22.0,
31.0,20250101.0,198.0,0.0,0.0,1.0,36.0,4.0,4.0,
31.0,20250101.0,126.0,0.0,0.0,1.0,36.0,4.0,4.0,
31.0,20231001.0,198.0,0.0,0.0,1.0,21.0,4.0,4.0,
31.0,20220101.0,144.0,0.0,0.0,1.0,0.0,4.0,4.0,
31.0,20230401.0,133.5,0.0,0.0,1.0,15.0,4.0,4.0,
31.0,20230301.0,180.5,0.0,0.0,1.0,14.0,4.0,4.0,
31.0,20250501.0,189.0,0.0,0.0,1.0,40.0,4.0,4.0,
31.0,20230101.0,198.0,0.0,0.0,1.0,12.0,4.0,4.0,
31.0,20240801.0,108.0,0.0,0.0,1.0,31.0,4.0,4.0,
31.0,20241101.0,184.5,0.0,0.0,1.0,34.0,4.0,4.0,
31.0,20220501.0,180.0,0.0,0.0,1.0,4.0,4.0,4.0,
31.0,20241001.0,207.0,0.0,0.0,1.0,33.0,4.0,4.0,
31.0,20240601.0,162.0,0.0,0.0,1.0,29.0,4.0,4.0,
31.0,20250301.0,133.0,0.0,0.0,1.0,38.0,4.0,4.0,
31.0,20230201.0,180.0,0.0,0.0,1.0,13.0,4.0,4.0,
31.0,20240201.0,180.0,0.0,0.0,1.0,25.0,4.0,4.0,
31.0,20230101.0,135.0,0.0,0.0,1.0,12.0,4.0,4.0,
31.0,20240301.0,145.0,0.0,0.0,1.0,26.0,4.0,4.0,
31.0,20220401.0,149.0,0.0,0.0,1.0,3.0,4.0,4.0,
31.0,20220601.0,198.0,0.0,0.0,1.0,5.0,4.0,4.0,
31.0,20241201.0,126.0,0.0,0.0,1.0,35.0,4.0,4.0,
31.0,20230801.0,171.0,0.0,0.0,1.0,19.0,4.0,4.0,
31.0,20240901.0,189.0,0.0,0.0,1.0,32.0,4.0,4.0,
31.0,20231201.0,144.0,0.0,0.0,1.0,23.0,4.0,4.0,
31.0,20221001.0,189.0,0.0,0.0,1.0,9.0,4.0,4.0,
31.0,20240101.0,189.0,0.0,0.0,1.0,24.0,4.0,4.0,
31.0,20230501.0,198.0,0.0,0.0,1.0,16.0,4.0,4.0,
31.0,20250601.0,177.0,0.0,0.0,1.0,41.0,4.0,4.0,
31.0,20230901.0,180.0,0.0,0.0,1.0,20.0,4.0,4.0,
31.0,20240401.0,111.0,0.0,0.0,1.0,27.0,4.0,4.0,
31.0,20231101.0,198.0,0.0,0.0,1.0,22.0,4.0,4.0,
31.0,20250201.0,180.0,0.0,0.0,1.0,37.0,4.0,4.0,
31.0,20230601.0,169.0,0.0,0.0,1.0,17.0,4.0,4.0,
31.0,20250401.0,189.0,0.0,0.0,1.0,39.0,4.0,4.0,
31.0,20221201.0,193.0,0.0,0.0,1.0,11.0,4.0,4.0,
31.0,20220301.0,198.0,0.0,0.0,1.0,1.0,4.0,4.0,
31.0,20221101.0,189.0,0.0,0.0,1.0,10.0,4.0,4.0,
31.0,20220201.0,180.0,0.0,0.0,1.0,1.0,4.0,4.0,
31.0,20240101.0,198.0,0.0,0.0,1.0,24.0,4.0,4.0,
31.0,20240501.0,198.0,0.0,0.0,1.0,28.0,4.0,4.0,
31.0,20220101.0,189.0,0.0,0.0,1.0,0.0,4.0,4.0,
31.0,20220901.0,198.0,0.0,0.0,1.0,8.0,4.0,4.0,
32.0,20250101.0,198.0,0.0,0.0,1.0,36.0,1.0,1.0,
32.0,20250101.0,126.0,0.0,0.0,1.0,36.0,1.0,1.0,
32.0,20231001.0,196.72,0.0,0.0,1.0,21.0,1.0,1.0,
32.0,20220101.0,136.45,0.0,0.0,1.0,0.0,1.0,1.0,
32.0,20230401.0,62.7,0.0,0.0,1.0,15.0,1.0,1.0,
32.0,20230301.0,180.86,0.0,0.0,1.0,14.0,1.0,1.0,
32.0,20250501.0,189.0,0.0,0.0,1.0,40.0,1.0,1.0,
32.0,20230101.0,189.94,0.0,0.0,1.0,12.0,1.0,1.0,
32.0,20240801.0,108.0,0.0,0.0,1.0,31.0,1.0,1.0,
32.0,20241101.0,144.0,0.0,0.0,1.0,34.0,1.0,1.0,
32.0,20220501.0,173.12,0.0,0.0,1.0,4.0,1.0,1.0,
32.0,20241001.0,207.0,0.0,0.0,1.0,33.0,1.0,1.0,
32.0,20240601.0,162.0,0.0,0.0,1.0,29.0,1.0,1.0,
32.0,20250301.0,133.0,0.0,0.0,1.0,38.0,1.0,1.0,
32.0,20230201.0,180.45,0.0,0.0,1.0,13.0,1.0,1.0,
32.0,20240201.0,189.12,0.0,0.0,1.0,25.0,1.0,1.0,
32.0,20230101.0,162.0,0.0,0.0,1.0,12.0,1.0,1.0,
32.0,20240301.0,143.19,0.0,0.0,1.0,26.0,1.0,1.0,
32.0,20220401.0,134.43,0.0,0.0,1.0,3.0,1.0,1.0,
32.0,20220601.0,199.13,0.0,0.0,1.0,5.0,1.0,1.0,
32.0,20241201.0,175.82,0.0,0.0,1.0,35.0,1.0,1.0,
32.0,20230801.0,144.72,0.0,0.0,1.0,19.0,1.0,1.0,
32.0,20240901.0,144.0,0.0,0.0,1.0,32.0,1.0,1.0,
32.0,20231201.0,186.35,0.0,0.0,1.0,23.0,1.0,1.0,
32.0,20221001.0,190.42,0.0,0.0,1.0,9.0,1.0,1.0,
32.0,20240101.0,198.0,0.0,0.0,1.0,24.0,1.0,1.0,
32.0,20230501.0,18.0,0.0,0.0,1.0,16.0,1.0,1.0,
32.0,20250601.0,177.0,0.0,0.0,1.0,41.0,1.0,1.0,
32.0,20230901.0,146.55,0.0,0.0,1.0,20.0,1.0,1.0,
32.0,20240401.0,127.0,0.0,0.0,1.0,27.0,1.0,1.0,
32.0,20231101.0,171.56,0.0,0.0,1.0,22.0,1.0,1.0,
32.0,20250201.0,180.0,0.0,0.0,1.0,37.0,1.0,1.0,
32.0,20230601.0,169.0,0.0,0.0,1.0,17.0,1.0,1.0,
32.0,20250401.0,148.5,0.0,0.0,1.0,39.0,1.0,1.0,
32.0,20221201.0,193.23,0.0,0.0,1.0,11.0,1.0,1.0,
32.0,20220301.0,205.05,0.0,0.0,1.0,1.0,1.0,1.0,
32.0,20221101.0,196.13,0.0,0.0,1.0,10.0,1.0,1.0,
32.0,20220201.0,177.96,0.0,0.0,1.0,1.0,1.0,1.0,
32.0,20240101.0,162.55,0.0,0.0,1.0,24.0,1.0,1.0,
32.0,20240501.0,197.22,0.0,0.0,1.0,28.0,1.0,1.0,
32.0,20220101.0,163.9,0.0,0.0,1.0,0.0,1.0,1.0,
32.0,20220901.0,198.57,0.0,0.0,1.0,8.0,1.0,1.0,
33.0,20250101.0,18.1,0.0,0.0,1.0,36.0,1.0,3.0,
33.0,20250101.0,134.54,0.0,0.0,1.0,36.0,1.0,3.0,
33.0,20231001.0,189.56,0.0,0.0,1.0,21.0,1.0,3.0,
33.0,20220101.0,175.22,0.0,0.0,1.0,0.0,1.0,3.0,
33.0,20230401.0,126.24,0.0,0.0,1.0,15.0,1.0,3.0,
33.0,20230301.0,182.76,0.0,0.0,1.0,14.0,1.0,3.0,
33.0,20250501.0,191.65,0.0,0.0,1.0,40.0,1.0,3.0,
33.0,20230101.0,189.64,0.0,0.0,1.0,12.0,1.0,3.0,
33.0,20240801.0,90.13,0.0,0.0,1.0,31.0,1.0,3.0,
33.0,20241101.0,198.87,0.0,0.0,1.0,34.0,1.0,3.0,
33.0,20220501.0,189.86,0.0,0.0,1.0,4.0,1.0,3.0,
33.0,20241001.0,206.53,0.0,0.0,1.0,33.0,1.0,3.0,
33.0,20240601.0,163.39,0.0,0.0,1.0,29.0,1.0,3.0,
33.0,20250301.0,0.0,0.0,0.0,1.0,38.0,1.0,3.0,
33.0,20230201.0,189.93,0.0,0.0,1.0,13.0,1.0,3.0,
33.0,20240201.0,200.12,0.0,0.0,1.0,25.0,1.0,3.0,
33.0,20230101.0,187.36,0.0,0.0,1.0,12.0,1.0,3.0,
33.0,20240301.0,144.42,0.0,0.0,1.0,26.0,1.0,3.0,
33.0,20220401.0,140.15,0.0,0.0,1.0,3.0,1.0,3.0,
33.0,20220601.0,185.49,0.0,0.0,1.0,5.0,1.0,3.0,
33.0,20241201.0,145.06,0.0,0.0,1.0,35.0,1.0,3.0,
33.0,20230801.0,80.55,0.0,0.0,1.0,19.0,1.0,3.0,
33.0,20240901.0,181.21,0.0,0.0,1.0,32.0,1.0,3.0,
33.0,20231201.0,143.43,0.0,0.0,1.0,23.0,1.0,3.0,
33.0,20221001.0,187.79,0.0,0.0,1.0,9.0,1.0,3.0,
33.0,20240101.0,200.43,0.0,0.0,1.0,24.0,1.0,3.0,
33.0,20230501.0,116.74,0.0,0.0,1.0,16.0,1.0,3.0,
33.0,20250601.0,159.94,0.0,0.0,1.0,41.0,1.0,3.0,
33.0,20230901.0,181.18,0.0,0.0,1.0,20.0,1.0,3.0,
33.0,20240401.0,165.67,0.0,0.0,1.0,27.0,1.0,3.0,
33.0,20231101.0,200.11,0.0,0.0,1.0,22.0,1.0,3.0,
33.0,20250201.0,0.0,0.0,0.0,1.0,37.0,1.0,3.0,
33.0,20230601.0,178.35,0.0,0.0,1.0,17.0,1.0,3.0,
33.0,20250401.0,70.59,0.0,0.0,1.0,39.0,1.0,3.0,
33.0,20221201.0,136.17,0.0,0.0,1.0,11.0,1.0,3.0,
33.0,20220301.0,212.2,0.0,0.0,1.0,1.0,1.0,3.0,
33.0,20221101.0,197.37,0.0,0.0,1.0,10.0,1.0,3.0,
33.0,20220201.0,181.67,0.0,0.0,1.0,1.0,1.0,3.0,
33.0,20240101.0,175.18,0.0,0.0,1.0,24.0,1.0,3.0,
33.0,20240501.0,201.94,0.0,0.0,1.0,28.0,1.0,3.0,
33.0,20220101.0,161.97,0.0,0.0,1.0,0.0,1.0,3.0,
33.0,20220901.0,199.82,0.0,0.0,1.0,8.0,1.0,3.0,
34.0,20250101.0,175.43,0.0,0.0,1.0,36.0,1.0,3.0,
34.0,20250101.0,130.31,0.0,0.0,1.0,36.0,1.0,3.0,
34.0,20231001.0,188.66,0.0,0.0,1.0,21.0,1.0,3.0,
34.0,20220101.0,139.42,0.0,0.0,1.0,0.0,1.0,3.0,
34.0,20230401.0,121.23,0.0,0.0,1.0,15.0,1.0,3.0,
34.0,20230301.0,184.87,0.0,0.0,1.0,14.0,1.0,3.0,
34.0,20250501.0,162.89,0.0,0.0,1.0,40.0,1.0,3.0,
34.0,20230101.0,184.58,0.0,0.0,1.0,12.0,1.0,3.0,
34.0,20240801.0,114.77,0.0,0.0,1.0,31.0,1.0,3.0,
34.0,20241101.0,177.76,0.0,0.0,1.0,34.0,1.0,3.0,
34.0,20220501.0,174.39,0.0,0.0,1.0,4.0,1.0,3.0,
34.0,20241001.0,182.39,0.0,0.0,1.0,33.0,1.0,3.0,
34.0,20240601.0,145.65,0.0,0.0,1.0,29.0,1.0,3.0,
34.0,20250301.0,120.55,0.0,0.0,1.0,38.0,1.0,3.0,
34.0,20230201.0,178.12,0.0,0.0,1.0,13.0,1.0,3.0,
34.0,20240201.0,169.66,0.0,0.0,1.0,25.0,1.0,3.0,
34.0,20230101.0,169.45,0.0,0.0,1.0,12.0,1.0,3.0,
34.0,20240301.0,131.62,0.0,0.0,1.0,26.0,1.0,3.0,
34.0,20220401.0,139.61,0.0,0.0,1.0,3.0,1.0,3.0,
34.0,20220601.0,162.38,0.0,0.0,1.0,5.0,1.0,3.0,
34.0,20241201.0,172.94,0.0,0.0,1.0,35.0,1.0,3.0,
34.0,20230801.0,96.13,0.0,0.0,1.0,19.0,1.0,3.0,
34.0,20240901.0,45.19,0.0,0.0,1.0,32.0,1.0,3.0,
34.0,20231201.0,161.03,0.0,0.0,1.0,23.0,1.0,3.0,
34.0,20221001.0,185.63,0.0,0.0,1.0,9.0,1.0,3.0,
34.0,20240101.0,159.31,0.0,0.0,1.0,24.0,1.0,3.0,
34.0,20230501.0,186.55,0.0,0.0,1.0,16.0,1.0,3.0,
34.0,20250601.0,178.21,0.0,0.0,1.0,41.0,1.0,3.0,
34.0,20230901.0,168.79,0.0,0.0,1.0,20.0,1.0,3.0,
34.0,20240401.0,141.6,0.0,0.0,1.0,27.0,1.0,3.0,
34.0,20231101.0,189.26,0.0,0.0,1.0,22.0,1.0,3.0,
34.0,20250201.0,141.02,0.0,0.0,1.0,37.0,1.0,3.0,
34.0,20230601.0,177.74,0.0,0.0,1.0,17.0,1.0,3.0,
34.0,20250401.0,184.79,0.0,0.0,1.0,39.0,1.0,3.0,
34.0,20221201.0,173.96,0.0,0.0,1.0,11.0,1.0,3.0,
34.0,20220301.0,184.44,0.0,0.0,1.0,1.0,1.0,3.0,
34.0,20221101.0,176.31,0.0,0.0,1.0,10.0,1.0,3.0,
34.0,20220201.0,154.51,0.0,0.0,1.0,1.0,1.0,3.0,
34.0,20240101.0,181.31,0.0,0.0,1.0,24.0,1.0,3.0,
34.0,20240501.0,199.8,0.0,0.0,1.0,28.0,1.0,3.0,
34.0,20220101.0,117.23,0.0,0.0,1.0,0.0,1.0,3.0,
34.0,20220901.0,189.48,0.0,0.0,1.0,8.0,1.0,3.0,
35.0,20250101.0,205.02,0.0,0.0,1.0,36.0,1.0,3.0,
35.0,20250101.0,118.89,0.0,0.0,1.0,36.0,1.0,3.0,
35.0,20231001.0,205.36,0.0,0.0,1.0,21.0,1.0,3.0,
35.0,20220101.0,168.57,0.0,0.0,1.0,0.0,1.0,3.0,
35.0,20230401.0,135.6,0.0,0.0,1.0,15.0,1.0,3.0,
35.0,20230301.0,192.18,0.0,0.0,1.0,14.0,1.0,3.0,
35.0,20250501.0,183.81,0.0,0.0,1.0,40.0,1.0,3.0,
35.0,20230101.0,185.6,0.0,0.0,1.0,12.0,1.0,3.0,
35.0,20240801.0,82.31,0.0,0.0,1.0,31.0,1.0,3.0,
35.0,20241101.0,211.96,0.0,0.0,1.0,34.0,1.0,3.0,
35.0,20220501.0,163.87,0.0,0.0,1.0,4.0,1.0,3.0,
35.0,20241001.0,216.66,0.0,0.0,1.0,33.0,1.0,3.0,
35.0,20240601.0,173.48,0.0,0.0,1.0,29.0,1.0,3.0,
35.0,20250301.0,156.41,0.0,0.0,1.0,38.0,1.0,3.0,
35.0,20230201.0,193.22,0.0,0.0,1.0,13.0,1.0,3.0,
35.0,20240201.0,193.5,0.0,0.0,1.0,25.0,1.0,3.0,
35.0,20230101.0,176.32,0.0,0.0,1.0,12.0,1.0,3.0,
35.0,20240301.0,143.7,0.0,0.0,1.0,26.0,1.0,3.0,
35.0,20220401.0,133.7,0.0,0.0,1.0,3.0,1.0,3.0,
35.0,20220601.0,200.38,0.0,0.0,1.0,5.0,1.0,3.0,
35.0,20241201.0,173.68,0.0,0.0,1.0,35.0,1.0,3.0,
35.0,20230801.0,96.17,0.0,0.0,1.0,19.0,1.0,3.0,
35.0,20240901.0,197.5,0.0,0.0,1.0,32.0,1.0,3.0,
35.0,20231201.0,169.51,0.0,0.0,1.0,23.0,1.0,3.0,
35.0,20221001.0,188.6,0.0,0.0,1.0,9.0,1.0,3.0,
35.0,20240101.0,190.2,0.0,0.0,1.0,24.0,1.0,3.0,
35.0,20230501.0,198.87,0.0,0.0,1.0,16.0,1.0,3.0,
35.0,20250601.0,180.67,0.0,0.0,1.0,41.0,1.0,3.0,
35.0,20230901.0,191.36,0.0,0.0,1.0,20.0,1.0,3.0,
35.0,20240401.0,175.15,0.0,0.0,1.0,27.0,1.0,3.0,
35.0,20231101.0,201.06,0.0,0.0,1.0,22.0,1.0,3.0,
35.0,20250201.0,189.98,0.0,0.0,1.0,37.0,1.0,3.0,
35.0,20230601.0,180.63,0.0,0.0,1.0,17.0,1.0,3.0,
35.0,20250401.0,206.15,0.0,0.0,1.0,39.0,1.0,3.0,
35.0,20221201.0,148.74,0.0,0.0,1.0,11.0,1.0,3.0,
35.0,20220301.0,209.59,0.0,0.0,1.0,1.0,1.0,3.0,
35.0,20221101.0,191.36,0.0,0.0,1.0,10.0,1.0,3.0,
35.0,20220201.0,182.71,0.0,0.0,1.0,1.0,1.0,3.0,
35.0,20240101.0,191.02,0.0,0.0,1.0,24.0,1.0,3.0,
35.0,20240501.0,206.04,0.0,0.0,1.0,28.0,1.0,3.0,
35.0,20220101.0,195.05,0.0,0.0,1.0,0.0,1.0,3.0,
35.0,20220901.0,212.28,0.0,0.0,1.0,8.0,1.0,3.0,
36.0,20250101.0,189.7,0.0,0.0,1.0,36.0,1.0,3.0,
36.0,20250101.0,135.73,0.0,0.0,1.0,36.0,1.0,3.0,
36.0,20231001.0,200.36,0.0,0.0,1.0,21.0,1.0,3.0,
36.0,20220101.0,141.59,0.0,0.0,1.0,0.0,1.0,3.0,
36.0,20230401.0,134.73,0.0,0.0,1.0,15.0,1.0,3.0,
36.0,20230301.0,178.78,0.0,0.0,1.0,14.0,1.0,3.0,
36.0,20250501.0,190.06,0.0,0.0,1.0,40.0,1.0,3.0,
36.0,20230101.0,196.83,0.0,0.0,1.0,12.0,1.0,3.0,
36.0,20240801.0,81.74,0.0,0.0,1.0,31.0,1.0,3.0,
36.0,20241101.0,189.19,0.0,0.0,1.0,34.0,1.0,3.0,
36.0,20220501.0,188.36,0.0,0.0,1.0,4.0,1.0,3.0,
36.0,20241001.0,208.36,0.0,0.0,1.0,33.0,1.0,3.0,
36.0,20240601.0,144.79,0.0,0.0,1.0,29.0,1.0,3.0,
36.0,20250301.0,135.16,0.0,0.0,1.0,38.0,1.0,3.0,
36.0,20230201.0,178.93,0.0,0.0,1.0,13.0,1.0,3.0,
36.0,20240201.0,191.12,0.0,0.0,1.0,25.0,1.0,3.0,
36.0,20230101.0,188.6,0.0,0.0,1.0,12.0,1.0,3.0,
36.0,20240301.0,143.35,0.0,0.0,1.0,26.0,1.0,3.0,
36.0,20220401.0,139.6,0.0,0.0,1.0,3.0,1.0,3.0,
36.0,20220601.0,171.69,0.0,0.0,1.0,5.0,1.0,3.0,
36.0,20241201.0,159.04,0.0,0.0,1.0,35.0,1.0,3.0,
36.0,20230801.0,69.94,0.0,0.0,1.0,19.0,1.0,3.0,
36.0,20240901.0,166.71,0.0,0.0,1.0,32.0,1.0,3.0,
36.0,20231201.0,142.07,0.0,0.0,1.0,23.0,1.0,3.0,
36.0,20221001.0,187.5,0.0,0.0,1.0,9.0,1.0,3.0,
36.0,20240101.0,200.63,0.0,0.0,1.0,24.0,1.0,3.0,
36.0,20230501.0,197.84,0.0,0.0,1.0,16.0,1.0,3.0,
36.0,20250601.0,170.27,0.0,0.0,1.0,41.0,1.0,3.0,
36.0,20230901.0,189.52,0.0,0.0,1.0,20.0,1.0,3.0,
36.0,20240401.0,161.62,0.0,0.0,1.0,27.0,1.0,3.0,
36.0,20231101.0,191.34,0.0,0.0,1.0,22.0,1.0,3.0,
36.0,20250201.0,181.95,0.0,0.0,1.0,37.0,1.0,3.0,
36.0,20230601.0,148.74,0.0,0.0,1.0,17.0,1.0,3.0,
36.0,20250401.0,182.1,0.0,0.0,1.0,39.0,1.0,3.0,
36.0,20221201.0,152.98,0.0,0.0,1.0,11.0,1.0,3.0,
36.0,20220301.0,207.23,0.0,0.0,1.0,1.0,1.0,3.0,
36.0,20221101.0,195.39,0.0,0.0,1.0,10.0,1.0,3.0,
36.0,20220201.0,180.61,0.0,0.0,1.0,1.0,1.0,3.0,
36.0,20240101.0,189.55,0.0,0.0,1.0,24.0,1.0,3.0,
36.0,20240501.0,199.72,0.0,0.0,1.0,28.0,1.0,3.0,
36.0,20220101.0,171.4,0.0,0.0,1.0,0.0,1.0,3.0,
36.0,20220901.0,196.31,0.0,0.0,1.0,8.0,1.0,3.0,
608.0,20220101.0,87.07,0.0,0.0,1.0,0.0,1.0,22.0,
37.0,20250101.0,198.0,0.0,0.0,1.0,36.0,1.0,2.0,
37.0,20250101.0,126.0,0.0,0.0,1.0,36.0,1.0,2.0,
37.0,20231001.0,198.0,0.0,0.0,1.0,21.0,1.0,2.0,
37.0,20220101.0,180.0,0.0,0.0,1.0,0.0,1.0,2.0,
37.0,20230401.0,133.5,0.0,0.0,1.0,15.0,1.0,2.0,
37.0,20230301.0,180.5,0.0,0.0,1.0,14.0,1.0,2.0,
37.0,20250501.0,189.0,0.0,0.0,1.0,40.0,1.0,2.0,
37.0,20230101.0,198.0,0.0,0.0,1.0,12.0,1.0,2.0,
37.0,20240801.0,198.0,0.0,0.0,1.0,31.0,1.0,2.0,
37.0,20241101.0,189.0,0.0,0.0,1.0,34.0,1.0,2.0,
37.0,20220501.0,189.0,0.0,0.0,1.0,4.0,1.0,2.0,
37.0,20241001.0,207.0,0.0,0.0,1.0,33.0,1.0,2.0,
37.0,20240601.0,171.0,0.0,0.0,1.0,29.0,1.0,2.0,
37.0,20250301.0,133.0,0.0,0.0,1.0,38.0,1.0,2.0,
37.0,20230201.0,180.0,0.0,0.0,1.0,13.0,1.0,2.0,
37.0,20240201.0,189.0,0.0,0.0,1.0,25.0,1.0,2.0,
37.0,20230101.0,180.0,0.0,0.0,1.0,12.0,1.0,2.0,
37.0,20240301.0,145.0,0.0,0.0,1.0,26.0,1.0,2.0,
37.0,20220401.0,139.0,0.0,0.0,1.0,3.0,1.0,2.0,
37.0,20220601.0,198.0,0.0,0.0,1.0,5.0,1.0,2.0,
37.0,20241201.0,184.5,0.0,0.0,1.0,35.0,1.0,2.0,
37.0,20230801.0,117.0,0.0,0.0,1.0,19.0,1.0,2.0,
37.0,20240901.0,189.0,0.0,0.0,1.0,32.0,1.0,2.0,
37.0,20231201.0,153.0,0.0,0.0,1.0,23.0,1.0,2.0,
37.0,20221001.0,189.0,0.0,0.0,1.0,9.0,1.0,2.0,
37.0,20240101.0,198.0,0.0,0.0,1.0,24.0,1.0,2.0,
37.0,20230501.0,198.0,0.0,0.0,1.0,16.0,1.0,2.0,
37.0,20250601.0,177.0,0.0,0.0,1.0,41.0,1.0,2.0,
37.0,20230901.0,180.0,0.0,0.0,1.0,20.0,1.0,2.0,
37.0,20240401.0,162.5,0.0,0.0,1.0,27.0,1.0,2.0,
37.0,20231101.0,198.0,0.0,0.0,1.0,22.0,1.0,2.0,
37.0,20250201.0,180.0,0.0,0.0,1.0,37.0,1.0,2.0,
37.0,20230601.0,178.0,0.0,0.0,1.0,17.0,1.0,2.0,
37.0,20250401.0,189.0,0.0,0.0,1.0,39.0,1.0,2.0,
37.0,20221201.0,193.0,0.0,0.0,1.0,11.0,1.0,2.0,
37.0,20220301.0,207.0,0.0,0.0,1.0,1.0,1.0,2.0,
37.0,20221101.0,198.0,0.0,0.0,1.0,10.0,1.0,2.0,
37.0,20220201.0,180.0,0.0,0.0,1.0,1.0,1.0,2.0,
37.0,20240501.0,198.0,0.0,0.0,1.0,28.0,1.0,2.0,
37.0,20220101.0,189.0,0.0,0.0,1.0,0.0,1.0,2.0,
37.0,20220901.0,198.0,0.0,0.0,1.0,8.0,1.0,2.0,
38.0,20250101.0,178.04,0.0,0.0,1.0,36.0,1.0,3.0,
38.0,20250101.0,124.01,0.0,0.0,1.0,36.0,1.0,3.0,
38.0,20231001.0,200.64,0.0,0.0,1.0,21.0,1.0,3.0,
38.0,20220101.0,161.08,0.0,0.0,1.0,0.0,1.0,3.0,
38.0,20230401.0,122.83,0.0,0.0,1.0,15.0,1.0,3.0,
38.0,20230301.0,181.27,0.0,0.0,1.0,14.0,1.0,3.0,
38.0,20250501.0,174.88,0.0,0.0,1.0,40.0,1.0,3.0,
38.0,20230101.0,196.84,0.0,0.0,1.0,12.0,1.0,3.0,
38.0,20240801.0,159.01,0.0,0.0,1.0,31.0,1.0,3.0,
38.0,20241101.0,180.25,0.0,0.0,1.0,34.0,1.0,3.0,
38.0,20220501.0,165.79,0.0,0.0,1.0,4.0,1.0,3.0,
38.0,20241001.0,205.34,0.0,0.0,1.0,33.0,1.0,3.0,
38.0,20240601.0,156.3,0.0,0.0,1.0,29.0,1.0,3.0,
38.0,20250301.0,113.65,0.0,0.0,1.0,38.0,1.0,3.0,
38.0,20230201.0,181.84,0.0,0.0,1.0,13.0,1.0,3.0,
38.0,20240201.0,189.69,0.0,0.0,1.0,25.0,1.0,3.0,
38.0,20230101.0,180.51,0.0,0.0,1.0,12.0,1.0,3.0,
38.0,20240301.0,137.47,0.0,0.0,1.0,26.0,1.0,3.0,
38.0,20220401.0,132.21,0.0,0.0,1.0,3.0,1.0,3.0,
38.0,20220601.0,161.7,0.0,0.0,1.0,5.0,1.0,3.0,
38.0,20241201.0,175.1,0.0,0.0,1.0,35.0,1.0,3.0,
38.0,20230801.0,114.26,0.0,0.0,1.0,19.0,1.0,3.0,
38.0,20240901.0,162.68,0.0,0.0,1.0,32.0,1.0,3.0,
38.0,20231201.0,130.14,0.0,0.0,1.0,23.0,1.0,3.0,
38.0,20221001.0,190.01,0.0,0.0,1.0,9.0,1.0,3.0,
38.0,20240101.0,198.05,0.0,0.0,1.0,24.0,1.0,3.0,
38.0,20230501.0,187.66,0.0,0.0,1.0,16.0,1.0,3.0,
38.0,20250601.0,134.44,0.0,0.0,1.0,41.0,1.0,3.0,
38.0,20230901.0,179.25,0.0,0.0,1.0,20.0,1.0,3.0,
38.0,20240401.0,141.55,0.0,0.0,1.0,27.0,1.0,3.0,
38.0,20231101.0,190.27,0.0,0.0,1.0,22.0,1.0,3.0,
38.0,20250201.0,152.94,0.0,0.0,1.0,37.0,1.0,3.0,
38.0,20230601.0,181.41,0.0,0.0,1.0,17.0,1.0,3.0,
38.0,20250401.0,178.32,0.0,0.0,1.0,39.0,1.0,3.0,
38.0,20221201.0,167.93,0.0,0.0,1.0,11.0,1.0,3.0,
38.0,20220301.0,210.29,0.0,0.0,1.0,1.0,1.0,3.0,
38.0,20221101.0,200.98,0.0,0.0,1.0,10.0,1.0,3.0,
38.0,20220201.0,174.87,0.0,0.0,1.0,1.0,1.0,3.0,
38.0,20240101.0,175.0,0.0,0.0,1.0,24.0,1.0,3.0,
38.0,20240501.0,180.62,0.0,0.0,1.0,28.0,1.0,3.0,
38.0,20220101.0,173.8,0.0,0.0,1.0,0.0,1.0,3.0,
38.0,20220901.0,198.77,0.0,0.0,1.0,8.0,1.0,3.0,
39.0,20250101.0,198.0,0.0,0.0,1.0,36.0,1.0,5.0,
39.0,20250101.0,126.0,0.0,0.0,1.0,36.0,1.0,5.0,
39.0,20231001.0,198.0,0.0,0.0,1.0,21.0,1.0,5.0,
39.0,20220101.0,180.0,0.0,0.0,1.0,0.0,1.0,5.0,
39.0,20230401.0,124.5,0.0,0.0,1.0,15.0,1.0,5.0,
39.0,20230301.0,180.5,0.0,0.0,1.0,14.0,1.0,5.0,
39.0,20250501.0,189.0,0.0,0.0,1.0,40.0,1.0,5.0,
39.0,20230101.0,198.0,0.0,0.0,1.0,12.0,1.0,5.0,
39.0,20240801.0,108.0,0.0,0.0,1.0,31.0,1.0,5.0,
39.0,20241101.0,153.0,0.0,0.0,1.0,34.0,1.0,5.0,
39.0,20220501.0,189.0,0.0,0.0,1.0,4.0,1.0,5.0,
39.0,20241001.0,207.0,0.0,0.0,1.0,33.0,1.0,5.0,
39.0,20240601.0,171.0,0.0,0.0,1.0,29.0,1.0,5.0,
39.0,20250301.0,133.0,0.0,0.0,1.0,38.0,1.0,5.0,
39.0,20230201.0,148.5,0.0,0.0,1.0,13.0,1.0,5.0,
39.0,20240201.0,189.0,0.0,0.0,1.0,25.0,1.0,5.0,
39.0,20230101.0,180.0,0.0,0.0,1.0,12.0,1.0,5.0,
39.0,20240301.0,145.0,0.0,0.0,1.0,26.0,1.0,5.0,
39.0,20220401.0,139.0,0.0,0.0,1.0,3.0,1.0,5.0,
39.0,20220601.0,198.0,0.0,0.0,1.0,5.0,1.0,5.0,
39.0,20241201.0,184.5,0.0,0.0,1.0,35.0,1.0,5.0,
39.0,20230801.0,184.5,0.0,0.0,1.0,19.0,1.0,5.0,
39.0,20240901.0,189.0,0.0,0.0,1.0,32.0,1.0,5.0,
39.0,20231201.0,185.5,0.0,0.0,1.0,23.0,1.0,5.0,
39.0,20221001.0,153.0,0.0,0.0,1.0,9.0,1.0,5.0,
39.0,20240101.0,198.0,0.0,0.0,1.0,24.0,1.0,5.0,
39.0,20230501.0,171.0,0.0,0.0,1.0,16.0,1.0,5.0,
39.0,20250601.0,177.0,0.0,0.0,1.0,41.0,1.0,5.0,
39.0,20230901.0,126.0,0.0,0.0,1.0,20.0,1.0,5.0,
39.0,20240401.0,162.5,0.0,0.0,1.0,27.0,1.0,5.0,
39.0,20231101.0,198.0,0.0,0.0,1.0,22.0,1.0,5.0,
39.0,20250201.0,180.0,0.0,0.0,1.0,37.0,1.0,5.0,
39.0,20230601.0,151.0,0.0,0.0,1.0,17.0,1.0,5.0,
39.0,20250401.0,180.0,0.0,0.0,1.0,39.0,1.0,5.0,
39.0,20221201.0,193.0,0.0,0.0,1.0,11.0,1.0,5.0,
39.0,20220301.0,153.0,0.0,0.0,1.0,1.0,1.0,5.0,
39.0,20221101.0,162.0,0.0,0.0,1.0,10.0,1.0,5.0,
39.0,20220201.0,180.0,0.0,0.0,1.0,1.0,1.0,5.0,
39.0,20240101.0,171.0,0.0,0.0,1.0,24.0,1.0,5.0,
39.0,20240501.0,198.0,0.0,0.0,1.0,28.0,1.0,5.0,
39.0,20220901.0,198.0,0.0,0.0,1.0,8.0,1.0,5.0,
40.0,20250101.0,201.62,0.0,0.0,1.0,36.0,1.0,22.0,
40.0,20250101.0,129.25,0.0,0.0,1.0,36.0,1.0,22.0,
40.0,20231001.0,199.21,0.0,0.0,1.0,21.0,1.0,22.0,
40.0,20220101.0,169.14,0.0,0.0,1.0,0.0,1.0,22.0,
40.0,20230401.0,113.43,0.0,0.0,1.0,15.0,1.0,22.0,
40.0,20230301.0,180.04,0.0,0.0,1.0,14.0,1.0,22.0,
40.0,20250501.0,194.21,0.0,0.0,1.0,40.0,1.0,22.0,
40.0,20230101.0,182.46,0.0,0.0,1.0,12.0,1.0,22.0,
40.0,20240801.0,124.85,0.0,0.0,1.0,31.0,1.0,22.0,
40.0,20241101.0,184.84,0.0,0.0,1.0,34.0,1.0,22.0,
40.0,20220501.0,173.61,0.0,0.0,1.0,4.0,1.0,22.0,
40.0,20241001.0,211.79,0.0,0.0,1.0,33.0,1.0,22.0,
40.0,20240601.0,176.03,0.0,0.0,1.0,29.0,1.0,22.0,
40.0,20250301.0,137.63,0.0,0.0,1.0,38.0,1.0,22.0,
40.0,20230201.0,181.75,0.0,0.0,1.0,13.0,1.0,22.0,
40.0,20240201.0,193.19,0.0,0.0,1.0,25.0,1.0,22.0,
40.0,20230101.0,182.55,0.0,0.0,1.0,12.0,1.0,22.0,
40.0,20240301.0,133.44,0.0,0.0,1.0,26.0,1.0,22.0,
40.0,20220401.0,139.61,0.0,0.0,1.0,3.0,1.0,22.0,
40.0,20220601.0,182.8,0.0,0.0,1.0,5.0,1.0,22.0,
40.0,20241201.0,174.76,0.0,0.0,1.0,35.0,1.0,22.0,
40.0,20230801.0,89.44,0.0,0.0,1.0,19.0,1.0,22.0,
40.0,20240901.0,193.79,0.0,0.0,1.0,32.0,1.0,22.0,
40.0,20231201.0,190.95,0.0,0.0,1.0,23.0,1.0,22.0,
40.0,20221001.0,166.16,0.0,0.0,1.0,9.0,1.0,22.0,
40.0,20240101.0,203.36,0.0,0.0,1.0,24.0,1.0,22.0,
40.0,20230501.0,196.29,0.0,0.0,1.0,16.0,1.0,22.0,
40.0,20250601.0,161.73,0.0,0.0,1.0,41.0,1.0,22.0,
40.0,20230901.0,174.5,0.0,0.0,1.0,20.0,1.0,22.0,
40.0,20240401.0,159.5,0.0,0.0,1.0,27.0,1.0,22.0,
40.0,20231101.0,181.65,0.0,0.0,1.0,22.0,1.0,22.0,
40.0,20250201.0,185.19,0.0,0.0,1.0,37.0,1.0,22.0,
40.0,20230601.0,163.43,0.0,0.0,1.0,17.0,1.0,22.0,
40.0,20250401.0,193.98,0.0,0.0,1.0,39.0,1.0,22.0,
40.0,20221201.0,183.28,0.0,0.0,1.0,11.0,1.0,22.0,
40.0,20220301.0,173.55,0.0,0.0,1.0,1.0,1.0,22.0,
40.0,20221101.0,194.92,0.0,0.0,1.0,10.0,1.0,22.0,
40.0,20220201.0,183.27,0.0,0.0,1.0,1.0,1.0,22.0,
40.0,20240101.0,183.55,0.0,0.0,1.0,24.0,1.0,22.0,
40.0,20240501.0,203.4,0.0,0.0,1.0,28.0,1.0,22.0,
40.0,20220101.0,182.26,0.0,0.0,1.0,0.0,1.0,22.0,
40.0,20220901.0,208.64,0.0,0.0,1.0,8.0,1.0,22.0,
404.0,20231001.0,198.0,0.0,0.0,1.0,21.0,3.0,14.0,
404.0,20220101.0,153.0,0.0,0.0,1.0,0.0,3.0,14.0,
404.0,20230401.0,129.5,0.0,0.0,1.0,15.0,3.0,14.0,
404.0,20230301.0,171.5,0.0,0.0,1.0,14.0,3.0,14.0,
404.0,20230101.0,198.0,0.0,0.0,1.0,12.0,3.0,14.0,
404.0,20220501.0,180.0,0.0,0.0,1.0,4.0,3.0,14.0,
404.0,20230201.0,171.0,0.0,0.0,1.0,13.0,3.0,14.0,
404.0,20240201.0,189.0,0.0,0.0,1.0,25.0,3.0,14.0,
404.0,20230101.0,162.0,0.0,0.0,1.0,12.0,3.0,14.0,
404.0,20240301.0,145.0,0.0,0.0,1.0,26.0,3.0,14.0,
404.0,20220401.0,149.0,0.0,0.0,1.0,3.0,3.0,14.0,
404.0,20220601.0,198.0,0.0,0.0,1.0,5.0,3.0,14.0,
404.0,20230801.0,81.0,0.0,0.0,1.0,19.0,3.0,14.0,
404.0,20231201.0,144.0,0.0,0.0,1.0,23.0,3.0,14.0,
404.0,20221001.0,180.0,0.0,0.0,1.0,9.0,3.0,14.0,
404.0,20230501.0,198.0,0.0,0.0,1.0,16.0,3.0,14.0,
404.0,20230901.0,180.0,0.0,0.0,1.0,20.0,3.0,14.0,
404.0,20240401.0,140.5,0.0,0.0,1.0,27.0,3.0,14.0,
404.0,20231101.0,198.0,0.0,0.0,1.0,22.0,3.0,14.0,
404.0,20230601.0,160.0,0.0,0.0,1.0,17.0,3.0,14.0,
404.0,20221201.0,153.0,0.0,0.0,1.0,11.0,3.0,14.0,
404.0,20220301.0,207.0,0.0,0.0,1.0,1.0,3.0,14.0,
404.0,20221101.0,198.0,0.0,0.0,1.0,10.0,3.0,14.0,
404.0,20220201.0,180.0,0.0,0.0,1.0,1.0,3.0,14.0,
404.0,20240101.0,198.0,0.0,0.0,1.0,24.0,3.0,14.0,
404.0,20240501.0,81.0,0.0,0.0,1.0,28.0,3.0,14.0,
404.0,20220101.0,189.0,0.0,0.0,1.0,0.0,3.0,14.0,
404.0,20220901.0,198.0,0.0,0.0,1.0,8.0,3.0,14.0,
41.0,20250101.0,187.25,0.0,0.0,1.0,36.0,1.0,22.0,
41.0,20250101.0,128.45,0.0,0.0,1.0,36.0,1.0,22.0,
41.0,20231001.0,195.3,0.0,0.0,1.0,21.0,1.0,22.0,
41.0,20220101.0,142.37,0.0,0.0,1.0,0.0,1.0,22.0,
41.0,20230401.0,133.86,0.0,0.0,1.0,15.0,1.0,22.0,
41.0,20230301.0,181.57,0.0,0.0,1.0,14.0,1.0,22.0,
41.0,20250501.0,179.82,0.0,0.0,1.0,40.0,1.0,22.0,
41.0,20230101.0,190.8,0.0,0.0,1.0,12.0,1.0,22.0,
41.0,20240801.0,149.66,0.0,0.0,1.0,31.0,1.0,22.0,
41.0,20241101.0,198.63,0.0,0.0,1.0,34.0,1.0,22.0,
41.0,20220501.0,191.15,0.0,0.0,1.0,4.0,1.0,22.0,
41.0,20241001.0,200.71,0.0,0.0,1.0,33.0,1.0,22.0,
41.0,20240601.0,164.62,0.0,0.0,1.0,29.0,1.0,22.0,
41.0,20250301.0,132.59,0.0,0.0,1.0,38.0,1.0,22.0,
41.0,20230201.0,171.62,0.0,0.0,1.0,13.0,1.0,22.0,
41.0,20240201.0,171.48,0.0,0.0,1.0,25.0,1.0,22.0,
41.0,20230101.0,163.62,0.0,0.0,1.0,12.0,1.0,22.0,
41.0,20240301.0,139.21,0.0,0.0,1.0,26.0,1.0,22.0,
41.0,20220401.0,133.67,0.0,0.0,1.0,3.0,1.0,22.0,
41.0,20220601.0,196.76,0.0,0.0,1.0,5.0,1.0,22.0,
41.0,20241201.0,176.76,0.0,0.0,1.0,35.0,1.0,22.0,
41.0,20230801.0,117.57,0.0,0.0,1.0,19.0,1.0,22.0,
41.0,20240901.0,176.17,0.0,0.0,1.0,32.0,1.0,22.0,
41.0,20231201.0,167.59,0.0,0.0,1.0,23.0,1.0,22.0,
41.0,20221001.0,188.06,0.0,0.0,1.0,9.0,1.0,22.0,
41.0,20240101.0,181.18,0.0,0.0,1.0,24.0,1.0,22.0,
41.0,20230501.0,189.58,0.0,0.0,1.0,16.0,1.0,22.0,
41.0,20250601.0,177.76,0.0,0.0,1.0,41.0,1.0,22.0,
41.0,20230901.0,178.36,0.0,0.0,1.0,20.0,1.0,22.0,
41.0,20240401.0,161.03,0.0,0.0,1.0,27.0,1.0,22.0,
41.0,20231101.0,198.07,0.0,0.0,1.0,22.0,1.0,22.0,
41.0,20250201.0,176.63,0.0,0.0,1.0,37.0,1.0,22.0,
41.0,20230601.0,176.24,0.0,0.0,1.0,17.0,1.0,22.0,
41.0,20250401.0,185.3,0.0,0.0,1.0,39.0,1.0,22.0,
41.0,20221201.0,173.55,0.0,0.0,1.0,11.0,1.0,22.0,
41.0,20220301.0,209.38,0.0,0.0,1.0,1.0,1.0,22.0,
41.0,20221101.0,177.44,0.0,0.0,1.0,10.0,1.0,22.0,
41.0,20220201.0,173.45,0.0,0.0,1.0,1.0,1.0,22.0,
41.0,20240101.0,194.96,0.0,0.0,1.0,24.0,1.0,22.0,
41.0,20240501.0,195.36,0.0,0.0,1.0,28.0,1.0,22.0,
41.0,20220101.0,155.99,0.0,0.0,1.0,0.0,1.0,22.0,
41.0,20220901.0,202.8,0.0,0.0,1.0,8.0,1.0,22.0,
42.0,20250101.0,198.67,0.0,0.0,1.0,36.0,1.0,8.0,
42.0,20250101.0,134.35,0.0,0.0,1.0,36.0,1.0,8.0,
42.0,20231001.0,208.14,0.0,0.0,1.0,21.0,1.0,8.0,
42.0,20220101.0,183.01,0.0,0.0,1.0,0.0,1.0,8.0,
42.0,20230401.0,105.47,0.0,0.0,1.0,15.0,1.0,8.0,
42.0,20230301.0,178.64,0.0,0.0,1.0,14.0,1.0,8.0,
42.0,20250501.0,203.12,0.0,0.0,1.0,40.0,1.0,8.0,
42.0,20230101.0,0.0,0.0,0.0,1.0,12.0,1.0,8.0,
42.0,20240801.0,201.76,0.0,0.0,1.0,31.0,1.0,8.0,
42.0,20241101.0,202.28,0.0,0.0,1.0,34.0,1.0,8.0,
42.0,20220501.0,176.88,0.0,0.0,1.0,4.0,1.0,8.0,
42.0,20241001.0,218.21,0.0,0.0,1.0,33.0,1.0,8.0,
42.0,20240601.0,176.53,0.0,0.0,1.0,29.0,1.0,8.0,
42.0,20250301.0,61.79,0.0,0.0,1.0,38.0,1.0,8.0,
42.0,20230201.0,90.91,0.0,0.0,1.0,13.0,1.0,8.0,
42.0,20240201.0,193.65,0.0,0.0,1.0,25.0,1.0,8.0,
42.0,20230101.0,185.81,0.0,0.0,1.0,12.0,1.0,8.0,
42.0,20240301.0,139.33,0.0,0.0,1.0,26.0,1.0,8.0,
42.0,20220401.0,110.83,0.0,0.0,1.0,3.0,1.0,8.0,
42.0,20220601.0,205.38,0.0,0.0,1.0,5.0,1.0,8.0,
42.0,20241201.0,203.34,0.0,0.0,1.0,35.0,1.0,8.0,
42.0,20230801.0,164.89,0.0,0.0,1.0,19.0,1.0,8.0,
42.0,20240901.0,141.69,0.0,0.0,1.0,32.0,1.0,8.0,
42.0,20231201.0,199.66,0.0,0.0,1.0,23.0,1.0,8.0,
42.0,20221001.0,197.81,0.0,0.0,1.0,9.0,1.0,8.0,
42.0,20240101.0,204.7,0.0,0.0,1.0,24.0,1.0,8.0,
42.0,20230501.0,203.04,0.0,0.0,1.0,16.0,1.0,8.0,
42.0,20250601.0,188.62,0.0,0.0,1.0,41.0,1.0,8.0,
42.0,20230901.0,167.3,0.0,0.0,1.0,20.0,1.0,8.0,
42.0,20240401.0,142.42,0.0,0.0,1.0,27.0,1.0,8.0,
42.0,20231101.0,202.96,0.0,0.0,1.0,22.0,1.0,8.0,
42.0,20250201.0,113.28,0.0,0.0,1.0,37.0,1.0,8.0,
42.0,20230601.0,183.74,0.0,0.0,1.0,17.0,1.0,8.0,
42.0,20250401.0,199.05,0.0,0.0,1.0,39.0,1.0,8.0,
42.0,20221201.0,0.0,0.0,0.0,1.0,11.0,1.0,8.0,
42.0,20220301.0,201.33,0.0,0.0,1.0,1.0,1.0,8.0,
42.0,20221101.0,49.13,0.0,0.0,1.0,10.0,1.0,8.0,
42.0,20220201.0,179.7,0.0,0.0,1.0,1.0,1.0,8.0,
42.0,20240101.0,200.03,0.0,0.0,1.0,24.0,1.0,8.0,
42.0,20240501.0,125.04,0.0,0.0,1.0,28.0,1.0,8.0,
42.0,20220101.0,186.26,0.0,0.0,1.0,0.0,1.0,8.0,
42.0,20220901.0,195.48,0.0,0.0,1.0,8.0,1.0,8.0,
1.0,20250101.0,172.12,0.0,0.0,1.0,36.0,1.0,1.0,
1.0,20250101.0,118.48,0.0,0.0,1.0,36.0,1.0,1.0,
1.0,20231001.0,180.3,0.0,0.0,1.0,21.0,1.0,1.0,
1.0,20220101.0,161.77,0.0,0.0,1.0,0.0,1.0,1.0,
1.0,20230401.0,120.16,0.0,0.0,1.0,15.0,1.0,1.0,
1.0,20230301.0,183.69,0.0,0.0,1.0,14.0,1.0,1.0,
1.0,20250501.0,181.91,0.0,0.0,1.0,40.0,1.0,1.0,
1.0,20230101.0,182.06,0.0,0.0,1.0,12.0,1.0,1.0,
1.0,20240801.0,142.08,0.0,0.0,1.0,31.0,1.0,1.0,
1.0,20241101.0,181.83,0.0,0.0,1.0,34.0,1.0,1.0,
1.0,20220501.0,178.43,0.0,0.0,1.0,4.0,1.0,1.0,
1.0,20241001.0,194.23,0.0,0.0,1.0,33.0,1.0,1.0,
1.0,20240601.0,177.77,0.0,0.0,1.0,29.0,1.0,1.0,
1.0,20250301.0,115.89,0.0,0.0,1.0,38.0,1.0,1.0,
1.0,20230201.0,164.01,0.0,0.0,1.0,13.0,1.0,1.0,
1.0,20240201.0,190.74,0.0,0.0,1.0,25.0,1.0,1.0,
1.0,20230101.0,168.39,0.0,0.0,1.0,12.0,1.0,1.0,
1.0,20240301.0,128.6,0.0,0.0,1.0,26.0,1.0,1.0,
1.0,20220401.0,148.21,0.0,0.0,1.0,3.0,1.0,1.0,
1.0,20220601.0,202.52,0.0,0.0,1.0,5.0,1.0,1.0,
1.0,20241201.0,163.78,0.0,0.0,1.0,35.0,1.0,1.0,
1.0,20230801.0,117.86,0.0,0.0,1.0,19.0,1.0,1.0,
1.0,20240901.0,163.0,0.0,0.0,1.0,32.0,1.0,1.0,
1.0,20231201.0,182.48,0.0,0.0,1.0,23.0,1.0,1.0,
1.0,20221001.0,179.43,0.0,0.0,1.0,9.0,1.0,1.0,
1.0,20240101.0,189.37,0.0,0.0,1.0,24.0,1.0,1.0,
1.0,20230501.0,191.95,0.0,0.0,1.0,16.0,1.0,1.0,
1.0,20250601.0,179.37,0.0,0.0,1.0,41.0,1.0,1.0,
1.0,20230901.0,181.89,0.0,0.0,1.0,20.0,1.0,1.0,
1.0,20240401.0,156.15,0.0,0.0,1.0,27.0,1.0,1.0,
1.0,20231101.0,199.76,0.0,0.0,1.0,22.0,1.0,1.0,
1.0,20250201.0,164.07,0.0,0.0,1.0,37.0,1.0,1.0,
1.0,20230601.0,186.55,0.0,0.0,1.0,17.0,1.0,1.0,
1.0,20250401.0,191.56,0.0,0.0,1.0,39.0,1.0,1.0,
1.0,20221201.0,163.23,0.0,0.0,1.0,11.0,1.0,1.0,
1.0,20220301.0,202.56,0.0,0.0,1.0,1.0,1.0,1.0,
1.0,20221101.0,189.39,0.0,0.0,1.0,10.0,1.0,1.0,
1.0,20220201.0,184.36,0.0,0.0,1.0,1.0,1.0,1.0,
1.0,20240101.0,184.5,0.0,0.0,1.0,24.0,1.0,1.0,
1.0,20240501.0,197.13,0.0,0.0,1.0,28.0,1.0,1.0,
1.0,20220101.0,171.24,0.0,0.0,1.0,0.0,1.0,1.0,
1.0,20220901.0,200.34,0.0,0.0,1.0,8.0,1.0,1.0,
43.0,20250101.0,154.03,0.0,0.0,1.0,36.0,1.0,9.0,
43.0,20250101.0,99.15,0.0,0.0,1.0,36.0,1.0,9.0,
43.0,20231001.0,157.64,0.0,0.0,1.0,21.0,1.0,9.0,
43.0,20220101.0,132.79,0.0,0.0,1.0,0.0,1.0,9.0,
43.0,20230401.0,102.3,0.0,0.0,1.0,15.0,1.0,9.0,
43.0,20230301.0,165.21,0.0,0.0,1.0,14.0,1.0,9.0,
43.0,20250501.0,153.03,0.0,0.0,1.0,40.0,1.0,9.0,
43.0,20230101.0,156.42,0.0,0.0,1.0,12.0,1.0,9.0,
43.0,20240801.0,107.03,0.0,0.0,1.0,31.0,1.0,9.0,
43.0,20241101.0,126.83,0.0,0.0,1.0,34.0,1.0,9.0,
43.0,20220501.0,158.44,0.0,0.0,1.0,4.0,1.0,9.0,
43.0,20241001.0,119.8,0.0,0.0,1.0,33.0,1.0,9.0,
43.0,20240601.0,133.65,0.0,0.0,1.0,29.0,1.0,9.0,
43.0,20250301.0,103.21,0.0,0.0,1.0,38.0,1.0,9.0,
43.0,20230201.0,157.57,0.0,0.0,1.0,13.0,1.0,9.0,
43.0,20240201.0,150.5,0.0,0.0,1.0,25.0,1.0,9.0,
43.0,20230101.0,143.5,0.0,0.0,1.0,12.0,1.0,9.0,
43.0,20240301.0,85.67,0.0,0.0,1.0,26.0,1.0,9.0,
43.0,20220401.0,119.0,0.0,0.0,1.0,3.0,1.0,9.0,
43.0,20220601.0,161.69,0.0,0.0,1.0,5.0,1.0,9.0,
43.0,20241201.0,134.37,0.0,0.0,1.0,35.0,1.0,9.0,
43.0,20230801.0,153.04,0.0,0.0,1.0,19.0,1.0,9.0,
43.0,20240901.0,129.43,0.0,0.0,1.0,32.0,1.0,9.0,
43.0,20231201.0,104.18,0.0,0.0,1.0,23.0,1.0,9.0,
43.0,20221001.0,135.66,0.0,0.0,1.0,9.0,1.0,9.0,
43.0,20240101.0,144.31,0.0,0.0,1.0,24.0,1.0,9.0,
43.0,20230501.0,140.33,0.0,0.0,1.0,16.0,1.0,9.0,
43.0,20250601.0,121.88,0.0,0.0,1.0,41.0,1.0,9.0,
43.0,20230901.0,155.84,0.0,0.0,1.0,20.0,1.0,9.0,
43.0,20240401.0,79.78,0.0,0.0,1.0,27.0,1.0,9.0,
43.0,20231101.0,134.54,0.0,0.0,1.0,22.0,1.0,9.0,
43.0,20250201.0,127.87,0.0,0.0,1.0,37.0,1.0,9.0,
43.0,20230601.0,134.98,0.0,0.0,1.0,17.0,1.0,9.0,
43.0,20250401.0,151.91,0.0,0.0,1.0,39.0,1.0,9.0,
43.0,20221201.0,160.82,0.0,0.0,1.0,11.0,1.0,9.0,
43.0,20220301.0,167.49,0.0,0.0,1.0,1.0,1.0,9.0,
43.0,20221101.0,140.3,0.0,0.0,1.0,10.0,1.0,9.0,
43.0,20220201.0,166.13,0.0,0.0,1.0,1.0,1.0,9.0,
43.0,20240101.0,153.34,0.0,0.0,1.0,24.0,1.0,9.0,
43.0,20240501.0,131.02,0.0,0.0,1.0,28.0,1.0,9.0,
43.0,20220101.0,158.48,0.0,0.0,1.0,0.0,1.0,9.0,
43.0,20220901.0,159.72,0.0,0.0,1.0,8.0,1.0,9.0,
44.0,20250101.0,151.72,0.0,0.0,1.0,36.0,1.0,10.0,
44.0,20250101.0,76.53,0.0,0.0,1.0,36.0,1.0,10.0,
44.0,20231001.0,108.57,0.0,0.0,1.0,21.0,1.0,10.0,
44.0,20220101.0,157.47,0.0,0.0,1.0,0.0,1.0,10.0,
44.0,20230401.0,89.35,0.0,0.0,1.0,15.0,1.0,10.0,
44.0,20230301.0,115.53,0.0,0.0,1.0,14.0,1.0,10.0,
44.0,20250501.0,115.79,0.0,0.0,1.0,40.0,1.0,10.0,
44.0,20230101.0,115.19,0.0,0.0,1.0,12.0,1.0,10.0,
44.0,20240801.0,66.8,0.0,0.0,1.0,31.0,1.0,10.0,
44.0,20241101.0,99.42,0.0,0.0,1.0,34.0,1.0,10.0,
44.0,20220501.0,170.44,0.0,0.0,1.0,4.0,1.0,10.0,
44.0,20241001.0,112.48,0.0,0.0,1.0,33.0,1.0,10.0,
44.0,20240601.0,98.49,0.0,0.0,1.0,29.0,1.0,10.0,
44.0,20250301.0,103.51,0.0,0.0,1.0,38.0,1.0,10.0,
44.0,20230201.0,106.45,0.0,0.0,1.0,13.0,1.0,10.0,
44.0,20240201.0,110.98,0.0,0.0,1.0,25.0,1.0,10.0,
44.0,20230101.0,103.05,0.0,0.0,1.0,12.0,1.0,10.0,
44.0,20240301.0,64.94,0.0,0.0,1.0,26.0,1.0,10.0,
44.0,20220401.0,132.28,0.0,0.0,1.0,3.0,1.0,10.0,
44.0,20220601.0,158.51,0.0,0.0,1.0,5.0,1.0,10.0,
44.0,20241201.0,138.16,0.0,0.0,1.0,35.0,1.0,10.0,
44.0,20230801.0,72.44,0.0,0.0,1.0,19.0,1.0,10.0,
44.0,20240901.0,103.23,0.0,0.0,1.0,32.0,1.0,10.0,
44.0,20231201.0,99.04,0.0,0.0,1.0,23.0,1.0,10.0,
44.0,20221001.0,163.52,0.0,0.0,1.0,9.0,1.0,10.0,
44.0,20240101.0,113.68,0.0,0.0,1.0,24.0,1.0,10.0,
44.0,20230501.0,111.8,0.0,0.0,1.0,16.0,1.0,10.0,
44.0,20250601.0,112.44,0.0,0.0,1.0,41.0,1.0,10.0,
44.0,20230901.0,109.55,0.0,0.0,1.0,20.0,1.0,10.0,
44.0,20240401.0,95.56,0.0,0.0,1.0,27.0,1.0,10.0,
44.0,20231101.0,92.64,0.0,0.0,1.0,22.0,1.0,10.0,
44.0,20250201.0,104.19,0.0,0.0,1.0,37.0,1.0,10.0,
44.0,20230601.0,103.7,0.0,0.0,1.0,17.0,1.0,10.0,
44.0,20250401.0,94.49,0.0,0.0,1.0,39.0,1.0,10.0,
44.0,20221201.0,159.53,0.0,0.0,1.0,11.0,1.0,10.0,
44.0,20220301.0,194.18,0.0,0.0,1.0,1.0,1.0,10.0,
44.0,20221101.0,182.54,0.0,0.0,1.0,10.0,1.0,10.0,
44.0,20220201.0,179.7,0.0,0.0,1.0,1.0,1.0,10.0,
44.0,20240101.0,107.18,0.0,0.0,1.0,24.0,1.0,10.0,
44.0,20240501.0,111.35,0.0,0.0,1.0,28.0,1.0,10.0,
44.0,20220101.0,167.65,0.0,0.0,1.0,0.0,1.0,10.0,
44.0,20220901.0,196.9,0.0,0.0,1.0,8.0,1.0,10.0,
45.0,20250101.0,177.95,0.0,0.0,1.0,36.0,4.0,22.0,
45.0,20250101.0,109.63,0.0,0.0,1.0,36.0,4.0,22.0,
45.0,20231001.0,185.84,0.0,0.0,1.0,21.0,4.0,22.0,
45.0,20220101.0,152.81,0.0,0.0,1.0,0.0,4.0,22.0,
45.0,20230401.0,130.92,0.0,0.0,1.0,15.0,4.0,22.0,
45.0,20230301.0,147.08,0.0,0.0,1.0,14.0,4.0,22.0,
45.0,20250501.0,178.15,0.0,0.0,1.0,40.0,4.0,22.0,
45.0,20230101.0,124.1,0.0,0.0,1.0,12.0,4.0,22.0,
45.0,20240801.0,178.07,0.0,0.0,1.0,31.0,4.0,22.0,
45.0,20241101.0,159.16,0.0,0.0,1.0,34.0,4.0,22.0,
45.0,20220501.0,138.47,0.0,0.0,1.0,4.0,4.0,22.0,
45.0,20241001.0,167.42,0.0,0.0,1.0,33.0,4.0,22.0,
45.0,20240601.0,156.74,0.0,0.0,1.0,29.0,4.0,22.0,
45.0,20250301.0,133.02,0.0,0.0,1.0,38.0,4.0,22.0,
45.0,20230201.0,117.93,0.0,0.0,1.0,13.0,4.0,22.0,
45.0,20240201.0,163.37,0.0,0.0,1.0,25.0,4.0,22.0,
45.0,20230101.0,154.76,0.0,0.0,1.0,12.0,4.0,22.0,
45.0,20240301.0,132.82,0.0,0.0,1.0,26.0,4.0,22.0,
45.0,20220401.0,135.48,0.0,0.0,1.0,3.0,4.0,22.0,
45.0,20220601.0,173.64,0.0,0.0,1.0,5.0,4.0,22.0,
45.0,20241201.0,127.34,0.0,0.0,1.0,35.0,4.0,22.0,
45.0,20230801.0,215.47,0.0,0.0,1.0,19.0,4.0,22.0,
45.0,20240901.0,165.58,0.0,0.0,1.0,32.0,4.0,22.0,
45.0,20231201.0,130.85,0.0,0.0,1.0,23.0,4.0,22.0,
45.0,20221001.0,163.88,0.0,0.0,1.0,9.0,4.0,22.0,
45.0,20240101.0,153.42,0.0,0.0,1.0,24.0,4.0,22.0,
45.0,20230501.0,186.03,0.0,0.0,1.0,16.0,4.0,22.0,
45.0,20250601.0,153.76,0.0,0.0,1.0,41.0,4.0,22.0,
45.0,20230901.0,92.0,0.0,0.0,1.0,20.0,4.0,22.0,
45.0,20240401.0,169.33,0.0,0.0,1.0,27.0,4.0,22.0,
45.0,20231101.0,188.72,0.0,0.0,1.0,22.0,4.0,22.0,
45.0,20250201.0,170.61,0.0,0.0,1.0,37.0,4.0,22.0,
45.0,20230601.0,167.24,0.0,0.0,1.0,17.0,4.0,22.0,
45.0,20250401.0,177.37,0.0,0.0,1.0,39.0,4.0,22.0,
45.0,20221201.0,168.94,0.0,0.0,1.0,11.0,4.0,22.0,
45.0,20220301.0,174.62,0.0,0.0,1.0,1.0,4.0,22.0,
45.0,20221101.0,173.39,0.0,0.0,1.0,10.0,4.0,22.0,
45.0,20220201.0,152.07,0.0,0.0,1.0,1.0,4.0,22.0,
45.0,20240101.0,134.73,0.0,0.0,1.0,24.0,4.0,22.0,
45.0,20240501.0,165.0,0.0,0.0,1.0,28.0,4.0,22.0,
45.0,20220101.0,177.41,0.0,0.0,1.0,0.0,4.0,22.0,
45.0,20220901.0,184.02,0.0,0.0,1.0,8.0,4.0,22.0,
5.0,20250101.0,182.2,0.0,0.0,1.0,36.0,1.0,1.0,
5.0,20250101.0,128.27,0.0,0.0,1.0,36.0,1.0,1.0,
5.0,20231001.0,200.55,0.0,0.0,1.0,21.0,1.0,1.0,
5.0,20220101.0,177.71,0.0,0.0,1.0,0.0,1.0,1.0,
5.0,20230401.0,124.45,0.0,0.0,1.0,15.0,1.0,1.0,
5.0,20230301.0,173.73,0.0,0.0,1.0,14.0,1.0,1.0,
5.0,20250501.0,190.97,0.0,0.0,1.0,40.0,1.0,1.0,
5.0,20230101.0,197.82,0.0,0.0,1.0,12.0,1.0,1.0,
5.0,20240801.0,91.35,0.0,0.0,1.0,31.0,1.0,1.0,
5.0,20241101.0,191.76,0.0,0.0,1.0,34.0,1.0,1.0,
5.0,20220501.0,181.33,0.0,0.0,1.0,4.0,1.0,1.0,
5.0,20241001.0,209.78,0.0,0.0,1.0,33.0,1.0,1.0,
5.0,20240601.0,173.65,0.0,0.0,1.0,29.0,1.0,1.0,
5.0,20250301.0,112.68,0.0,0.0,1.0,38.0,1.0,1.0,
5.0,20230201.0,179.74,0.0,0.0,1.0,13.0,1.0,1.0,
5.0,20240201.0,192.27,0.0,0.0,1.0,25.0,1.0,1.0,
5.0,20230101.0,181.08,0.0,0.0,1.0,12.0,1.0,1.0,
5.0,20240301.0,143.22,0.0,0.0,1.0,26.0,1.0,1.0,
5.0,20220401.0,141.19,0.0,0.0,1.0,3.0,1.0,1.0,
5.0,20220601.0,183.11,0.0,0.0,1.0,5.0,1.0,1.0,
5.0,20241201.0,170.66,0.0,0.0,1.0,35.0,1.0,1.0,
5.0,20230801.0,81.86,0.0,0.0,1.0,19.0,1.0,1.0,
5.0,20240901.0,180.21,0.0,0.0,1.0,32.0,1.0,1.0,
5.0,20231201.0,181.21,0.0,0.0,1.0,23.0,1.0,1.0,
5.0,20221001.0,188.92,0.0,0.0,1.0,9.0,1.0,1.0,
5.0,20240101.0,200.89,0.0,0.0,1.0,24.0,1.0,1.0,
5.0,20230501.0,195.77,0.0,0.0,1.0,16.0,1.0,1.0,
5.0,20250601.0,174.22,0.0,0.0,1.0,41.0,1.0,1.0,
5.0,20230901.0,177.45,0.0,0.0,1.0,20.0,1.0,1.0,
5.0,20240401.0,165.28,0.0,0.0,1.0,27.0,1.0,1.0,
5.0,20231101.0,200.5,0.0,0.0,1.0,22.0,1.0,1.0,
5.0,20250201.0,182.68,0.0,0.0,1.0,37.0,1.0,1.0,
5.0,20230601.0,162.4,0.0,0.0,1.0,17.0,1.0,1.0,
5.0,20250401.0,190.84,0.0,0.0,1.0,39.0,1.0,1.0,
5.0,20221201.0,153.11,0.0,0.0,1.0,11.0,1.0,1.0,
5.0,20220301.0,203.7,0.0,0.0,1.0,1.0,1.0,1.0,
5.0,20221101.0,197.88,0.0,0.0,1.0,10.0,1.0,1.0,
5.0,20220201.0,172.96,0.0,0.0,1.0,1.0,1.0,1.0,
5.0,20240101.0,163.06,0.0,0.0,1.0,24.0,1.0,1.0,
5.0,20240501.0,201.05,0.0,0.0,1.0,28.0,1.0,1.0,
5.0,20220101.0,189.32,0.0,0.0,1.0,0.0,1.0,1.0,
5.0,20220901.0,200.58,0.0,0.0,1.0,8.0,1.0,1.0,
46.0,20250101.0,180.48,0.0,0.0,1.0,36.0,1.0,3.0,
46.0,20250101.0,146.51,0.0,0.0,1.0,36.0,1.0,3.0,
46.0,20231001.0,65.1,0.0,0.0,1.0,21.0,1.0,3.0,
46.0,20220101.0,179.76,0.0,0.0,1.0,0.0,1.0,3.0,
46.0,20230401.0,132.68,0.0,0.0,1.0,15.0,1.0,3.0,
46.0,20230301.0,180.17,0.0,0.0,1.0,14.0,1.0,3.0,
46.0,20250501.0,188.81,0.0,0.0,1.0,40.0,1.0,3.0,
46.0,20230101.0,150.87,0.0,0.0,1.0,12.0,1.0,3.0,
46.0,20240801.0,90.13,0.0,0.0,1.0,31.0,1.0,3.0,
46.0,20241101.0,195.52,0.0,0.0,1.0,34.0,1.0,3.0,
46.0,20220501.0,105.73,0.0,0.0,1.0,4.0,1.0,3.0,
46.0,20241001.0,214.39,0.0,0.0,1.0,33.0,1.0,3.0,
46.0,20240601.0,187.65,0.0,0.0,1.0,29.0,1.0,3.0,
46.0,20250301.0,145.59,0.0,0.0,1.0,38.0,1.0,3.0,
46.0,20230201.0,177.06,0.0,0.0,1.0,13.0,1.0,3.0,
46.0,20240201.0,171.51,0.0,0.0,1.0,25.0,1.0,3.0,
46.0,20230101.0,135.38,0.0,0.0,1.0,12.0,1.0,3.0,
46.0,20240301.0,144.76,0.0,0.0,1.0,26.0,1.0,3.0,
46.0,20220401.0,138.01,0.0,0.0,1.0,3.0,1.0,3.0,
46.0,20220601.0,194.68,0.0,0.0,1.0,5.0,1.0,3.0,
46.0,20241201.0,162.54,0.0,0.0,1.0,35.0,1.0,3.0,
46.0,20230801.0,0.0,0.0,0.0,1.0,19.0,1.0,3.0,
46.0,20240901.0,182.65,0.0,0.0,1.0,32.0,1.0,3.0,
46.0,20231201.0,128.56,0.0,0.0,1.0,23.0,1.0,3.0,
46.0,20221001.0,187.9,0.0,0.0,1.0,9.0,1.0,3.0,
46.0,20240101.0,202.35,0.0,0.0,1.0,24.0,1.0,3.0,
46.0,20230501.0,196.84,0.0,0.0,1.0,16.0,1.0,3.0,
46.0,20250601.0,190.45,0.0,0.0,1.0,41.0,1.0,3.0,
46.0,20230901.0,0.0,0.0,0.0,1.0,20.0,1.0,3.0,
46.0,20240401.0,146.25,0.0,0.0,1.0,27.0,1.0,3.0,
46.0,20231101.0,179.3,0.0,0.0,1.0,22.0,1.0,3.0,
46.0,20250201.0,190.49,0.0,0.0,1.0,37.0,1.0,3.0,
46.0,20230601.0,176.14,0.0,0.0,1.0,17.0,1.0,3.0,
46.0,20250401.0,181.52,0.0,0.0,1.0,39.0,1.0,3.0,
46.0,20221201.0,160.14,0.0,0.0,1.0,11.0,1.0,3.0,
46.0,20220301.0,199.12,0.0,0.0,1.0,1.0,1.0,3.0,
46.0,20221101.0,196.91,0.0,0.0,1.0,10.0,1.0,3.0,
46.0,20220201.0,178.48,0.0,0.0,1.0,1.0,1.0,3.0,
46.0,20240101.0,160.74,0.0,0.0,1.0,24.0,1.0,3.0,
46.0,20240501.0,189.11,0.0,0.0,1.0,28.0,1.0,3.0,
46.0,20220101.0,187.82,0.0,0.0,1.0,0.0,1.0,3.0,
46.0,20220901.0,196.89,0.0,0.0,1.0,8.0,1.0,3.0,
47.0,20250101.0,202.04,0.0,0.0,1.0,36.0,1.0,8.0,
47.0,20250101.0,0.0,0.0,0.0,1.0,36.0,1.0,8.0,
47.0,20231001.0,184.42,0.0,0.0,1.0,21.0,1.0,8.0,
47.0,20220101.0,0.0,0.0,0.0,1.0,0.0,1.0,8.0,
47.0,20230401.0,133.48,0.0,0.0,1.0,15.0,1.0,8.0,
47.0,20230301.0,172.21,0.0,0.0,1.0,14.0,1.0,8.0,
47.0,20250501.0,119.89,0.0,0.0,1.0,40.0,1.0,8.0,
47.0,20230101.0,174.35,0.0,0.0,1.0,12.0,1.0,8.0,
47.0,20240801.0,153.95,0.0,0.0,1.0,31.0,1.0,8.0,
47.0,20241101.0,183.51,0.0,0.0,1.0,34.0,1.0,8.0,
47.0,20220501.0,135.01,0.0,0.0,1.0,4.0,1.0,8.0,
47.0,20241001.0,182.82,0.0,0.0,1.0,33.0,1.0,8.0,
47.0,20240601.0,173.76,0.0,0.0,1.0,29.0,1.0,8.0,
47.0,20250301.0,137.83,0.0,0.0,1.0,38.0,1.0,8.0,
47.0,20230201.0,158.27,0.0,0.0,1.0,13.0,1.0,8.0,
47.0,20240201.0,117.55,0.0,0.0,1.0,25.0,1.0,8.0,
47.0,20230101.0,172.58,0.0,0.0,1.0,12.0,1.0,8.0,
47.0,20240301.0,115.01,0.0,0.0,1.0,26.0,1.0,8.0,
47.0,20220401.0,140.98,0.0,0.0,1.0,3.0,1.0,8.0,
47.0,20220601.0,0.0,0.0,0.0,1.0,5.0,1.0,8.0,
47.0,20241201.0,167.95,0.0,0.0,1.0,35.0,1.0,8.0,
47.0,20230801.0,74.76,0.0,0.0,1.0,19.0,1.0,8.0,
47.0,20240901.0,174.65,0.0,0.0,1.0,32.0,1.0,8.0,
47.0,20231201.0,125.74,0.0,0.0,1.0,23.0,1.0,8.0,
47.0,20221001.0,0.0,0.0,0.0,1.0,9.0,1.0,8.0,
47.0,20240101.0,201.34,0.0,0.0,1.0,24.0,1.0,8.0,
47.0,20230501.0,181.01,0.0,0.0,1.0,16.0,1.0,8.0,
47.0,20250601.0,0.0,0.0,0.0,1.0,41.0,1.0,8.0,
47.0,20230901.0,166.27,0.0,0.0,1.0,20.0,1.0,8.0,
47.0,20240401.0,165.58,0.0,0.0,1.0,27.0,1.0,8.0,
47.0,20231101.0,198.04,0.0,0.0,1.0,22.0,1.0,8.0,
47.0,20250201.0,180.48,0.0,0.0,1.0,37.0,1.0,8.0,
47.0,20230601.0,160.51,0.0,0.0,1.0,17.0,1.0,8.0,
47.0,20250401.0,164.27,0.0,0.0,1.0,39.0,1.0,8.0,
47.0,20221201.0,137.52,0.0,0.0,1.0,11.0,1.0,8.0,
47.0,20220301.0,184.42,0.0,0.0,1.0,1.0,1.0,8.0,
47.0,20221101.0,48.9,0.0,0.0,1.0,10.0,1.0,8.0,
47.0,20220201.0,153.61,0.0,0.0,1.0,1.0,1.0,8.0,
47.0,20240101.0,193.21,0.0,0.0,1.0,24.0,1.0,8.0,
47.0,20240501.0,201.51,0.0,0.0,1.0,28.0,1.0,8.0,
47.0,20220101.0,175.41,0.0,0.0,1.0,0.0,1.0,8.0,
47.0,20220901.0,0.0,0.0,0.0,1.0,8.0,1.0,8.0,
48.0,20250101.0,189.46,0.0,0.0,1.0,36.0,1.0,3.0,
48.0,20250101.0,128.21,0.0,0.0,1.0,36.0,1.0,3.0,
48.0,20231001.0,197.95,0.0,0.0,1.0,21.0,1.0,3.0,
48.0,20220101.0,162.34,0.0,0.0,1.0,0.0,1.0,3.0,
48.0,20230401.0,132.17,0.0,0.0,1.0,15.0,1.0,3.0,
48.0,20230301.0,171.24,0.0,0.0,1.0,14.0,1.0,3.0,
48.0,20250501.0,196.31,0.0,0.0,1.0,40.0,1.0,3.0,
48.0,20230101.0,195.48,0.0,0.0,1.0,12.0,1.0,3.0,
48.0,20240801.0,85.82,0.0,0.0,1.0,31.0,1.0,3.0,
48.0,20241101.0,198.14,0.0,0.0,1.0,34.0,1.0,3.0,
48.0,20220501.0,185.74,0.0,0.0,1.0,4.0,1.0,3.0,
48.0,20241001.0,205.62,0.0,0.0,1.0,33.0,1.0,3.0,
48.0,20240601.0,164.43,0.0,0.0,1.0,29.0,1.0,3.0,
48.0,20250301.0,148.49,0.0,0.0,1.0,38.0,1.0,3.0,
48.0,20230201.0,162.62,0.0,0.0,1.0,13.0,1.0,3.0,
48.0,20240201.0,189.55,0.0,0.0,1.0,25.0,1.0,3.0,
48.0,20230101.0,173.48,0.0,0.0,1.0,12.0,1.0,3.0,
48.0,20240301.0,115.9,0.0,0.0,1.0,26.0,1.0,3.0,
48.0,20220401.0,133.3,0.0,0.0,1.0,3.0,1.0,3.0,
48.0,20220601.0,178.13,0.0,0.0,1.0,5.0,1.0,3.0,
48.0,20241201.0,151.79,0.0,0.0,1.0,35.0,1.0,3.0,
48.0,20230801.0,80.38,0.0,0.0,1.0,19.0,1.0,3.0,
48.0,20240901.0,179.57,0.0,0.0,1.0,32.0,1.0,3.0,
48.0,20231201.0,144.19,0.0,0.0,1.0,23.0,1.0,3.0,
48.0,20221001.0,155.23,0.0,0.0,1.0,9.0,1.0,3.0,
48.0,20240101.0,201.62,0.0,0.0,1.0,24.0,1.0,3.0,
48.0,20230501.0,195.71,0.0,0.0,1.0,16.0,1.0,3.0,
48.0,20250601.0,179.61,0.0,0.0,1.0,41.0,1.0,3.0,
48.0,20230901.0,178.19,0.0,0.0,1.0,20.0,1.0,3.0,
48.0,20240401.0,162.45,0.0,0.0,1.0,27.0,1.0,3.0,
48.0,20231101.0,193.62,0.0,0.0,1.0,22.0,1.0,3.0,
48.0,20250201.0,189.58,0.0,0.0,1.0,37.0,1.0,3.0,
48.0,20230601.0,170.33,0.0,0.0,1.0,17.0,1.0,3.0,
48.0,20250401.0,187.6,0.0,0.0,1.0,39.0,1.0,3.0,
48.0,20221201.0,144.26,0.0,0.0,1.0,11.0,1.0,3.0,
48.0,20220301.0,188.26,0.0,0.0,1.0,1.0,1.0,3.0,
48.0,20221101.0,168.21,0.0,0.0,1.0,10.0,1.0,3.0,
48.0,20220201.0,164.86,0.0,0.0,1.0,1.0,1.0,3.0,
48.0,20240101.0,195.44,0.0,0.0,1.0,24.0,1.0,3.0,
48.0,20240501.0,198.4,0.0,0.0,1.0,28.0,1.0,3.0,
48.0,20220101.0,172.05,0.0,0.0,1.0,0.0,1.0,3.0,
48.0,20220901.0,200.99,0.0,0.0,1.0,8.0,1.0,3.0,
49.0,20250101.0,186.1,0.0,0.0,1.0,36.0,1.0,8.0,
49.0,20250101.0,120.93,0.0,0.0,1.0,36.0,1.0,8.0,
49.0,20231001.0,193.24,0.0,0.0,1.0,21.0,1.0,8.0,
49.0,20220101.0,167.41,0.0,0.0,1.0,0.0,1.0,8.0,
49.0,20230401.0,120.8,0.0,0.0,1.0,15.0,1.0,8.0,
49.0,20230301.0,167.65,0.0,0.0,1.0,14.0,1.0,8.0,
49.0,20250501.0,178.76,0.0,0.0,1.0,40.0,1.0,8.0,
49.0,20230101.0,195.77,0.0,0.0,1.0,12.0,1.0,8.0,
49.0,20240801.0,151.88,0.0,0.0,1.0,31.0,1.0,8.0,
49.0,20241101.0,185.49,0.0,0.0,1.0,34.0,1.0,8.0,
49.0,20220501.0,169.71,0.0,0.0,1.0,4.0,1.0,8.0,
49.0,20241001.0,194.48,0.0,0.0,1.0,33.0,1.0,8.0,
49.0,20240601.0,161.08,0.0,0.0,1.0,29.0,1.0,8.0,
49.0,20250301.0,113.87,0.0,0.0,1.0,38.0,1.0,8.0,
49.0,20230201.0,173.27,0.0,0.0,1.0,13.0,1.0,8.0,
49.0,20240201.0,164.01,0.0,0.0,1.0,25.0,1.0,8.0,
49.0,20230101.0,133.44,0.0,0.0,1.0,12.0,1.0,8.0,
49.0,20240301.0,128.19,0.0,0.0,1.0,26.0,1.0,8.0,
49.0,20220401.0,132.08,0.0,0.0,1.0,3.0,1.0,8.0,
49.0,20220601.0,192.21,0.0,0.0,1.0,5.0,1.0,8.0,
49.0,20241201.0,173.28,0.0,0.0,1.0,35.0,1.0,8.0,
49.0,20230801.0,68.97,0.0,0.0,1.0,19.0,1.0,8.0,
49.0,20240901.0,179.99,0.0,0.0,1.0,32.0,1.0,8.0,
49.0,20231201.0,189.12,0.0,0.0,1.0,23.0,1.0,8.0,
49.0,20221001.0,184.22,0.0,0.0,1.0,9.0,1.0,8.0,
49.0,20240101.0,186.43,0.0,0.0,1.0,24.0,1.0,8.0,
49.0,20230501.0,198.7,0.0,0.0,1.0,16.0,1.0,8.0,
49.0,20250601.0,176.66,0.0,0.0,1.0,41.0,1.0,8.0,
49.0,20230901.0,173.6,0.0,0.0,1.0,20.0,1.0,8.0,
49.0,20240401.0,149.94,0.0,0.0,1.0,27.0,1.0,8.0,
49.0,20231101.0,179.05,0.0,0.0,1.0,22.0,1.0,8.0,
49.0,20250201.0,165.65,0.0,0.0,1.0,37.0,1.0,8.0,
49.0,20230601.0,172.28,0.0,0.0,1.0,17.0,1.0,8.0,
49.0,20250401.0,170.5,0.0,0.0,1.0,39.0,1.0,8.0,
49.0,20221201.0,152.92,0.0,0.0,1.0,11.0,1.0,8.0,
49.0,20220301.0,199.92,0.0,0.0,1.0,1.0,1.0,8.0,
49.0,20221101.0,187.44,0.0,0.0,1.0,10.0,1.0,8.0,
49.0,20220201.0,175.16,0.0,0.0,1.0,1.0,1.0,8.0,
49.0,20240101.0,185.35,0.0,0.0,1.0,24.0,1.0,8.0,
49.0,20240501.0,186.45,0.0,0.0,1.0,28.0,1.0,8.0,
49.0,20220101.0,179.86,0.0,0.0,1.0,0.0,1.0,8.0,
49.0,20220901.0,203.83,0.0,0.0,1.0,8.0,1.0,8.0,
50.0,20250101.0,188.63,0.0,0.0,1.0,36.0,2.0,8.0,
50.0,20250101.0,118.48,0.0,0.0,1.0,36.0,2.0,8.0,
50.0,20231001.0,192.78,0.0,0.0,1.0,21.0,2.0,8.0,
50.0,20220101.0,161.82,0.0,0.0,1.0,0.0,2.0,8.0,
50.0,20230401.0,115.56,0.0,0.0,1.0,15.0,2.0,8.0,
50.0,20230301.0,156.84,0.0,0.0,1.0,14.0,2.0,8.0,
50.0,20250501.0,181.39,0.0,0.0,1.0,40.0,2.0,8.0,
50.0,20230101.0,193.27,0.0,0.0,1.0,12.0,2.0,8.0,
50.0,20240801.0,182.14,0.0,0.0,1.0,31.0,2.0,8.0,
50.0,20241101.0,174.88,0.0,0.0,1.0,34.0,2.0,8.0,
50.0,20220501.0,173.87,0.0,0.0,1.0,4.0,2.0,8.0,
50.0,20241001.0,152.81,0.0,0.0,1.0,33.0,2.0,8.0,
50.0,20240601.0,136.82,0.0,0.0,1.0,29.0,2.0,8.0,
50.0,20250301.0,125.43,0.0,0.0,1.0,38.0,2.0,8.0,
50.0,20230201.0,164.6,0.0,0.0,1.0,13.0,2.0,8.0,
50.0,20240201.0,186.15,0.0,0.0,1.0,25.0,2.0,8.0,
50.0,20230101.0,150.56,0.0,0.0,1.0,12.0,2.0,8.0,
50.0,20240301.0,134.9,0.0,0.0,1.0,26.0,2.0,8.0,
50.0,20220401.0,130.76,0.0,0.0,1.0,3.0,2.0,8.0,
50.0,20220601.0,186.95,0.0,0.0,1.0,5.0,2.0,8.0,
50.0,20241201.0,118.05,0.0,0.0,1.0,35.0,2.0,8.0,
50.0,20230801.0,144.15,0.0,0.0,1.0,19.0,2.0,8.0,
50.0,20240901.0,147.93,0.0,0.0,1.0,32.0,2.0,8.0,
50.0,20231201.0,176.26,0.0,0.0,1.0,23.0,2.0,8.0,
50.0,20221001.0,161.44,0.0,0.0,1.0,9.0,2.0,8.0,
50.0,20240101.0,183.91,0.0,0.0,1.0,24.0,2.0,8.0,
50.0,20230501.0,196.31,0.0,0.0,1.0,16.0,2.0,8.0,
50.0,20250601.0,160.29,0.0,0.0,1.0,41.0,2.0,8.0,
50.0,20230901.0,177.08,0.0,0.0,1.0,20.0,2.0,8.0,
50.0,20240401.0,153.25,0.0,0.0,1.0,27.0,2.0,8.0,
50.0,20231101.0,165.81,0.0,0.0,1.0,22.0,2.0,8.0,
50.0,20250201.0,162.33,0.0,0.0,1.0,37.0,2.0,8.0,
50.0,20230601.0,158.51,0.0,0.0,1.0,17.0,2.0,8.0,
50.0,20250401.0,168.93,0.0,0.0,1.0,39.0,2.0,8.0,
50.0,20221201.0,193.33,0.0,0.0,1.0,11.0,2.0,8.0,
50.0,20220301.0,195.97,0.0,0.0,1.0,1.0,2.0,8.0,
50.0,20221101.0,154.83,0.0,0.0,1.0,10.0,2.0,8.0,
50.0,20220201.0,169.52,0.0,0.0,1.0,1.0,2.0,8.0,
50.0,20240101.0,186.93,0.0,0.0,1.0,24.0,2.0,8.0,
50.0,20240501.0,187.38,0.0,0.0,1.0,28.0,2.0,8.0,
50.0,20220101.0,142.56,0.0,0.0,1.0,0.0,2.0,8.0,
50.0,20220901.0,166.93,0.0,0.0,1.0,8.0,2.0,8.0,
481.0,20220101.0,162.0,0.0,0.0,1.0,0.0,3.0,7.0,
481.0,20220501.0,180.0,0.0,0.0,1.0,4.0,3.0,7.0,
481.0,20220401.0,128.0,0.0,0.0,1.0,3.0,3.0,7.0,
481.0,20220601.0,198.0,0.0,0.0,1.0,5.0,3.0,7.0,
481.0,20221001.0,180.0,0.0,0.0,1.0,9.0,3.0,7.0,
481.0,20221201.0,126.0,0.0,0.0,1.0,11.0,3.0,7.0,
481.0,20220301.0,207.0,0.0,0.0,1.0,1.0,3.0,7.0,
481.0,20221101.0,198.0,0.0,0.0,1.0,10.0,3.0,7.0,
481.0,20220201.0,180.0,0.0,0.0,1.0,1.0,3.0,7.0,
481.0,20220101.0,189.0,0.0,0.0,1.0,0.0,3.0,7.0,
481.0,20220901.0,198.0,0.0,0.0,1.0,8.0,3.0,7.0,
51.0,20250101.0,202.55,0.0,0.0,1.0,36.0,1.0,8.0,
51.0,20250101.0,128.74,0.0,0.0,1.0,36.0,1.0,8.0,
51.0,20231001.0,201.81,0.0,0.0,1.0,21.0,1.0,8.0,
51.0,20220101.0,170.32,0.0,0.0,1.0,0.0,1.0,8.0,
51.0,20230401.0,135.73,0.0,0.0,1.0,15.0,1.0,8.0,
51.0,20230301.0,174.88,0.0,0.0,1.0,14.0,1.0,8.0,
51.0,20250501.0,174.9,0.0,0.0,1.0,40.0,1.0,8.0,
51.0,20230101.0,201.74,0.0,0.0,1.0,12.0,1.0,8.0,
51.0,20240801.0,101.04,0.0,0.0,1.0,31.0,1.0,8.0,
51.0,20241101.0,193.09,0.0,0.0,1.0,34.0,1.0,8.0,
51.0,20220501.0,173.74,0.0,0.0,1.0,4.0,1.0,8.0,
51.0,20241001.0,209.29,0.0,0.0,1.0,33.0,1.0,8.0,
51.0,20240601.0,156.15,0.0,0.0,1.0,29.0,1.0,8.0,
51.0,20250301.0,129.56,0.0,0.0,1.0,38.0,1.0,8.0,
51.0,20230201.0,183.52,0.0,0.0,1.0,13.0,1.0,8.0,
51.0,20240201.0,193.19,0.0,0.0,1.0,25.0,1.0,8.0,
51.0,20230101.0,183.64,0.0,0.0,1.0,12.0,1.0,8.0,
51.0,20240301.0,144.83,0.0,0.0,1.0,26.0,1.0,8.0,
51.0,20220401.0,142.61,0.0,0.0,1.0,3.0,1.0,8.0,
51.0,20220601.0,182.48,0.0,0.0,1.0,5.0,1.0,8.0,
51.0,20241201.0,188.94,0.0,0.0,1.0,35.0,1.0,8.0,
51.0,20230801.0,154.84,0.0,0.0,1.0,19.0,1.0,8.0,
51.0,20240901.0,174.41,0.0,0.0,1.0,32.0,1.0,8.0,
51.0,20231201.0,183.23,0.0,0.0,1.0,23.0,1.0,8.0,
51.0,20221001.0,180.27,0.0,0.0,1.0,9.0,1.0,8.0,
51.0,20240101.0,194.09,0.0,0.0,1.0,24.0,1.0,8.0,
51.0,20230501.0,192.53,0.0,0.0,1.0,16.0,1.0,8.0,
51.0,20250601.0,134.69,0.0,0.0,1.0,41.0,1.0,8.0,
51.0,20230901.0,164.04,0.0,0.0,1.0,20.0,1.0,8.0,
51.0,20240401.0,156.22,0.0,0.0,1.0,27.0,1.0,8.0,
51.0,20231101.0,183.7,0.0,0.0,1.0,22.0,1.0,8.0,
51.0,20250201.0,175.15,0.0,0.0,1.0,37.0,1.0,8.0,
51.0,20230601.0,172.01,0.0,0.0,1.0,17.0,1.0,8.0,
51.0,20250401.0,174.73,0.0,0.0,1.0,39.0,1.0,8.0,
51.0,20221201.0,167.3,0.0,0.0,1.0,11.0,1.0,8.0,
51.0,20220301.0,201.68,0.0,0.0,1.0,1.0,1.0,8.0,
51.0,20221101.0,164.48,0.0,0.0,1.0,10.0,1.0,8.0,
51.0,20220201.0,172.27,0.0,0.0,1.0,1.0,1.0,8.0,
51.0,20240101.0,197.43,0.0,0.0,1.0,24.0,1.0,8.0,
51.0,20240501.0,201.92,0.0,0.0,1.0,28.0,1.0,8.0,
51.0,20220101.0,119.68,0.0,0.0,1.0,0.0,1.0,8.0,
51.0,20220901.0,190.33,0.0,0.0,1.0,8.0,1.0,8.0,
52.0,20250101.0,172.07,0.0,0.0,1.0,36.0,1.0,3.0,
52.0,20250101.0,127.97,0.0,0.0,1.0,36.0,1.0,3.0,
52.0,20231001.0,170.32,0.0,0.0,1.0,21.0,1.0,3.0,
52.0,20220101.0,164.24,0.0,0.0,1.0,0.0,1.0,3.0,
52.0,20230401.0,132.84,0.0,0.0,1.0,15.0,1.0,3.0,
52.0,20230301.0,173.51,0.0,0.0,1.0,14.0,1.0,3.0,
52.0,20250501.0,202.38,0.0,0.0,1.0,40.0,1.0,3.0,
52.0,20230101.0,207.32,0.0,0.0,1.0,12.0,1.0,3.0,
52.0,20240801.0,133.89,0.0,0.0,1.0,31.0,1.0,3.0,
52.0,20241101.0,195.43,0.0,0.0,1.0,34.0,1.0,3.0,
52.0,20220501.0,185.6,0.0,0.0,1.0,4.0,1.0,3.0,
52.0,20241001.0,157.98,0.0,0.0,1.0,33.0,1.0,3.0,
52.0,20240601.0,176.46,0.0,0.0,1.0,29.0,1.0,3.0,
52.0,20250301.0,140.02,0.0,0.0,1.0,38.0,1.0,3.0,
52.0,20230201.0,184.15,0.0,0.0,1.0,13.0,1.0,3.0,
52.0,20240201.0,173.23,0.0,0.0,1.0,25.0,1.0,3.0,
52.0,20230101.0,173.37,0.0,0.0,1.0,12.0,1.0,3.0,
52.0,20240301.0,136.98,0.0,0.0,1.0,26.0,1.0,3.0,
52.0,20220401.0,127.4,0.0,0.0,1.0,3.0,1.0,3.0,
52.0,20220601.0,188.47,0.0,0.0,1.0,5.0,1.0,3.0,
52.0,20241201.0,181.57,0.0,0.0,1.0,35.0,1.0,3.0,
52.0,20230801.0,98.58,0.0,0.0,1.0,19.0,1.0,3.0,
52.0,20240901.0,116.08,0.0,0.0,1.0,32.0,1.0,3.0,
52.0,20231201.0,165.16,0.0,0.0,1.0,23.0,1.0,3.0,
52.0,20221001.0,188.94,0.0,0.0,1.0,9.0,1.0,3.0,
52.0,20240101.0,200.82,0.0,0.0,1.0,24.0,1.0,3.0,
52.0,20230501.0,198.36,0.0,0.0,1.0,16.0,1.0,3.0,
52.0,20250601.0,185.92,0.0,0.0,1.0,41.0,1.0,3.0,
52.0,20230901.0,167.34,0.0,0.0,1.0,20.0,1.0,3.0,
52.0,20240401.0,162.79,0.0,0.0,1.0,27.0,1.0,3.0,
52.0,20231101.0,194.5,0.0,0.0,1.0,22.0,1.0,3.0,
52.0,20250201.0,186.68,0.0,0.0,1.0,37.0,1.0,3.0,
52.0,20230601.0,177.77,0.0,0.0,1.0,17.0,1.0,3.0,
52.0,20250401.0,186.28,0.0,0.0,1.0,39.0,1.0,3.0,
52.0,20221201.0,147.46,0.0,0.0,1.0,11.0,1.0,3.0,
52.0,20220301.0,191.75,0.0,0.0,1.0,1.0,1.0,3.0,
52.0,20221101.0,185.25,0.0,0.0,1.0,10.0,1.0,3.0,
52.0,20220201.0,153.42,0.0,0.0,1.0,1.0,1.0,3.0,
52.0,20240101.0,194.1,0.0,0.0,1.0,24.0,1.0,3.0,
52.0,20240501.0,186.56,0.0,0.0,1.0,28.0,1.0,3.0,
52.0,20220101.0,179.56,0.0,0.0,1.0,0.0,1.0,3.0,
52.0,20220901.0,220.24,0.0,0.0,1.0,8.0,1.0,3.0,
53.0,20250101.0,182.39,0.0,0.0,1.0,36.0,1.0,3.0,
53.0,20250101.0,119.69,0.0,0.0,1.0,36.0,1.0,3.0,
53.0,20231001.0,160.8,0.0,0.0,1.0,21.0,1.0,3.0,
53.0,20220101.0,175.05,0.0,0.0,1.0,0.0,1.0,3.0,
53.0,20230401.0,137.14,0.0,0.0,1.0,15.0,1.0,3.0,
53.0,20230301.0,177.61,0.0,0.0,1.0,14.0,1.0,3.0,
53.0,20250501.0,231.31,0.0,0.0,1.0,40.0,1.0,3.0,
53.0,20230101.0,196.34,0.0,0.0,1.0,12.0,1.0,3.0,
53.0,20240801.0,109.07,0.0,0.0,1.0,31.0,1.0,3.0,
53.0,20241101.0,195.77,0.0,0.0,1.0,34.0,1.0,3.0,
53.0,20220501.0,170.88,0.0,0.0,1.0,4.0,1.0,3.0,
53.0,20241001.0,201.54,0.0,0.0,1.0,33.0,1.0,3.0,
53.0,20240601.0,172.09,0.0,0.0,1.0,29.0,1.0,3.0,
53.0,20250301.0,146.83,0.0,0.0,1.0,38.0,1.0,3.0,
53.0,20230201.0,176.04,0.0,0.0,1.0,13.0,1.0,3.0,
53.0,20240201.0,172.53,0.0,0.0,1.0,25.0,1.0,3.0,
53.0,20230101.0,155.75,0.0,0.0,1.0,12.0,1.0,3.0,
53.0,20240301.0,140.61,0.0,0.0,1.0,26.0,1.0,3.0,
53.0,20220401.0,136.53,0.0,0.0,1.0,3.0,1.0,3.0,
53.0,20220601.0,182.7,0.0,0.0,1.0,5.0,1.0,3.0,
53.0,20241201.0,157.55,0.0,0.0,1.0,35.0,1.0,3.0,
53.0,20230801.0,152.05,0.0,0.0,1.0,19.0,1.0,3.0,
53.0,20240901.0,180.84,0.0,0.0,1.0,32.0,1.0,3.0,
53.0,20231201.0,123.62,0.0,0.0,1.0,23.0,1.0,3.0,
53.0,20221001.0,184.07,0.0,0.0,1.0,9.0,1.0,3.0,
53.0,20240101.0,187.45,0.0,0.0,1.0,24.0,1.0,3.0,
53.0,20230501.0,176.31,0.0,0.0,1.0,16.0,1.0,3.0,
53.0,20250601.0,178.36,0.0,0.0,1.0,41.0,1.0,3.0,
53.0,20230901.0,185.45,0.0,0.0,1.0,20.0,1.0,3.0,
53.0,20240401.0,159.72,0.0,0.0,1.0,27.0,1.0,3.0,
53.0,20231101.0,195.92,0.0,0.0,1.0,22.0,1.0,3.0,
53.0,20250201.0,175.31,0.0,0.0,1.0,37.0,1.0,3.0,
53.0,20230601.0,177.03,0.0,0.0,1.0,17.0,1.0,3.0,
53.0,20250401.0,187.72,0.0,0.0,1.0,39.0,1.0,3.0,
53.0,20221201.0,144.8,0.0,0.0,1.0,11.0,1.0,3.0,
53.0,20220301.0,200.61,0.0,0.0,1.0,1.0,1.0,3.0,
53.0,20221101.0,188.74,0.0,0.0,1.0,10.0,1.0,3.0,
53.0,20220201.0,175.96,0.0,0.0,1.0,1.0,1.0,3.0,
53.0,20240101.0,187.55,0.0,0.0,1.0,24.0,1.0,3.0,
53.0,20240501.0,200.0,0.0,0.0,1.0,28.0,1.0,3.0,
53.0,20220101.0,115.96,0.0,0.0,1.0,0.0,1.0,3.0,
53.0,20220901.0,186.11,0.0,0.0,1.0,8.0,1.0,3.0,
6.0,20250101.0,90.27,0.0,0.0,1.0,36.0,1.0,22.0,
6.0,20250101.0,120.03,0.0,0.0,1.0,36.0,1.0,22.0,
6.0,20231001.0,176.33,0.0,0.0,1.0,21.0,1.0,22.0,
6.0,20220101.0,155.2,0.0,0.0,1.0,0.0,1.0,22.0,
6.0,20230401.0,128.92,0.0,0.0,1.0,15.0,1.0,22.0,
6.0,20230301.0,100.41,0.0,0.0,1.0,14.0,1.0,22.0,
6.0,20250501.0,128.12,0.0,0.0,1.0,40.0,1.0,22.0,
6.0,20230101.0,163.08,0.0,0.0,1.0,12.0,1.0,22.0,
6.0,20240801.0,100.38,0.0,0.0,1.0,31.0,1.0,22.0,
6.0,20241101.0,176.15,0.0,0.0,1.0,34.0,1.0,22.0,
6.0,20220501.0,180.52,0.0,0.0,1.0,4.0,1.0,22.0,
6.0,20241001.0,177.99,0.0,0.0,1.0,33.0,1.0,22.0,
6.0,20240601.0,153.36,0.0,0.0,1.0,29.0,1.0,22.0,
6.0,20250301.0,119.19,0.0,0.0,1.0,38.0,1.0,22.0,
6.0,20230201.0,158.24,0.0,0.0,1.0,13.0,1.0,22.0,
6.0,20240201.0,165.19,0.0,0.0,1.0,25.0,1.0,22.0,
6.0,20230101.0,171.5,0.0,0.0,1.0,12.0,1.0,22.0,
6.0,20240301.0,110.84,0.0,0.0,1.0,26.0,1.0,22.0,
6.0,20220401.0,132.88,0.0,0.0,1.0,3.0,1.0,22.0,
6.0,20220601.0,178.69,0.0,0.0,1.0,5.0,1.0,22.0,
6.0,20241201.0,173.47,0.0,0.0,1.0,35.0,1.0,22.0,
6.0,20230801.0,72.75,0.0,0.0,1.0,19.0,1.0,22.0,
6.0,20240901.0,177.26,0.0,0.0,1.0,32.0,1.0,22.0,
6.0,20231201.0,163.9,0.0,0.0,1.0,23.0,1.0,22.0,
6.0,20221001.0,121.88,0.0,0.0,1.0,9.0,1.0,22.0,
6.0,20240101.0,182.47,0.0,0.0,1.0,24.0,1.0,22.0,
6.0,20230501.0,163.42,0.0,0.0,1.0,16.0,1.0,22.0,
6.0,20250601.0,175.22,0.0,0.0,1.0,41.0,1.0,22.0,
6.0,20230901.0,167.32,0.0,0.0,1.0,20.0,1.0,22.0,
6.0,20240401.0,142.2,0.0,0.0,1.0,27.0,1.0,22.0,
6.0,20231101.0,158.71,0.0,0.0,1.0,22.0,1.0,22.0,
6.0,20250201.0,117.59,0.0,0.0,1.0,37.0,1.0,22.0,
6.0,20230601.0,151.86,0.0,0.0,1.0,17.0,1.0,22.0,
6.0,20250401.0,162.09,0.0,0.0,1.0,39.0,1.0,22.0,
6.0,20221201.0,160.02,0.0,0.0,1.0,11.0,1.0,22.0,
6.0,20220301.0,175.22,0.0,0.0,1.0,1.0,1.0,22.0,
6.0,20221101.0,117.6,0.0,0.0,1.0,10.0,1.0,22.0,
6.0,20220201.0,160.47,0.0,0.0,1.0,1.0,1.0,22.0,
6.0,20240101.0,148.74,0.0,0.0,1.0,24.0,1.0,22.0,
6.0,20240501.0,164.87,0.0,0.0,1.0,28.0,1.0,22.0,
6.0,20220101.0,145.19,0.0,0.0,1.0,0.0,1.0,22.0,
6.0,20220901.0,176.31,0.0,0.0,1.0,8.0,1.0,22.0,
54.0,20250101.0,196.67,0.0,0.0,1.0,36.0,1.0,2.0,
54.0,20250101.0,119.13,0.0,0.0,1.0,36.0,1.0,2.0,
54.0,20231001.0,182.92,0.0,0.0,1.0,21.0,1.0,2.0,
54.0,20220101.0,155.84,0.0,0.0,1.0,0.0,1.0,2.0,
54.0,20230401.0,135.55,0.0,0.0,1.0,15.0,1.0,2.0,
54.0,20230301.0,178.42,0.0,0.0,1.0,14.0,1.0,2.0,
54.0,20250501.0,173.52,0.0,0.0,1.0,40.0,1.0,2.0,
54.0,20230101.0,200.24,0.0,0.0,1.0,12.0,1.0,2.0,
54.0,20240801.0,136.9,0.0,0.0,1.0,31.0,1.0,2.0,
54.0,20241101.0,188.58,0.0,0.0,1.0,34.0,1.0,2.0,
54.0,20220501.0,199.02,0.0,0.0,1.0,4.0,1.0,2.0,
54.0,20241001.0,201.57,0.0,0.0,1.0,33.0,1.0,2.0,
54.0,20240601.0,174.88,0.0,0.0,1.0,29.0,1.0,2.0,
54.0,20250301.0,130.32,0.0,0.0,1.0,38.0,1.0,2.0,
54.0,20230201.0,186.06,0.0,0.0,1.0,13.0,1.0,2.0,
54.0,20240201.0,193.97,0.0,0.0,1.0,25.0,1.0,2.0,
54.0,20230101.0,182.85,0.0,0.0,1.0,12.0,1.0,2.0,
54.0,20240301.0,138.88,0.0,0.0,1.0,26.0,1.0,2.0,
54.0,20220401.0,134.83,0.0,0.0,1.0,3.0,1.0,2.0,
54.0,20220601.0,204.87,0.0,0.0,1.0,5.0,1.0,2.0,
54.0,20241201.0,174.33,0.0,0.0,1.0,35.0,1.0,2.0,
54.0,20230801.0,152.64,0.0,0.0,1.0,19.0,1.0,2.0,
54.0,20240901.0,189.85,0.0,0.0,1.0,32.0,1.0,2.0,
54.0,20231201.0,198.37,0.0,0.0,1.0,23.0,1.0,2.0,
54.0,20221001.0,191.58,0.0,0.0,1.0,9.0,1.0,2.0,
54.0,20240101.0,174.21,0.0,0.0,1.0,24.0,1.0,2.0,
54.0,20230501.0,196.38,0.0,0.0,1.0,16.0,1.0,2.0,
54.0,20250601.0,180.89,0.0,0.0,1.0,41.0,1.0,2.0,
54.0,20230901.0,191.88,0.0,0.0,1.0,20.0,1.0,2.0,
54.0,20240401.0,159.27,0.0,0.0,1.0,27.0,1.0,2.0,
54.0,20231101.0,215.07,0.0,0.0,1.0,22.0,1.0,2.0,
54.0,20250201.0,184.31,0.0,0.0,1.0,37.0,1.0,2.0,
54.0,20230601.0,184.94,0.0,0.0,1.0,17.0,1.0,2.0,
54.0,20250401.0,192.94,0.0,0.0,1.0,39.0,1.0,2.0,
54.0,20221201.0,189.74,0.0,0.0,1.0,11.0,1.0,2.0,
54.0,20220301.0,207.32,0.0,0.0,1.0,1.0,1.0,2.0,
54.0,20221101.0,207.54,0.0,0.0,1.0,10.0,1.0,2.0,
54.0,20220201.0,187.1,0.0,0.0,1.0,1.0,1.0,2.0,
54.0,20240101.0,191.63,0.0,0.0,1.0,24.0,1.0,2.0,
54.0,20240501.0,192.13,0.0,0.0,1.0,28.0,1.0,2.0,
54.0,20220101.0,180.12,0.0,0.0,1.0,0.0,1.0,2.0,
54.0,20220901.0,222.59,0.0,0.0,1.0,8.0,1.0,2.0,
55.0,20250101.0,147.85,0.0,0.0,1.0,36.0,1.0,3.0,
55.0,20250101.0,131.76,0.0,0.0,1.0,36.0,1.0,3.0,
55.0,20231001.0,189.6,0.0,0.0,1.0,21.0,1.0,3.0,
55.0,20220101.0,139.62,0.0,0.0,1.0,0.0,1.0,3.0,
55.0,20230401.0,125.02,0.0,0.0,1.0,15.0,1.0,3.0,
55.0,20230301.0,151.42,0.0,0.0,1.0,14.0,1.0,3.0,
55.0,20250501.0,158.06,0.0,0.0,1.0,40.0,1.0,3.0,
55.0,20230101.0,157.72,0.0,0.0,1.0,12.0,1.0,3.0,
55.0,20240801.0,0.0,0.0,0.0,1.0,31.0,1.0,3.0,
55.0,20241101.0,129.8,0.0,0.0,1.0,34.0,1.0,3.0,
55.0,20220501.0,178.0,0.0,0.0,1.0,4.0,1.0,3.0,
55.0,20241001.0,0.0,0.0,0.0,1.0,33.0,1.0,3.0,
55.0,20240601.0,0.0,0.0,0.0,1.0,29.0,1.0,3.0,
55.0,20250301.0,146.78,0.0,0.0,1.0,38.0,1.0,3.0,
55.0,20230201.0,125.24,0.0,0.0,1.0,13.0,1.0,3.0,
55.0,20240201.0,189.75,0.0,0.0,1.0,25.0,1.0,3.0,
55.0,20230101.0,173.65,0.0,0.0,1.0,12.0,1.0,3.0,
55.0,20240301.0,146.94,0.0,0.0,1.0,26.0,1.0,3.0,
55.0,20220401.0,129.21,0.0,0.0,1.0,3.0,1.0,3.0,
55.0,20220601.0,178.39,0.0,0.0,1.0,5.0,1.0,3.0,
55.0,20241201.0,125.91,0.0,0.0,1.0,35.0,1.0,3.0,
55.0,20230801.0,81.05,0.0,0.0,1.0,19.0,1.0,3.0,
55.0,20240901.0,0.0,0.0,0.0,1.0,32.0,1.0,3.0,
55.0,20231201.0,133.02,0.0,0.0,1.0,23.0,1.0,3.0,
55.0,20221001.0,179.31,0.0,0.0,1.0,9.0,1.0,3.0,
55.0,20240101.0,0.0,0.0,0.0,1.0,24.0,1.0,3.0,
55.0,20230501.0,178.86,0.0,0.0,1.0,16.0,1.0,3.0,
55.0,20250601.0,153.02,0.0,0.0,1.0,41.0,1.0,3.0,
55.0,20230901.0,188.77,0.0,0.0,1.0,20.0,1.0,3.0,
55.0,20240401.0,154.45,0.0,0.0,1.0,27.0,1.0,3.0,
55.0,20231101.0,189.83,0.0,0.0,1.0,22.0,1.0,3.0,
55.0,20250201.0,141.58,0.0,0.0,1.0,37.0,1.0,3.0,
55.0,20230601.0,0.0,0.0,0.0,1.0,17.0,1.0,3.0,
55.0,20250401.0,149.25,0.0,0.0,1.0,39.0,1.0,3.0,
55.0,20221201.0,123.67,0.0,0.0,1.0,11.0,1.0,3.0,
55.0,20220301.0,212.96,0.0,0.0,1.0,1.0,1.0,3.0,
55.0,20221101.0,178.33,0.0,0.0,1.0,10.0,1.0,3.0,
55.0,20220201.0,170.63,0.0,0.0,1.0,1.0,1.0,3.0,
55.0,20240101.0,88.75,0.0,0.0,1.0,24.0,1.0,3.0,
55.0,20240501.0,176.17,0.0,0.0,1.0,28.0,1.0,3.0,
55.0,20220101.0,127.0,0.0,0.0,1.0,0.0,1.0,3.0,
55.0,20220901.0,205.18,0.0,0.0,1.0,8.0,1.0,3.0,
56.0,20250101.0,188.52,0.0,0.0,1.0,36.0,1.0,8.0,
56.0,20250101.0,112.95,0.0,0.0,1.0,36.0,1.0,8.0,
56.0,20231001.0,148.91,0.0,0.0,1.0,21.0,1.0,8.0,
56.0,20220101.0,166.92,0.0,0.0,1.0,0.0,1.0,8.0,
56.0,20230401.0,125.34,0.0,0.0,1.0,15.0,1.0,8.0,
56.0,20230301.0,181.71,0.0,0.0,1.0,14.0,1.0,8.0,
56.0,20250501.0,177.1,0.0,0.0,1.0,40.0,1.0,8.0,
56.0,20230101.0,189.85,0.0,0.0,1.0,12.0,1.0,8.0,
56.0,20240801.0,152.46,0.0,0.0,1.0,31.0,1.0,8.0,
56.0,20241101.0,182.15,0.0,0.0,1.0,34.0,1.0,8.0,
56.0,20220501.0,172.68,0.0,0.0,1.0,4.0,1.0,8.0,
56.0,20241001.0,204.46,0.0,0.0,1.0,33.0,1.0,8.0,
56.0,20240601.0,155.08,0.0,0.0,1.0,29.0,1.0,8.0,
56.0,20250301.0,101.87,0.0,0.0,1.0,38.0,1.0,8.0,
56.0,20230201.0,152.46,0.0,0.0,1.0,13.0,1.0,8.0,
56.0,20240201.0,187.76,0.0,0.0,1.0,25.0,1.0,8.0,
56.0,20230101.0,178.02,0.0,0.0,1.0,12.0,1.0,8.0,
56.0,20240301.0,132.77,0.0,0.0,1.0,26.0,1.0,8.0,
56.0,20220401.0,100.46,0.0,0.0,1.0,3.0,1.0,8.0,
56.0,20220601.0,193.71,0.0,0.0,1.0,5.0,1.0,8.0,
56.0,20241201.0,150.78,0.0,0.0,1.0,35.0,1.0,8.0,
56.0,20230801.0,116.48,0.0,0.0,1.0,19.0,1.0,8.0,
56.0,20240901.0,175.95,0.0,0.0,1.0,32.0,1.0,8.0,
56.0,20231201.0,151.31,0.0,0.0,1.0,23.0,1.0,8.0,
56.0,20221001.0,185.78,0.0,0.0,1.0,9.0,1.0,8.0,
56.0,20240101.0,191.12,0.0,0.0,1.0,24.0,1.0,8.0,
56.0,20230501.0,197.07,0.0,0.0,1.0,16.0,1.0,8.0,
56.0,20250601.0,174.71,0.0,0.0,1.0,41.0,1.0,8.0,
56.0,20230901.0,170.14,0.0,0.0,1.0,20.0,1.0,8.0,
56.0,20240401.0,161.88,0.0,0.0,1.0,27.0,1.0,8.0,
56.0,20231101.0,197.07,0.0,0.0,1.0,22.0,1.0,8.0,
56.0,20250201.0,147.74,0.0,0.0,1.0,37.0,1.0,8.0,
56.0,20230601.0,164.38,0.0,0.0,1.0,17.0,1.0,8.0,
56.0,20250401.0,187.46,0.0,0.0,1.0,39.0,1.0,8.0,
56.0,20221201.0,156.71,0.0,0.0,1.0,11.0,1.0,8.0,
56.0,20220301.0,186.1,0.0,0.0,1.0,1.0,1.0,8.0,
56.0,20221101.0,182.94,0.0,0.0,1.0,10.0,1.0,8.0,
56.0,20220201.0,170.95,0.0,0.0,1.0,1.0,1.0,8.0,
56.0,20240101.0,187.83,0.0,0.0,1.0,24.0,1.0,8.0,
56.0,20240501.0,189.15,0.0,0.0,1.0,28.0,1.0,8.0,
56.0,20220101.0,164.06,0.0,0.0,1.0,0.0,1.0,8.0,
56.0,20220901.0,181.09,0.0,0.0,1.0,8.0,1.0,8.0,
57.0,20250101.0,188.38,0.0,0.0,1.0,36.0,1.0,22.0,
57.0,20250101.0,117.22,0.0,0.0,1.0,36.0,1.0,22.0,
57.0,20231001.0,216.89,0.0,0.0,1.0,21.0,1.0,22.0,
57.0,20220101.0,107.06,0.0,0.0,1.0,0.0,1.0,22.0,
57.0,20230401.0,123.77,0.0,0.0,1.0,15.0,1.0,22.0,
57.0,20230301.0,160.6,0.0,0.0,1.0,14.0,1.0,22.0,
57.0,20250501.0,167.02,0.0,0.0,1.0,40.0,1.0,22.0,
57.0,20230101.0,199.88,0.0,0.0,1.0,12.0,1.0,22.0,
57.0,20240801.0,115.4,0.0,0.0,1.0,31.0,1.0,22.0,
57.0,20241101.0,188.16,0.0,0.0,1.0,34.0,1.0,22.0,
57.0,20220501.0,162.24,0.0,0.0,1.0,4.0,1.0,22.0,
57.0,20241001.0,169.27,0.0,0.0,1.0,33.0,1.0,22.0,
57.0,20240601.0,169.45,0.0,0.0,1.0,29.0,1.0,22.0,
57.0,20250301.0,128.19,0.0,0.0,1.0,38.0,1.0,22.0,
57.0,20230201.0,165.67,0.0,0.0,1.0,13.0,1.0,22.0,
57.0,20240201.0,191.58,0.0,0.0,1.0,25.0,1.0,22.0,
57.0,20230101.0,188.18,0.0,0.0,1.0,12.0,1.0,22.0,
57.0,20240301.0,98.08,0.0,0.0,1.0,26.0,1.0,22.0,
57.0,20220401.0,129.72,0.0,0.0,1.0,3.0,1.0,22.0,
57.0,20220601.0,172.05,0.0,0.0,1.0,5.0,1.0,22.0,
57.0,20241201.0,185.73,0.0,0.0,1.0,35.0,1.0,22.0,
57.0,20230801.0,99.84,0.0,0.0,1.0,19.0,1.0,22.0,
57.0,20240901.0,177.78,0.0,0.0,1.0,32.0,1.0,22.0,
57.0,20231201.0,194.52,0.0,0.0,1.0,23.0,1.0,22.0,
57.0,20221001.0,185.67,0.0,0.0,1.0,9.0,1.0,22.0,
57.0,20240101.0,193.2,0.0,0.0,1.0,24.0,1.0,22.0,
57.0,20230501.0,188.39,0.0,0.0,1.0,16.0,1.0,22.0,
57.0,20250601.0,170.07,0.0,0.0,1.0,41.0,1.0,22.0,
57.0,20230901.0,174.96,0.0,0.0,1.0,20.0,1.0,22.0,
57.0,20240401.0,141.99,0.0,0.0,1.0,27.0,1.0,22.0,
57.0,20231101.0,210.87,0.0,0.0,1.0,22.0,1.0,22.0,
57.0,20250201.0,172.68,0.0,0.0,1.0,37.0,1.0,22.0,
57.0,20230601.0,167.07,0.0,0.0,1.0,17.0,1.0,22.0,
57.0,20250401.0,174.1,0.0,0.0,1.0,39.0,1.0,22.0,
57.0,20221201.0,174.9,0.0,0.0,1.0,11.0,1.0,22.0,
57.0,20220301.0,192.97,0.0,0.0,1.0,1.0,1.0,22.0,
57.0,20221101.0,175.74,0.0,0.0,1.0,10.0,1.0,22.0,
57.0,20220201.0,168.51,0.0,0.0,1.0,1.0,1.0,22.0,
57.0,20240101.0,200.46,0.0,0.0,1.0,24.0,1.0,22.0,
57.0,20240501.0,170.29,0.0,0.0,1.0,28.0,1.0,22.0,
57.0,20220101.0,117.8,0.0,0.0,1.0,0.0,1.0,22.0,
57.0,20220901.0,197.11,0.0,0.0,1.0,8.0,1.0,22.0,
58.0,20250101.0,168.47,0.0,0.0,1.0,36.0,1.0,11.0,
58.0,20250101.0,127.15,0.0,0.0,1.0,36.0,1.0,11.0,
58.0,20231001.0,196.52,0.0,0.0,1.0,21.0,1.0,11.0,
58.0,20220101.0,134.58,0.0,0.0,1.0,0.0,1.0,11.0,
58.0,20230401.0,128.63,0.0,0.0,1.0,15.0,1.0,11.0,
58.0,20230301.0,166.25,0.0,0.0,1.0,14.0,1.0,11.0,
58.0,20250501.0,173.96,0.0,0.0,1.0,40.0,1.0,11.0,
58.0,20230101.0,211.84,0.0,0.0,1.0,12.0,1.0,11.0,
58.0,20240801.0,222.55,0.0,0.0,1.0,31.0,1.0,11.0,
58.0,20241101.0,183.97,0.0,0.0,1.0,34.0,1.0,11.0,
58.0,20220501.0,138.99,0.0,0.0,1.0,4.0,1.0,11.0,
58.0,20241001.0,167.46,0.0,0.0,1.0,33.0,1.0,11.0,
58.0,20240601.0,173.77,0.0,0.0,1.0,29.0,1.0,11.0,
58.0,20250301.0,128.64,0.0,0.0,1.0,38.0,1.0,11.0,
58.0,20230201.0,110.47,0.0,0.0,1.0,13.0,1.0,11.0,
58.0,20240201.0,172.61,0.0,0.0,1.0,25.0,1.0,11.0,
58.0,20230101.0,164.76,0.0,0.0,1.0,12.0,1.0,11.0,
58.0,20240301.0,106.75,0.0,0.0,1.0,26.0,1.0,11.0,
58.0,20220401.0,147.08,0.0,0.0,1.0,3.0,1.0,11.0,
58.0,20220601.0,173.09,0.0,0.0,1.0,5.0,1.0,11.0,
58.0,20241201.0,195.37,0.0,0.0,1.0,35.0,1.0,11.0,
58.0,20230801.0,247.71,0.0,0.0,1.0,19.0,1.0,11.0,
58.0,20240901.0,179.93,0.0,0.0,1.0,32.0,1.0,11.0,
58.0,20231201.0,125.37,0.0,0.0,1.0,23.0,1.0,11.0,
58.0,20221001.0,182.35,0.0,0.0,1.0,9.0,1.0,11.0,
58.0,20240101.0,166.27,0.0,0.0,1.0,24.0,1.0,11.0,
58.0,20230501.0,161.19,0.0,0.0,1.0,16.0,1.0,11.0,
58.0,20250601.0,177.16,0.0,0.0,1.0,41.0,1.0,11.0,
58.0,20230901.0,197.28,0.0,0.0,1.0,20.0,1.0,11.0,
58.0,20240401.0,137.96,0.0,0.0,1.0,27.0,1.0,11.0,
58.0,20231101.0,221.26,0.0,0.0,1.0,22.0,1.0,11.0,
58.0,20250201.0,146.45,0.0,0.0,1.0,37.0,1.0,11.0,
58.0,20230601.0,145.54,0.0,0.0,1.0,17.0,1.0,11.0,
58.0,20250401.0,180.42,0.0,0.0,1.0,39.0,1.0,11.0,
58.0,20221201.0,207.16,0.0,0.0,1.0,11.0,1.0,11.0,
58.0,20220301.0,179.8,0.0,0.0,1.0,1.0,1.0,11.0,
58.0,20221101.0,200.62,0.0,0.0,1.0,10.0,1.0,11.0,
58.0,20220201.0,138.54,0.0,0.0,1.0,1.0,1.0,11.0,
58.0,20240101.0,154.71,0.0,0.0,1.0,24.0,1.0,11.0,
58.0,20240501.0,199.13,0.0,0.0,1.0,28.0,1.0,11.0,
58.0,20220101.0,165.79,0.0,0.0,1.0,0.0,1.0,11.0,
58.0,20220901.0,195.25,0.0,0.0,1.0,8.0,1.0,11.0,
7.0,20250101.0,195.06,0.0,0.0,1.0,36.0,1.0,1.0,
7.0,20250101.0,129.48,0.0,0.0,1.0,36.0,1.0,1.0,
7.0,20231001.0,206.57,0.0,0.0,1.0,21.0,1.0,1.0,
7.0,20220101.0,167.37,0.0,0.0,1.0,0.0,1.0,1.0,
7.0,20230401.0,131.06,0.0,0.0,1.0,15.0,1.0,1.0,
7.0,20230301.0,168.95,0.0,0.0,1.0,14.0,1.0,1.0,
7.0,20250501.0,174.53,0.0,0.0,1.0,40.0,1.0,1.0,
7.0,20230101.0,202.38,0.0,0.0,1.0,12.0,1.0,1.0,
7.0,20240801.0,92.57,0.0,0.0,1.0,31.0,1.0,1.0,
7.0,20241101.0,185.37,0.0,0.0,1.0,34.0,1.0,1.0,
7.0,20220501.0,174.75,0.0,0.0,1.0,4.0,1.0,1.0,
7.0,20241001.0,201.77,0.0,0.0,1.0,33.0,1.0,1.0,
7.0,20240601.0,175.57,0.0,0.0,1.0,29.0,1.0,1.0,
7.0,20250301.0,123.71,0.0,0.0,1.0,38.0,1.0,1.0,
7.0,20230201.0,172.41,0.0,0.0,1.0,13.0,1.0,1.0,
7.0,20240201.0,184.67,0.0,0.0,1.0,25.0,1.0,1.0,
7.0,20230101.0,172.42,0.0,0.0,1.0,12.0,1.0,1.0,
7.0,20240301.0,134.54,0.0,0.0,1.0,26.0,1.0,1.0,
7.0,20220401.0,128.0,0.0,0.0,1.0,3.0,1.0,1.0,
7.0,20220601.0,193.18,0.0,0.0,1.0,5.0,1.0,1.0,
7.0,20241201.0,166.28,0.0,0.0,1.0,35.0,1.0,1.0,
7.0,20230801.0,140.02,0.0,0.0,1.0,19.0,1.0,1.0,
7.0,20240901.0,173.45,0.0,0.0,1.0,32.0,1.0,1.0,
7.0,20231201.0,152.17,0.0,0.0,1.0,23.0,1.0,1.0,
7.0,20221001.0,192.23,0.0,0.0,1.0,9.0,1.0,1.0,
7.0,20240101.0,201.2,0.0,0.0,1.0,24.0,1.0,1.0,
7.0,20230501.0,190.82,0.0,0.0,1.0,16.0,1.0,1.0,
7.0,20250601.0,164.36,0.0,0.0,1.0,41.0,1.0,1.0,
7.0,20230901.0,175.2,0.0,0.0,1.0,20.0,1.0,1.0,
7.0,20240401.0,153.65,0.0,0.0,1.0,27.0,1.0,1.0,
7.0,20231101.0,198.24,0.0,0.0,1.0,22.0,1.0,1.0,
7.0,20250201.0,185.21,0.0,0.0,1.0,37.0,1.0,1.0,
7.0,20230601.0,169.37,0.0,0.0,1.0,17.0,1.0,1.0,
7.0,20250401.0,187.98,0.0,0.0,1.0,39.0,1.0,1.0,
7.0,20221201.0,181.37,0.0,0.0,1.0,11.0,1.0,1.0,
7.0,20220301.0,180.1,0.0,0.0,1.0,1.0,1.0,1.0,
7.0,20221101.0,199.62,0.0,0.0,1.0,10.0,1.0,1.0,
7.0,20220201.0,182.55,0.0,0.0,1.0,1.0,1.0,1.0,
7.0,20240101.0,183.6,0.0,0.0,1.0,24.0,1.0,1.0,
7.0,20240501.0,201.1,0.0,0.0,1.0,28.0,1.0,1.0,
7.0,20220101.0,170.1,0.0,0.0,1.0,0.0,1.0,1.0,
7.0,20220901.0,209.12,0.0,0.0,1.0,8.0,1.0,1.0,
59.0,20250101.0,200.14,0.0,0.0,1.0,36.0,1.0,3.0,
59.0,20250101.0,127.13,0.0,0.0,1.0,36.0,1.0,3.0,
59.0,20231001.0,201.61,0.0,0.0,1.0,21.0,1.0,3.0,
59.0,20220101.0,176.0,0.0,0.0,1.0,0.0,1.0,3.0,
59.0,20230401.0,135.1,0.0,0.0,1.0,15.0,1.0,3.0,
59.0,20230301.0,182.8,0.0,0.0,1.0,14.0,1.0,3.0,
59.0,20250501.0,190.42,0.0,0.0,1.0,40.0,1.0,3.0,
59.0,20230101.0,198.53,0.0,0.0,1.0,12.0,1.0,3.0,
59.0,20240801.0,97.93,0.0,0.0,1.0,31.0,1.0,3.0,
59.0,20241101.0,189.65,0.0,0.0,1.0,34.0,1.0,3.0,
59.0,20220501.0,189.15,0.0,0.0,1.0,4.0,1.0,3.0,
59.0,20241001.0,208.89,0.0,0.0,1.0,33.0,1.0,3.0,
59.0,20240601.0,173.33,0.0,0.0,1.0,29.0,1.0,3.0,
59.0,20250301.0,135.68,0.0,0.0,1.0,38.0,1.0,3.0,
59.0,20230201.0,181.39,0.0,0.0,1.0,13.0,1.0,3.0,
59.0,20240201.0,190.31,0.0,0.0,1.0,25.0,1.0,3.0,
59.0,20230101.0,172.66,0.0,0.0,1.0,12.0,1.0,3.0,
59.0,20240301.0,145.12,0.0,0.0,1.0,26.0,1.0,3.0,
59.0,20220401.0,138.4,0.0,0.0,1.0,3.0,1.0,3.0,
59.0,20220601.0,199.56,0.0,0.0,1.0,5.0,1.0,3.0,
59.0,20241201.0,136.7,0.0,0.0,1.0,35.0,1.0,3.0,
59.0,20230801.0,90.62,0.0,0.0,1.0,19.0,1.0,3.0,
59.0,20240901.0,190.97,0.0,0.0,1.0,32.0,1.0,3.0,
59.0,20231201.0,145.35,0.0,0.0,1.0,23.0,1.0,3.0,
59.0,20221001.0,187.58,0.0,0.0,1.0,9.0,1.0,3.0,
59.0,20240101.0,191.58,0.0,0.0,1.0,24.0,1.0,3.0,
59.0,20230501.0,198.79,0.0,0.0,1.0,16.0,1.0,3.0,
59.0,20250601.0,178.95,0.0,0.0,1.0,41.0,1.0,3.0,
59.0,20230901.0,182.08,0.0,0.0,1.0,20.0,1.0,3.0,
59.0,20240401.0,165.35,0.0,0.0,1.0,27.0,1.0,3.0,
59.0,20231101.0,198.9,0.0,0.0,1.0,22.0,1.0,3.0,
59.0,20250201.0,180.39,0.0,0.0,1.0,37.0,1.0,3.0,
59.0,20230601.0,179.25,0.0,0.0,1.0,17.0,1.0,3.0,
59.0,20250401.0,191.12,0.0,0.0,1.0,39.0,1.0,3.0,
59.0,20221201.0,117.12,0.0,0.0,1.0,11.0,1.0,3.0,
59.0,20220301.0,207.82,0.0,0.0,1.0,1.0,1.0,3.0,
59.0,20221101.0,189.27,0.0,0.0,1.0,10.0,1.0,3.0,
59.0,20220201.0,179.85,0.0,0.0,1.0,1.0,1.0,3.0,
59.0,20240101.0,199.85,0.0,0.0,1.0,24.0,1.0,3.0,
59.0,20240501.0,199.62,0.0,0.0,1.0,28.0,1.0,3.0,
59.0,20220101.0,189.46,0.0,0.0,1.0,0.0,1.0,3.0,
59.0,20220901.0,208.07,0.0,0.0,1.0,8.0,1.0,3.0,
60.0,20250101.0,206.34,0.0,0.0,1.0,36.0,1.0,12.0,
60.0,20250101.0,138.6,0.0,0.0,1.0,36.0,1.0,12.0,
60.0,20231001.0,222.72,0.0,0.0,1.0,21.0,1.0,12.0,
60.0,20220101.0,184.22,0.0,0.0,1.0,0.0,1.0,12.0,
60.0,20230401.0,150.58,0.0,0.0,1.0,15.0,1.0,12.0,
60.0,20230301.0,199.17,0.0,0.0,1.0,14.0,1.0,12.0,
60.0,20250501.0,200.3,0.0,0.0,1.0,40.0,1.0,12.0,
60.0,20230101.0,209.87,0.0,0.0,1.0,12.0,1.0,12.0,
60.0,20240801.0,81.74,0.0,0.0,1.0,31.0,1.0,12.0,
60.0,20241101.0,191.44,0.0,0.0,1.0,34.0,1.0,12.0,
60.0,20220501.0,207.52,0.0,0.0,1.0,4.0,1.0,12.0,
60.0,20241001.0,218.18,0.0,0.0,1.0,33.0,1.0,12.0,
60.0,20240601.0,160.97,0.0,0.0,1.0,29.0,1.0,12.0,
60.0,20250301.0,142.47,0.0,0.0,1.0,38.0,1.0,12.0,
60.0,20230201.0,190.7,0.0,0.0,1.0,13.0,1.0,12.0,
60.0,20240201.0,206.69,0.0,0.0,1.0,25.0,1.0,12.0,
60.0,20230101.0,199.52,0.0,0.0,1.0,12.0,1.0,12.0,
60.0,20240301.0,170.18,0.0,0.0,1.0,26.0,1.0,12.0,
60.0,20220401.0,178.51,0.0,0.0,1.0,3.0,1.0,12.0,
60.0,20220601.0,211.6,0.0,0.0,1.0,5.0,1.0,12.0,
60.0,20241201.0,181.02,0.0,0.0,1.0,35.0,1.0,12.0,
60.0,20230801.0,86.0,0.0,0.0,1.0,19.0,1.0,12.0,
60.0,20240901.0,185.24,0.0,0.0,1.0,32.0,1.0,12.0,
60.0,20231201.0,158.6,0.0,0.0,1.0,23.0,1.0,12.0,
60.0,20221001.0,205.98,0.0,0.0,1.0,9.0,1.0,12.0,
60.0,20240101.0,208.53,0.0,0.0,1.0,24.0,1.0,12.0,
60.0,20230501.0,218.87,0.0,0.0,1.0,16.0,1.0,12.0,
60.0,20250601.0,192.33,0.0,0.0,1.0,41.0,1.0,12.0,
60.0,20230901.0,193.18,0.0,0.0,1.0,20.0,1.0,12.0,
60.0,20240401.0,177.48,0.0,0.0,1.0,27.0,1.0,12.0,
60.0,20231101.0,204.96,0.0,0.0,1.0,22.0,1.0,12.0,
60.0,20250201.0,189.64,0.0,0.0,1.0,37.0,1.0,12.0,
60.0,20230601.0,191.1,0.0,0.0,1.0,17.0,1.0,12.0,
60.0,20250401.0,199.34,0.0,0.0,1.0,39.0,1.0,12.0,
60.0,20221201.0,166.37,0.0,0.0,1.0,11.0,1.0,12.0,
60.0,20220301.0,222.58,0.0,0.0,1.0,1.0,1.0,12.0,
60.0,20221101.0,208.75,0.0,0.0,1.0,10.0,1.0,12.0,
60.0,20220201.0,187.76,0.0,0.0,1.0,1.0,1.0,12.0,
60.0,20240101.0,207.02,0.0,0.0,1.0,24.0,1.0,12.0,
60.0,20240501.0,176.58,0.0,0.0,1.0,28.0,1.0,12.0,
60.0,20220101.0,186.13,0.0,0.0,1.0,0.0,1.0,12.0,
60.0,20220901.0,225.49,0.0,0.0,1.0,8.0,1.0,12.0,
61.0,20250101.0,195.37,0.0,0.0,1.0,36.0,1.0,1.0,
61.0,20250101.0,127.84,0.0,0.0,1.0,36.0,1.0,1.0,
61.0,20231001.0,201.59,0.0,0.0,1.0,21.0,1.0,1.0,
61.0,20220101.0,177.05,0.0,0.0,1.0,0.0,1.0,1.0,
61.0,20230401.0,135.27,0.0,0.0,1.0,15.0,1.0,1.0,
61.0,20230301.0,172.9,0.0,0.0,1.0,14.0,1.0,1.0,
61.0,20250501.0,192.24,0.0,0.0,1.0,40.0,1.0,1.0,
61.0,20230101.0,180.18,0.0,0.0,1.0,12.0,1.0,1.0,
61.0,20240801.0,91.34,0.0,0.0,1.0,31.0,1.0,1.0,
61.0,20241101.0,192.17,0.0,0.0,1.0,34.0,1.0,1.0,
61.0,20220501.0,191.87,0.0,0.0,1.0,4.0,1.0,1.0,
61.0,20241001.0,211.0,0.0,0.0,1.0,33.0,1.0,1.0,
61.0,20240601.0,173.57,0.0,0.0,1.0,29.0,1.0,1.0,
61.0,20250301.0,134.99,0.0,0.0,1.0,38.0,1.0,1.0,
61.0,20230201.0,171.87,0.0,0.0,1.0,13.0,1.0,1.0,
61.0,20240201.0,191.25,0.0,0.0,1.0,25.0,1.0,1.0,
61.0,20230101.0,182.13,0.0,0.0,1.0,12.0,1.0,1.0,
61.0,20240301.0,140.94,0.0,0.0,1.0,26.0,1.0,1.0,
61.0,20220401.0,140.91,0.0,0.0,1.0,3.0,1.0,1.0,
61.0,20220601.0,200.06,0.0,0.0,1.0,5.0,1.0,1.0,
61.0,20241201.0,136.01,0.0,0.0,1.0,35.0,1.0,1.0,
61.0,20230801.0,81.86,0.0,0.0,1.0,19.0,1.0,1.0,
61.0,20240901.0,192.12,0.0,0.0,1.0,32.0,1.0,1.0,
61.0,20231201.0,152.71,0.0,0.0,1.0,23.0,1.0,1.0,
61.0,20221001.0,187.43,0.0,0.0,1.0,9.0,1.0,1.0,
61.0,20240101.0,201.57,0.0,0.0,1.0,24.0,1.0,1.0,
61.0,20230501.0,182.61,0.0,0.0,1.0,16.0,1.0,1.0,
61.0,20250601.0,179.67,0.0,0.0,1.0,41.0,1.0,1.0,
61.0,20230901.0,182.35,0.0,0.0,1.0,20.0,1.0,1.0,
61.0,20240401.0,165.05,0.0,0.0,1.0,27.0,1.0,1.0,
61.0,20231101.0,201.42,0.0,0.0,1.0,22.0,1.0,1.0,
61.0,20250201.0,182.32,0.0,0.0,1.0,37.0,1.0,1.0,
61.0,20230601.0,180.36,0.0,0.0,1.0,17.0,1.0,1.0,
61.0,20250401.0,187.15,0.0,0.0,1.0,39.0,1.0,1.0,
61.0,20221201.0,180.84,0.0,0.0,1.0,11.0,1.0,1.0,
61.0,20220301.0,202.62,0.0,0.0,1.0,1.0,1.0,1.0,
61.0,20221101.0,196.33,0.0,0.0,1.0,10.0,1.0,1.0,
61.0,20220201.0,165.43,0.0,0.0,1.0,1.0,1.0,1.0,
61.0,20240101.0,200.6,0.0,0.0,1.0,24.0,1.0,1.0,
61.0,20240501.0,200.08,0.0,0.0,1.0,28.0,1.0,1.0,
61.0,20220101.0,145.55,0.0,0.0,1.0,0.0,1.0,1.0,
61.0,20220901.0,209.85,0.0,0.0,1.0,8.0,1.0,1.0,
,,,,,,,,,
,,,,,,,,,Mat.
,,,,,,,,,7
,,,,,,,,,13
,,,,,,,,,41
,,,,,,,,,42
,,,,,,,,,75
,,,,,,,,,86
,,,,,,,,,96
,,,,,,,,,107
,,,,,,,,,112
,,,,,,,,,120
,,,,,,,,,210
,,,,,,,,,221
,,,,,,,,,230
,,,,,,,,,259
,,,,,,,,,283
,,,,,,,,,294
,,,,,,,,,300
,,,,,,,,,303
,,,,,,,,,304
,,,,,,,,,307
,,,,,,,,,327
,,,,,,,,,329
,,,,,,,,,332
,,,,,,,,,361
,,,,,,,,,372
,,,,,,,,,386
,,,,,,,,,396
,,,,,,,,,399
,,,,,,,,,417
,,,,,,,,,419
,,,,,,,,,420
,,,,,,,,,421
,,,,,,,,,453
,,,,,,,,,469
,,,,,,,,,480
,,,,,,,,,482
,,,,,,,,,514
,,,,,,,,,530
,,,,,,,,,574
,,,,,,,,,621
,,,,,,,,,676
,,,,,,,,,677
,,,,,,,,,712
,,,,,,,,,717
,,,,,,,,,718
,,,,,,,,,759
,,,,,,,,,804
,,,,,,,,,817
,,,,,,,,,832
,,,,,,,,,833
,,,,,,,,,851
,,,,,,,,,856
,,,,,,,,,859
,,,,,,,,,895
,,,,,,,,,902
,,,,,,,,,927
,,,,,,,,,954
,,,,,,,,,957
,,,,,,,,,961
,,,,,,,,,964
,,,,,,,,,966
,,,,,,,,,1004
,,,,,,,,,1010
,,,,,,,,,1030
,,,,,,,,,1033
,,,,,,,,,1045
,,,,,,,,,1046
,,,,,,,,,1065
,,,,,,,,,1077
,,,,,,,,,1089
,,,,,,,,,1105
,,,,,,,,,1120
,,,,,,,,,1121
,,,,,,,,,1127
,,,,,,,,,1129
,,,,,,,,,1135
,,,,,,,,,1137
,,,,,,,,,1141
,,,,,,,,,1160
,,,,,,,,,1181
,,,,,,,,,1198
,,,,,,,,,1204
,,,,,,,,,1207
,,,,,,,,,1224
,,,,,,,,,1240
,,,,,,,,,1250
,,,,,,,,,1253
,,,,,,,,,1272
,,,,,,,,,1276
,,,,,,,,,1279
,,,,,,,,,1286
,,,,,,,,,1293
,,,,,,,,,1311
,,,,,,,,,1317
,,,,,,,,,1319
,,,,,,,,,1334
,,,,,,,,,1336
,,,,,,,,,1351
,,,,,,,,,1354
,,,,,,,,,1355
,,,,,,,,,1379
,,,,,,,,,1385
,,,,,,,,,1392
,,,,,,,,,1448
,,,,,,,,,1458
,,,,,,,,,1461
,,,,,,,,,1465
,,,,,,,,,1473
,,,,,,,,,1476
,,,,,,,,,1479
,,,,,,,,,1493
,,,,,,,,,1502
,,,,,,,,,1549
,,,,,,,,,1551
,,,,,,,,,1552
,,,,,,,,,1553
,,,,,,,,,1556
,,,,,,,,,1561
,,,,,,,,,1575
,,,,,,,,,1579
,,,,,,,,,1595
,,,,,,,,,1600
,,,,,,,,,1619
,,,,,,,,,1620
,,,,,,,,,1625
,,,,,,,,,1634
,,,,,,,,,1655
,,,,,,,,,1660
,,,,,,,,,1671
,,,,,,,,,1672
,,,,,,,,,1681
,,,,,,,,,1690
,,,,,,,,,1706
,,,,,,,,,1708
,,,,,,,,,1710
,,,,,,,,,1712
,,,,,,,,,1715
,,,,,,,,,1737
,,,,,,,,,1742
,,,,,,,,,1743
,,,,,,,,,1745
,,,,,,,,,1753
,,,,,,,,,1765
,,,,,,,,,1770
,,,,,,,,,1780
,,,,,,,,,1793
,,,,,,,,,1796
,,,,,,,,,1810
,,,,,,,,,1814
,,,,,,,,,1816
,,,,,,,,,1823
,,,,,,,,,1832
,,,,,,,,,1833
,,,,,,,,,1836
,,,,,,,,,1859
,,,,,,,,,1868
,,,,,,,,,1871
,,,,,,,,,1882
,,,,,,,,,1895
,,,,,,,,,1900
,,,,,,,,,1937
,,,,,,,,,1952
,,,,,,,,,1981
,,,,,,,,,1987
,,,,,,,,,1989
,,,,,,,,,2042
,,,,,,,,,2096
,,,,,,,,,2100
,,,,,,,,,2125
,,,,,,,,,2141
,,,,,,,,,2154
,,,,,,,,,2155
,,,,,,,,,2174
,,,,,,,,,2213
,,,,,,,,,2225
,,,,,,,,,2244
,,,,,,,,,2250
,,,,,,,,,2264
,,,,,,,,,2268
,,,,,,,,,2297
,,,,,,,,,2302
,,,,,,,,,2315
,,,,,,,,,2325
,,,,,,,,,2328
,,,,,,,,,2341
,,,,,,,,,2343
,,,,,,,,,2345
,,,,,,,,,2351
,,,,,,,,,2353
,,,,,,,,,2356
,,,,,,,,,2368
,,,,,,,,,2375
,,,,,,,,,2377
,,,,,,,,,2380
,,,,,,,,,2385
,,,,,,,,,2390
,,,,,,,,,2394
,,,,,,,,,2402
,,,,,,,,,2419
,,,,,,,,,2422
,,,,,,,,,2428
,,,,,,,,,2447
,,,,,,,,,2452
,,,,,,,,,2455
,,,,,,,,,2459
,,,,,,,,,2467
,,,,,,,,,2470
,,,,,,,,,2474
,,,,,,,,,2481
,,,,,,,,,2487
,,,,,,,,,2495
,,,,,,,,,2496
,,,,,,,,,2517
,,,,,,,,,2521
,,,,,,,,,2522
,,,,,,,,,2525
,,,,,,,,,2528
,,,,,,,,,2530
,,,,,,,,,2536
,,,,,,,,,2551
,,,,,,,,,2555
,,,,,,,,,2564
,,,,,,,,,2565
,,,,,,,,,2596
,,,,,,,,,2601
,,,,,,,,,2614
,,,,,,,,,2629
,,,,,,,,,2646
,,,,,,,,,2662
,,,,,,,,,2665
,,,,,,,,,2669
,,,,,,,,,2670
,,,,,,,,,2673
,,,,,,,,,2675
,,,,,,,,,2679
,,,,,,,,,2683
,,,,,,,,,2687
,,,,,,,,,2691
,,,,,,,,,2694
,,,,,,,,,2697
,,,,,,,,,2706
,,,,,,,,,2714
,,,,,,,,,2715
,,,,,,,,,2730
,,,,,,,,,2732
,,,,,,,,,2738
,,,,,,,,,2751
,,,,,,,,,2753
,,,,,,,,,2754
,,,,,,,,,2756
,,,,,,,,,2768
,,,,,,,,,2772
,,,,,,,,,2773
,,,,,,,,,2780
,,,,,,,,,2795
,,,,,,,,,2802
,,,,,,,,,2803
,,,,,,,,,2805
,,,,,,,,,2807
,,,,,,,,,2808
,,,,,,,,,2810
,,,,,,,,,2816
,,,,,,,,,2826
,,,,,,,,,2827
,,,,,,,,,2828
,,,,,,,,,2829
,,,,,,,,,2831
,,,,,,,,,2832
,,,,,,,,,2833
,,,,,,,,,2836
,,,,,,,,,2840
,,,,,,,,,2841
,,,,,,,,,2842
,,,,,,,,,2845
,,,,,,,,,2847
,,,,,,,,,2849
,,,,,,,,,2850
,,,,,,,,,2851
,,,,,,,,,2853
,,,,,,,,,2854
,,,,,,,,,2865
,,,,,,,,,2866
,,,,,,,,,2867
,,,,,,,,,2873
,,,,,,,,,2890
,,,,,,,,,2900
,,,,,,,,,2902
,,,,,,,,,2904
,,,,,,,,,2906
,,,,,,,,,2917
,,,,,,,,,2918
,,,,,,,,,2926
,,,,,,,,,2927
,,,,,,,,,2931
,,,,,,,,,2935
,,,,,,,,,2939
,,,,,,,,,2940
,,,,,,,,,2942
,,,,,,,,,2944
,,,,,,,,,2945
,,,,,,,,,2946
,,,,,,,,,2947
,,,,,,,,,2949
,,,,,,,,,2951
,,,,,,,,,2953
,,,,,,,,,2954
,,,,,,,,,2955
,,,,,,,,,2956
,,,,,,,,,2957
,,,,,,,,,2958
,,,,,,,,,2959
,,,,,,,,,2961
,,,,,,,,,2968
,,,,,,,,,2969
,,,,,,,,,2971
,,,,,,,,,2975
,,,,,,,,,2976
,,,,,,,,,2979
,,,,,,,,,2985
,,,,,,,,,2986
,,,,,,,,,2990
,,,,,,,,,2991
,,,,,,,,,2992
,,,,,,,,,2993
,,,,,,,,,2994
,,,,,,,,,2995
,,,,,,,,,2996
,,,,,,,,,3004
,,,,,,,,,3006
,,,,,,,,,3020
,,,,,,,,,3022
,,,,,,,,,3023
,,,,,,,,,3028
,,,,,,,,,3029
,,,,,,,,,3030
,,,,,,,,,3034
,,,,,,,,,3036
,,,,,,,,,3037
,,,,,,,,,3039
,,,,,,,,,3040
,,,,,,,,,3043
,,,,,,,,,3044
,,,,,,,,,3045
,,,,,,,,,3046
,,,,,,,,,3048
,,,,,,,,,3050
,,,,,,,,,3051
,,,,,,,,,3052
,,,,,,,,,3053
,,,,,,,,,3055
,,,,,,,,,3056
,,,,,,,,,3058
,,,,,,,,,3066
,,,,,,,,,3067
,,,,,,,,,3068
,,,,,,,,,3069
,,,,,,,,,3070
,,,,,,,,,3073
,,,,,,,,,3074
,,,,,,,,,3076
,,,,,,,,,3079
,,,,,,,,,20002
,,,,,,,,,20010
,,,,,,,,,20025
,,,,,,,,,20034
,,,,,,,,,20036
,,,,,,,,,20039
,,,,,,,,,20042
,,,,,,,,,20043
,,,,,,,,,20044
,,,,,,,,,20045
,,,,,,,,,20049
,,,,,,,,,20050
,,,,,,,,,20051
,,,,,,,,,20053
,,,,,,,,,20055
,,,,,,,,,20056
